time,T_Bi_0p00,J_tau_q_Bi_0p00,J_kappa2_Bi_0p00,J_Bi_Bi_0p00,T_Bi_0p05,J_tau_q_Bi_0p05,J_kappa2_Bi_0p05,J_Bi_Bi_0p05,T_Bi_0p20,J_tau_q_Bi_0p20,J_kappa2_Bi_0p20,J_Bi_Bi_0p20
0.01,7.101119412767739e-15,-8.985079559340594e-12,8.985077580594834e-12,-2.3908410609787427e-16,7.089177168941552e-15,-8.969978025688455e-12,8.969976224780342e-12,-2.384821589999416e-16,7.0535274048487254e-15,-8.924897382546558e-12,8.924895219761324e-12,-2.367909758382612e-16
0.02,4.0166961992528084e-08,-2.70390772481078e-05,2.703907404283421e-05,-2.573019281027157e-09,4.003861209690809e-08,-2.695319060229102e-05,2.6953187401604977e-05,-2.5609908659134525e-09,3.965714563419198e-08,-2.669791168489113e-05,2.6697908516554463e-05,-2.5253385806361484e-09
0.03,1.6640597955179698e-05,-0.0074497127773814715,0.0074497122443605785,-1.5163032660795836e-06,1.6565033505957098e-05,-0.007416229693549334,0.007416229162886581,-1.5062880535433342e-06,1.634131515716012e-05,-0.007317082240341196,0.007317081716726603,-1.476749744285465e-06
0.04,0.00045235495636290215,-0.14612985064239975,0.14612984402460588,-5.2813790862339664e-05,0.0004497253817313546,-0.14529031940183945,0.14529031282170804,-5.2369955681058615e-05,0.0004419681483162257,-0.1428130310369036,0.14281302456889225,-5.106688774647073e-05
0.05,0.0036079729798763633,-0.8655339678071033,0.8655339438225997,-0.0005138706945639199,0.003582410331065449,-0.8594536792390056,0.8594536554234208,-0.0005086461524108493,0.003507266239232201,-0.8415739105236112,0.8415738872019888,-0.0004933746788177672
0.060000000000000005,0.014465643380139876,-2.58089338585777,2.5808933476821436,-0.002448193520653008,0.014343967582291294,-2.559150472231097,2.559150434431473,-0.002418910529169982,0.01398757123261609,-2.495443640565184,2.4954436046728876,-0.0023336918118874866
0.06999999999999999,0.03770080521886743,-4.9479178925657115,4.947917866473735,-0.007451556259530089,0.0373308080771772,-4.898402774277179,4.898402748542557,-0.007348620754271672,0.03625107732293449,-4.75388402925228,4.753884003850724,-0.007050395243665685
0.08,0.07425477358755928,-7.08215033785181,7.082150346081338,-0.01687984279574728,0.07341743279672862,-6.9986399154030305,6.998639923670723,-0.016614640765966193,0.07098316886698841,-6.755901199907015,6.755901204004432,-0.015849759325142765
0.09,0.12162191461910228,-8.344127794081277,8.344127835100549,-0.031337241435114294,0.12006890753156271,-8.229069988593267,8.229070029196205,-0.030785026912394372,0.11557137322980138,-7.896065961413705,7.896066006103651,-0.02919954438899974
0.09999999999999999,0.17600567972565762,-8.599593608264732,8.599593664324056,-0.05072375608150547,0.17349434361021515,-8.461680805739444,8.461680861326924,-0.04973362258964275,0.16624913502593686,-8.064291004673816,8.064291063994421,-0.046903465292930095
0.11,0.23384420094090372,-8.039533109509277,8.039533161668942,-0.07451107117140143,0.23015866771848398,-7.889876257813343,7.8898763089738075,-0.07291718214785803,0.21956578792179376,-7.460591739137655,7.460591793920223,-0.068381168345788
0.12,0.2923791825407861,-6.958015753344426,6.958015789634841,-0.10198971817088064,0.2873391992475277,-6.8072551868969535,6.807255222368579,-0.09962076741309998,0.27290675138760395,-6.3767868829639465,6.376786915646137,-0.09290779018067406
0.13,0.3496967600100015,-5.624427051209579,5.624427068001702,-0.13242439922400706,0.3431588070922529,-5.481228313536367,5.48122832982889,-0.1291104950618127,0.3245043587037624,-5.074248811715031,5.074248829062266,-0.11975889806087324
0.14,0.40457742332927515,-4.237699878797962,4.237699878256728,-0.1651337950714371,0.39643190077426244,-4.10829859967543,4.108298598953785,-0.1607110322487948,0.3732727471294123,-3.742251829974563,3.742251822896891,-0.14828098479496843
0.15000000000000002,0.4563143971015394,-2.9242843467142117,2.92428433361358,-0.19952328322303534,0.44648121977193134,-2.81262772658386,2.8126277132334283,-0.193836495115951,0.41862040671620027,-2.4982546725504924,2.4982546505125653,-0.17791720939575037
0.16,0.5045571996542269,-1.7528030175906204,1.7528029973568058,-0.23509208537664247,0.4929810675202266,-1.6609520989280255,1.6609520789162555,-0.2279963222828751,0.46029281435158786,-1.4035395377726132,1.4035395039385665,-0.20820956145861655
0.17,0.5491925994117908,-0.7516064730594961,0.7516064501611462,-0.27142804210900096,0.53583855087026,-0.6801976396575425,0.6801976173420597,-0.2627891852458042,0.4982547739148638,-0.48096920332585386,0.4809691750429223,-0.2387902898193239
0.18000000000000002,0.5902594025737896,0.07625427866919664,-0.07625430076263483,-0.30819733963793894,0.5751088957983482,0.12758562753512057,-0.12758564943426973,-0.2978921164187298,0.5326074776244619,0.27021622031608844,-0.27021625717549286,-0.2693694556160642
0.19,0.627889587407823,0.7420057437090842,-0.742005763276765,-0.345132953749605,0.6109371684569744,0.7742809072230904,-0.7742809260691262,-0.33304867070871325,0.5635320865145046,0.8637008085121688,-0.8637008211687113,-0.29972230419228474
0.2,0.6622686074756418,1.2637559179684563,-1.2637559339001567,-0.3820236008533761,0.6435191362470155,1.2783901124635564,-1.2783901279789232,-0.3680575367592808,0.5912523223248076,1.3190261048401373,-1.3190261171081017,-0.3296771547894872
0.21000000000000002,0.6936091440518446,1.661894222376725,-1.6618942345614227,-0.41870392768483805,0.6730755137045348,1.6605071493092092,-1.66050716116084,-0.4027627612201989,0.6160102235986806,1.6572881816612204,-1.6572882055032598,-0.3591054704737972
0.22,0.7221340927031255,1.956450552897948,-1.956450561529932,-0.4550461410124384,0.6998353690492349,1.9407360468404187,-1.9407360551670914,-0.43704519410159287,0.6380508242016039,1.8987268686210255,-1.8987268870507277,-0.3879132916162486
0.23,0.7480657992934536,2.1657374079386833,-2.1657374134897984,-0.490953024789853,0.7240257097534852,2.137379115474402,-2.1373791208034727,-0.4708155677657366,0.6576127886234053,2.0615436596149723,-2.061543662057463,-0.4160341459252814
0.24000000000000002,0.7716194786258462,2.305784054607018,-2.3057840576601314,-0.5263521891563094,0.7458651885101943,2.266402428341418,-2.266402431283509,-0.5040087472707455,0.674922974150975,2.1614617942422583,-2.1614618015419746,-0.44342347967907253
0.25,0.7929994038406296,2.3902294340183423,-2.390229435267343,-0.5611913677538993,0.7655605272007792,2.3413504009472947,-2.3413504018909843,-0.5365790054057129,0.6901935488016848,2.2117053339598676,-2.211705337984426,-0.47005404718303273
0.26,0.812396910642463,2.4304590672263866,-2.4304590669765864,-0.5954345830505581,0.783304712041307,2.373498939028939,-2.3734989386681167,-0.5684962741447919,0.7036207473442309,2.2231933249072795,-2.2231933279881484,-0.49591227464507165
0.27,0.8299895733574705,2.4358541709512678,-2.4358541697855336,-0.6290590207180813,0.7992763249706855,2.372113790893859,-2.372113789728125,-0.5997430403081871,0.7153846557414814,2.2048255734208317,-2.2048255725326533,-0.5209953150786539
0.28,0.8459411228108504,2.414075965628814,-2.4140759638524574,-0.6620524810596606,0.8136395880434888,2.3447407290766438,-2.3447407274113092,-0.6303118192940715,0.7256496218283527,2.1637893624359967,-2.1637893576620377,-0.5453086347612102
0.29000000000000004,0.8604018200940695,2.371343904961076,-2.37134390274063,-0.6944112925344469,0.8265448404596518,2.297487513291951,-2.2974875112380384,-0.6602031308644563,0.7345650289770247,2.105850506195494,-2.1058505034754478,-0.5688641558920793
0.3,0.8735090974220119,2.3126872615852885,-2.3126872593093313,-0.7261386020585013,0.8381292639234775,2.2352776612999388,-2.235277659190515,-0.6894238216537117,0.7422662621683581,2.035611483153232,-2.03561148040543,-0.5916786844029076
0.31,0.885388342502693,2.242162461418839,-2.242162459059615,-0.7572429703173177,0.8485177363430403,2.1620683397782776,-2.1620683376410983,-0.717985695308787,0.7488757574028547,1.956731548874435,-1.956731551622237,-0.613772695229331
0.32,0.8961537465286868,2.1630356588364648,-2.163035656477241,-0.7877372117714997,0.8578237368384776,2.0810331611553763,-2.0810331589904414,-0.7459043958490951,0.7545040660803439,1.8721102828245237,-1.8721102752750072,-0.6351693188522134
0.33,0.9059091650420898,2.0779329619746707,-2.0779329597542247,-0.817637437799945,0.8661502535857566,1.9947128576669468,-1.9947128558073233,-0.7731984830949833,0.7592508927389227,1.784036478380546,-1.7840364694710062,-0.6558935192163551
0.34,0.9147489602844618,1.9889626044489181,-1.9889626023394944,-0.8469622654216912,0.8735906649174303,1.9051366226541242,-1.9051366208500118,-0.7998886815130389,0.7632060820268648,1.6943090494214716,-1.694309041816444,-0.6759714757914592
0.35000000000000003,0.9227588064299287,1.8978136245573205,-1.897813622503408,-0.8757321610874945,0.8802295765287275,1.81392044815154,-1.8139204453759825,-0.8259972322233188,0.7664505421129351,1.604335152227687,-1.6043351404870785,-0.695430041669498
0.36000000000000004,0.9300164474864071,1.805835146251322,-1.8058351443916985,-0.9039688983247806,0.886143605746557,1.7223472087990463,-1.7223472074112676,-0.8515474190340376,0.7690570989721734,1.5152057317724397,-1.5152057483980295,-0.7142962664546947
0.37,0.9365924030559986,1.7140998069820055,-1.714099805316671,-0.931695112149633,0.891402108984123,1.6314281244544924,-1.6314281231499803,-0.8765631296703268,0.7710912805033845,1.427758687527758,-1.4277586805055973,-0.7325971907445882
0.38,0.9425506206613886,1.623455227833803,-1.623455226196224,-0.9589339257209949,0.8960678518649009,1.5419545106032382,-1.5419545095207707,-0.9010684838162141,0.7726120322306304,1.34262909395888,-1.3426290805251815,-0.7503594611102392
0.39,0.9479490754211526,1.5345647718656428,-1.5345647704223528,-0.9857086523457069,0.9001976234362361,1.4545393023923656,-1.4545393012266314,-0.9250876226385428,0.7736723679070857,1.26028638891551,-1.2602863888599989,-0.7676091157760022
0.4,0.9528403192280102,1.447941164633981,-1.4479411632184467,-1.0120425441462189,0.9038427971364087,1.3696477490776624,-1.3696477482172396,-0.9486444074280341,0.7743199591939163,1.1810693157365824,-1.1810693028302397,-0.7843716157335255
0.41000000000000003,0.9572719822584014,1.3639733070225366,-1.3639733057180246,-1.0379585945519132,0.9070498417810404,1.2876269350758915,-1.2876269339656685,-0.9717623032035049,0.7745976690051826,1.1052091511420945,-1.1052091465624245,-0.8006713937025455
0.42000000000000004,0.9612872299955713,1.2829483436727072,-1.2829483426457509,-1.0634793780717189,0.9098607861302714,1.2087259416149185,-1.208725939422228,-0.9944642014758641,0.7745440330873397,1.03285166019873,-1.0328516858171264,-0.8165321382924694
0.43,0.96492517910665,1.205069934812064,-1.2050699335908186,-1.0886269210530486,0.9123136406603687,1.1331137631520602,-1.1331137627634822,-1.0167723206944146,0.7741936944070187,0.9640745985972642,-0.9640745863848109,-0.8319764114722571
0.44,0.9682212754332897,1.1304729980177173,-1.130472996990761,-1.1134226058251429,0.9144427800703394,1.060893741189339,-1.0608937406342276,-1.03870811085649,0.7735777945869755,0.898899485846094,-0.8988994789349557,-0.8470258332671231
0.45,0.9712076372812926,1.0592361658900982,-1.0592361650296753,-1.1378870948597353,0.916279289934782,0.9921174285443256,-0.9921174281835031,-1.0602922379865376,0.7727243264397827,0.8373059321997721,-0.8373059360855527,-0.8617009652545081
0.46,0.9739133669868901,0.9913920787918417,-0.9913920780146855,-1.1620402764811466,0.9178512806592573,0.9267921972089254,-0.9267921965705471,-1.0815444909550997,0.7716584513132443,0.7792375243398374,-0.7792375475990098,-0.8760213364905621
0.47000000000000003,0.976364833585227,0.926935971506948,-0.9269359708963253,-1.1859012273851555,0.919184171720661,0.8648919689879796,-0.8648919683773569,-1.102483777160046,0.7704027846466076,0.7246132234239865,-0.7246132124327785,-0.8900053878851953
0.48000000000000004,0.9785859291511008,0.8658328952138027,-0.8658328944921577,-1.2094881889135323,0.9203009489125363,0.8063618449349884,-0.8063618442133434,-1.1231281165535734,0.7689776528723729,0.6733296077365835,-0.6733295999095111,-0.9036705636233932
0.49,0.9805983012301753,0.8080237482444018,-0.8080237476337792,-1.2328185554633109,0.9212223971134623,0.7511261839454607,-0.7511261833070825,-1.1434946259325507,0.7674013244770475,0.6252702023923361,-0.625270190235394,-0.9170333329922008
0.5,0.9824215635281575,0.7534303737011249,-0.7534303731737689,-1.2559088721664224,0.9219673108641533,0.6990916310845029,-0.6990916305293914,-1.1635995397774046,0.7656902178105871,0.5803058464870502,-0.5803058389930448,-0.9301091464297694
0.51,0.9840734868890331,0.7019598132484982,-0.7019598127766534,-1.2787748410625355,0.9225526848498803,0.6501529634106439,-0.6501529632441104,-1.1834582096637014,0.7638590879404682,0.5383019315297054,-0.5383019207882976,-0.9429125680415761
0.52,0.9855701723647495,0.6535079125902231,-0.6535079122294006,-1.3014313328008065,0.9229938861841522,0.6041946671309083,-0.6041946669088637,-1.2030851378463936,0.7619211946761911,0.49911748156716834,-0.4991175044932738,-0.9554572119041537
0.53,0.986926208068573,0.6079623122434706,-0.607962311827137,-1.3238924048142309,0.9233048102275981,0.5610955837176411,-0.5610955838009078,-1.2224939863192397,0.7598884536264778,0.46261161054661487,-0.46261161509852927,-0.9677558604453961
0.54,0.9881548112971947,0.5652050045212852,-0.5652050041882183,-1.3461713220142002,0.9234980214986652,0.5207292306519394,-0.5207292305686727,-1.2416976211460096,0.7577715720214997,0.4286409300002791,-0.4286409249765199,-0.9798204921807051
0.55,0.9892679573287184,0.5251143120887923,-0.5251143117557254,-1.3682805832027076,0.9235848811134405,0.48296815680082256,-0.48296815599591086,-1.2607081122273378,0.7555801708106352,0.397065629015314,-0.39706561816288394,-0.9916622712935473
0.56,0.990276496111342,0.4875668374593189,-0.4875668370984964,-1.390231945330722,0.923575662014976,0.44768336013301097,-0.4476833600774998,-1.2795368079521197,0.7533228944402122,0.3677463247253598,-0.3677463539519809,-1.0032916277241677
0.5700000000000001,0.9911902580066199,0.4524387515192351,-0.45243875113065707,-1.4120364542735684,0.9234796531878509,0.41474762985105323,-0.41474762985105323,-1.298194338472669,0.751007509532601,0.34054912956271716,-0.34054912978476176,-1.0147182742781258
0.5800000000000001,0.9920181495892615,0.41960697949594555,-0.41960697913512307,-1.4337044747625425,0.923305253881538,0.38403375235418474,-0.38403375168805093,-1.3166906268846645,0.7486409936015529,0.3153426152979754,-0.31534260389043384,-1.0259513618715577
0.59,0.9927682404601297,0.3889502060150373,-0.38895020576523714,-1.4552457200056599,0.9230600588304012,0.35541905216152075,-0.3554190521060096,-1.3350349918450632,0.7462296148130769,0.29200115139738075,-0.2920011620555218,-1.036999259415583
0.6,0.9934478418889057,0.36034963787900937,-0.36034963768472034,-1.4766692827961057,0.9227509352903116,0.3287829418163745,-0.32878294065064034,-1.353236113144085,0.7437790036668508,0.27040415023771297,-0.27040413749790376,-1.047869942694124
0.61,0.9940635780788745,0.3336895409711271,-0.33368954077683805,-1.4979836671535904,0.9223840927224244,0.3040084828320743,-0.30400848277656317,-1.3713020906802595,0.7412942174627033,0.25043544951697244,-0.2504354591204016,-1.0585706539029127
0.62,0.9946214507317788,0.3088578444943035,-0.3088578443555256,-1.5191968170569223,0.9219651457845698,0.2809842672979456,-0.280984266159967,-1.3892404849613624,0.7387797982248097,0.2319861908406384,-0.23198618032127524,-1.0691082874464408
0.63,0.995126897542894,0.2857463050620623,-0.28574630475675095,-1.5403161486959858,0.9214991713020076,0.2596012982913897,-0.2596012985411899,-1.4070583278957824,0.7362398247983992,0.21495089533307696,-0.21495089178036328,-1.0794891430354614
0.64,0.9955848452055164,0.264250969800317,-0.2642509696615391,-1.561348577205912,0.9209907597775543,0.23975701571310457,-0.23975701524125978,-1.4247621755836268,0.733677959662258,0.1992315561694102,-0.19923158756096623,-1.0897191359382497
0.65,0.9959997574309758,0.24427217815148336,-0.2442721780959722,-1.582300547153803,0.9204440619679166,0.22135278160417823,-0.22135278190948957,-1.4423581201405964,0.7310974910226572,0.18473492852111303,-0.18473491572579268,-1.0998037681619888
0.66,0.9963756784528722,0.22571467178655877,-0.2257146716477809,-1.6031780600389565,0.9198628310027228,0.2042942455759977,-0.20429424571477559,-1.4598518145669812,0.7285013706534232,0.1713725076846195,-0.1713725046315062,-1.1097480981825392
0.67,0.9967162724544819,0.20848783305327243,-0.20848783294225012,-1.6239866981404558,0.919250460465469,0.18849310370883107,-0.18849310351454204,-1.4772485293024216,0.7258922479001675,0.15906277356370066,-0.1590627870529104,-1.1195569077193657
0.68,0.9970248592758213,0.19250542707127669,-0.1925054269324988,-1.6447316533607645,0.9186100188295907,0.1738645888926804,-0.17386458781021294,-1.494553145287014,0.7232725002657513,0.14772733086809706,-0.14772732837009525,-1.129234616703556
0.6900000000000001,0.9973044467790262,0.17768567722731274,-0.177685677144046,-1.6654177499519915,0.9179442805999788,0.1603290380736144,-0.16032903810136998,-1.5117701921751878,0.7206442608944688,0.137293963503593,-0.13729395714756618,-1.1387852647010144
0.7000000000000001,0.9975577601622971,0.1639512327566983,-0.163951232645676,-1.6860494671089297,0.9172557544611293,0.14781136456476493,-0.14781136498109856,-1.528903857006547,0.7180094432756611,0.12769539975421293,-0.12769538929036092,-1.1482127139694764
0.7100000000000001,0.9977872685239155,0.15122898469610566,-0.15122898461283893,-1.7066309625279883,0.9165467087416737,0.13624030081871294,-0.13624030104075754,-1.5459580504195711,0.7153697634633811,0.1188673168228682,-0.1188673065810608,-1.1575204958758079
0.72,0.9979952089326254,0.13944998794590543,-0.1394499877516164,-1.7271660923245944,0.9158191944358234,0.1255498801033816,-0.12554987990909258,-1.5629363709912523,0.7127267600393776,0.11075132910765005,-0.11075132430593547,-1.166711885686178
0.73,0.9981836082273163,0.12854930081518387,-0.1285493007874283,-1.7476584317277497,0.9150750660130608,0.11567736574180641,-0.11567736576956199,-1.579842155985389,0.7100818120601491,0.10329269359288239,-0.10329268496089837,-1.1757900066883265
0.74,0.9983543027749922,0.11846587671948682,-0.11846587666397566,-1.768111293076746,0.9143160002461053,0.10656387208762828,-0.10656387192109483,-1.5966784999044135,0.7074361552003667,0.09643939291592572,-0.09643938392311922,-1.1847576913803781
0.75,0.9985089563736815,0.10914237874581899,-0.10914237866255226,-1.788527744150947,0.9135435132287499,0.0981549957146388,-0.09815499540932747,-1.6134482595075992,0.7047908962517889,0.09014462773460073,-0.09014462259981924,-1.193617588382545
0.76,0.9986490764640594,0.10052501916990585,-0.10052501914215027,-1.8089106248786455,0.9127589757617101,0.09039896595175455,-0.09039896592399897,-1.6301540779917187,0.7021470261612639,0.08436451570670299,-0.08436450543714001,-1.20237223495967
0.77,0.9987760288257326,0.09256342456409604,-0.09256342450858489,-1.8292625627580603,0.9119636272733621,0.08324777370227741,-0.08324777350798838,-1.6467984052859206,0.6995054317594449,0.07905732674062803,-0.07905731563839778,-1.2110239258289468
0.78,0.9988910508923159,0.08521044897458195,-0.08521044889131522,-1.849585987812041,0.9111585884002498,0.07665712789539646,-0.07665712795090761,-1.6633834991508498,0.6968669062918693,0.0741857395236689,-0.07418573436113184,-1.2195748127719064
0.79,0.9989952638076425,0.07842200397401021,-0.07842200402952136,-1.8698831468988428,0.9103448723618383,0.07058502488055395,-0.07058502521362085,-1.6799114473275976,0.6942321588903094,0.06971519472820374,-0.0697152207351781,-1.2280269599485027
0.8,0.9990896833562898,0.07215693118012288,-0.0721569311523673,-1.8901561159800904,0.9095233952523292,0.0649922270168357,-0.06499222732214703,-1.6963841841910463,0.6916018230925145,0.06561232998580911,-0.06561233051316505,-1.2363822509020572
0.81,0.9991752298673979,0.06637681718157927,-0.06637681704280139,-1.9104068128994454,0.9086949853426937,0.05984303910744337,-0.0598430393017324,-1.7128034940139256,0.6889764644943505,0.0618475665681295,-0.06184756196070395,-1.2446424694639857
0.8200000000000001,0.9992527371808422,0.06104583200050583,-0.061045831917239106,-1.930637008840108,0.9078603914894128,0.05510369824324179,-0.05510369732730779,-1.7291710115330259,0.6863565876280951,0.05839380376460034,-0.05839379821348522,-1.2528092888042242
0.8300000000000001,0.9993229607748775,0.05613062642462196,-0.05613062636911081,-1.9508483382502104,0.907020290742454,0.050742332474706935,-0.05074233244695136,-1.7454882675127512,0.683742642151644,0.05522511783984107,-0.055225142236992035,-1.2608842867717351
0.8400000000000001,0.999386585136105,0.05160010102533973,-0.051600100942073006,-1.9710423102115013,0.9061752952244295,0.0467307351148527,-0.046730735392408455,-1.7617566668626237,0.6811350284086963,0.05231752167600411,-0.052317518234312736,-1.2688689121215235
0.85,0.9994442304251715,0.04742538722846134,-0.04742538708968346,-1.9912203158889417,0.9053259583452311,0.043041937708432336,-0.04304193806925482,-1.7779775076665059,0.6785341024234519,0.04965007441293245,-0.049650068917328476,-1.2767645673261718
0.86,0.9994964585216162,0.04357961164158652,-0.043579611530564215,-2.0113836388224726,0.9044727804262933,0.03965010578199645,-0.039650105448929544,-1.7941519720565677,0.67594018039686,0.04720298740767958,-0.047203010722363097,-1.2845725801097219
0.87,0.9995437785028578,0.04003783596329135,-0.04003783585226905,-2.0315334617659886,0.9036162137901662,0.03653259098013172,-0.03653259120217633,-1.810281181258144,0.6733535427459407,0.04495706235063678,-0.04495705199780708,-1.2922941806936539
0.88,0.9995866516097811,0.03677686016834158,-0.036776860057319276,-2.0516708754581003,0.9027566673516787,0.033668251492313665,-0.03366825163109154,-1.8263661546447094,0.670774437734375,0.0428956692111182,-0.04289566268855793,-1.2999305327915378
0.89,0.9996254957346776,0.03377520096936592,-0.03377520085834362,-2.0717968842731693,0.9018945107774012,0.031036750780533136,-0.03103675069726641,-1.8424078200629521,0.6682030847356413,0.04100374034754494,-0.04100374154103469,-1.3074827201253747
0.9,0.9996606894972069,0.031012918039197142,-0.03101291792817484,-2.091912413604291,0.9010300782455007,0.028619847020072694,-0.0286198473531396,-1.8584070610616619,0.6656396771641444,0.03926697667022693,-0.0392669672610868,-1.3149518802879623
0.91,0.9996925759413147,0.028471526331008686,-0.028471526219986384,-2.112018315547637,0.9001636718445469,0.026400344715904463,-0.02640034416079295,-1.8743646790331245,0.6630843851221344,0.03767156497858081,-0.03767156003808835,-1.3223389428607124
0.92,0.9997214658701631,0.026133917641057988,-0.026133917530035685,-2.132115374442467,0.8992955646487952,0.024363090905810122,-0.02436309098907685,-1.8902814111987352,0.6605373577603508,0.036205794196053624,-0.03620578770124893,-1.329644890352144
0.93,0.9997476408803557,0.023984198460613722,-0.02398419834959142,-2.152204312777517,0.898426003490937,0.02249326483405589,-0.022493263973633045,-1.9061579463963694,0.6579987254156549,0.03485900521016382,-0.034859004488518856,-1.3368705965660643
0.9400000000000001,0.9997713561035357,0.02200774548710704,-0.022007745459351465,-2.1722857942219065,0.8975552114830514,0.02077707006442608,-0.02077707031422626,-1.9219949150439672,0.6554686015206186,0.03362106643090001,-0.03362106437698741,-1.3440170056056022
0.9500000000000001,0.9997928426990235,0.020190936256270216,-0.020190936145247914,-2.1923604306195443,0.8966833902842108,0.01920249970144283,-0.019202499146331316,-1.937792908512925,0.6529470843352247,0.032482029593827726,-0.03248201679850737,-1.3510849022790872
0.9600000000000001,0.9998123101009102,0.0185212586933936,-0.01852125863788245,-2.212428783499032,0.8958107221581939,0.01775849242657834,-0.017758492537600642,-1.9535524624969545,0.6504342584880978,0.03143351268164451,-0.03143351740009236,-1.358075079496701
0.97,0.9998299480622879,0.016987062589901566,-0.01698706250663484,-2.2324913703908322,0.894937371825318,0.016434013205834926,-0.0164340131225682,-1.9692740792387473,0.6479301963675976,0.030468199740951715,-0.03046819571639325,-1.364988313806714
0.98,0.9998459285020816,0.015577663881050084,-0.01557766390880566,-2.2525486659707994,0.8940634881494484,0.015219556170897873,-0.015219556420698053,-1.9849582277187137,0.6454349593759137,0.02957905648193204,-0.029579053650863326,-1.3718253543654189
0.99,0.9998604071875485,0.014283157490080354,-0.014283157434569203,-2.2726011072116137,0.8931892056545512,0.014105799805985695,-0.014105800055785876,-2.000605326102356,0.6429485990519901,0.028759013420698306,-0.02875901788934598,-1.3785869177607155
1.0,0.9998735252459531,0.013094378997768883,-0.013094378997768883,-2.2926490951591383,0.8923146458986178,0.01308514385733872,-0.013085145328384227,-2.0162157845726725,0.6404711580864357,0.028001863577875593,-0.0280018932763415,-1.385273680870602
