figure,t_hat,T_published,T_phase5
fig3,0.015488867376573089,0.004339250493096647,2.785260231889802e-10
fig3,0.016779606324620847,0.004339250493096647,1.4369856559700663e-09
fig3,0.0180703452726686,0.004339250493096647,6.010661641898698e-09
fig3,0.01936108422071636,0.004339250493096647,2.121286794037345e-08
fig3,0.020651823168764117,0.004339250493096647,6.509971691538202e-08
fig3,0.040012907389480476,0.0023668639053254434,0.0004510404883006602
fig3,0.041303646337528234,0.0023668639053254434,0.0006220444441375095
fig3,0.04259438528557599,0.00527226596123431,0.000842571059756043
fig3,0.04388512423362375,0.005486261034192174,0.0011224234067897672
fig3,0.04517586318167151,0.005519061806044067,0.0014722967874247579
fig3,0.046466602129719266,0.005917159763313609,0.0019036718712885162
fig3,0.047757341077767024,0.006309383729535914,0.0024286779421671054
fig3,0.04904808002581478,0.007023248052091174,0.0030599297274546797
fig3,0.05033881897386254,0.007483492949719719,0.0038103425354774714
fig3,0.05162955792191029,0.00820739964857101,0.0046929314945029455
fig3,0.05292029686995805,0.008683793534057772,0.005720601520638866
fig3,0.05421103581800581,0.010176741637526309,0.006905935191168011
fig3,0.055501774766053565,0.011801625299387481,0.00826098590984355
fig3,0.05679251371410132,0.013412802165038318,0.009797083557690697
fig3,0.05808325266214908,0.01541356676711267,0.011524659177852958
fig3,0.05937399161019684,0.017766063564037867,0.013453094151409587
fig3,0.060664730558244596,0.019639514342689787,0.015590597868320887
fig3,0.061955469506292354,0.0189245489381122,0.01794411623855669
fig3,0.0632462084543401,0.020502310459954955,0.020519271707536695
fig3,0.06453694740238787,0.024047975643890062,0.023320333906266588
fig3,0.06582768635043562,0.027207392721474738,0.02635021880196252
fig3,0.06711842529848339,0.03038464035153424,0.029610513283130184
fig3,0.06840916424653114,0.033935981706456016,0.03310152152418185
fig3,0.0696999031945789,0.03783329014238618,0.03682232919946609
fig3,0.07099064214262665,0.04179742137897088,0.04077088160226847
fig3,0.0722813810906744,0.04575495040755585,0.04494407190881164
fig3,0.07357212003872217,0.05588142446213949,0.04933783614905045
fig3,0.07486285898676992,0.06282451364206398,0.053947251850744296
fig3,0.07615359793481769,0.06748150282406924,0.058766637766407594
fig3,0.07744433688286544,0.07296486976611713,0.06378965254042637
fig3,0.0787350758309132,0.07769527393149242,0.06900939060198866
fig3,0.08002581477896095,0.08356033512725403,0.07441847396298083
fig3,0.08131655372700872,0.08912394099482951,0.08000913894993815
fig3,0.08260729267505647,0.09503074049459034,0.08577331720178943
fig3,0.08389803162310423,0.0994192577002624,0.09170271052045233
fig3,0.08518877057115198,0.10180530298135004,0.0977888593716925
fig3,0.08647950951919975,0.10452392113171063,0.10402320500285199
fig3,0.0877702484672475,0.11053070708708218,0.11039714527658881
fig3,0.08906098741529525,0.11831445194413887,0.11690208442064236
fig3,0.09035172636334302,0.1246906827600644,0.12352947696746847
fig3,0.09164246531139077,0.13171964074035822,0.13027086620888437
fig3,0.09293320425943853,0.1457980017970735,0.13711791752383318
fig3,0.09422394320748628,0.15554258539750143,0.14406244695541304
fig3,0.09551468215553405,0.16217239133553588,0.15109644541959885
fig3,0.0968054211035818,0.1695993004645277,0.15821209892557697
fig3,0.09809616005162956,0.17561439982492616,0.16540180517790012
fig3,0.10067763794772508,0.19029110449334685,0.17997410233175848
fig3,0.10196837689577283,0.1939206219661288,0.1873426528742706
fig3,0.10325911584382058,0.19714659872634915,0.19475718875246012
fig3,0.10454985479186835,0.2029204463561477,0.20221131239528037
fig3,0.1058405937399161,0.21105315436867428,0.20969888013038168
fig3,0.10713133268796386,0.2185716981173471,0.21721400230899318
fig3,0.10842207163601161,0.226063125502228,0.2247510420872228
fig3,0.10971281058405938,0.24200276686805045,0.23230461305367278
fig3,0.11100354953210713,0.25176395865360846,0.23986957587491192
fig3,0.1122942884801549,0.2591936350339776,0.24744103411223897
fig3,0.11358502742820265,0.2667226848344295,0.2550143293474578
fig3,0.11487576637625041,0.27334475828281857,0.2625850357402049
fig3,0.11616650532429816,0.2808850888086367,0.2701489541252174
fig3,0.11745724427234591,0.28836358623020664,0.27770210574604914
fig3,0.11874798322039368,0.29152574741017445,0.2852407257094888
fig3,0.12003872216844143,0.2946937654749461,0.29276125623518146
fig3,0.12132946111648919,0.3006079001465093,0.3002603397649667
fig3,0.12262020006453694,0.30892267380757,0.3077348119885507
fig3,0.12391093901258471,0.3167359636402789,0.31518169483412944
fig3,0.12520167796063247,0.32387001317604786,0.32259818946575314
fig3,0.1264924169086802,0.33915366684597453,0.32998166932375866
fig3,0.12778315585672798,0.3491811965096166,0.3373296732378583
fig3,0.12907389480477574,0.35618966158541177,0.34463989863967953
fig3,0.13036463375282348,0.3632714729288106,0.351910194894993
fig3,0.13165537270087124,0.36962012714629977,0.35913855677440903
fig3,0.132946111648919,0.376742091699685,0.3663231180754497
fig3,0.13423685059696677,0.38346063756387677,0.3734621454089577
fig3,0.1355275895450145,0.38700085398293127,0.38055403215762523
fig3,0.13681832849306227,0.3905490026545486,0.38759729261378617
fig3,0.13810906744111004,0.39378040762656147,0.3945905563009498
fig3,0.1393998063891578,0.4023234984193888,0.40153256248246494
fig3,0.14069054533720554,0.40951470361186704,0.4084221548584124
fig3,0.1419812842852533,0.4165561047884023,0.41525827645174723
fig3,0.14327202323330107,0.42326876037610084,0.42203996468254834
fig3,0.1445627621813488,0.43812175828754507,0.42876634662878366
fig3,0.14585350112939657,0.44635221204403824,0.4354366344714533
fig3,0.14714424007744434,0.4528279828190035,0.44205012112107217
fig3,0.1484349790254921,0.4591208906576117,0.4486061760224264
fig3,0.14972571797353984,0.46506272726052944,0.4551042411326375
fig3,0.1510164569215876,0.47138339221844605,0.461543827069287
fig3,0.15230719586963537,0.4777336166401511,0.4679245094236152
fig3,0.15359793481768313,0.48291501249418556,0.4742459252345761
fig3,0.15488867376573087,0.4852928897101072,0.480507769617804
fig3,0.15617941271377864,0.48765408098727514,0.4867097925457471
fig3,0.1574701516618264,0.49349046459928886,0.49285179577340177
fig3,0.15876089060987417,0.500142052712798,0.49893362990419865
fig3,0.1600516295579219,0.5061001312445104,0.5049551915919173
fig3,0.16134236850596967,0.5117137583319555,0.5109164208730119
fig3,0.16263310745401743,0.5179165904146079,0.5168172986238881
fig3,0.16392384640206517,0.5299281691469593,0.5226578441397499
fig3,0.16521458535011294,0.5381833339160683,0.5284381128290387
fig3,0.1665053242981607,0.5436084668139209,0.5341581940189131
fig3,0.16779606324620847,0.5491474365541816,0.5398182088671364
fig3,0.1690868021942562,0.5543133424222406,0.545418308376513
fig3,0.17037754114230397,0.5601517901855015,0.5509586715081247
fig3,0.17166828009035173,0.5656249219030591,0.5564395033855174
fig3,0.1729590190383995,0.571133157118175,0.561861033591047
fig3,0.17424975798644723,0.5759605340387199,0.5672235145468592
fig3,0.175540496934495,0.5779399034755902,0.5725272199773617
fig3,0.17683123588254276,0.5798852420035567,0.577772443450403
fig3,0.1781219748305905,0.5834540378364863,0.5829594969921875
fig3,0.17941271377863827,0.5889527186194891,0.5880887097746998
fig3,0.18070345272668603,0.594049134424298,0.5931604268690419
fig3,0.1819941916747338,0.5990948826975112,0.5981750080667283
fig3,0.18328493062278153,0.604324947600204,0.6031328267581267
fig3,0.1845756695708293,0.6087214982071045,0.6080342688744877
fig3,0.18586640851887706,0.6134738960673026,0.6128797318819106
fig3,0.18715714746692483,0.6256749082897022,0.6176696238322523
fig3,0.18844788641497257,0.631001161664275,0.622404362462028
fig3,0.18973862536302033,0.6354971590077729,0.6270843743408683
fig3,0.1910293643110681,0.6398692155140953,0.631710094067324
fig3,0.19232010325911583,0.6445436345031486,0.6362819635043736
fig3,0.1936108422071636,0.648583610397595,0.6408004310635192
fig3,0.19490158115521136,0.6532455634829804,0.6452659510187129
fig3,0.19619232010325913,0.6579003152859138,0.6496789828699123
fig3,0.19748305905130686,0.6619161816211342,0.654039990732068
fig3,0.19877379799935463,0.6658788700451133,0.6583494427629388
fig3,0.20135527589545016,0.6678537104737496,0.6668155689699872
fig3,0.2026460148434979,0.6714022976573584,0.6709731949675494
fig3,0.20393675379154566,0.6757387940702468,0.67508116784504
fig3,0.20522749273959343,0.6800175485064199,0.6791399684634718
fig3,0.20651823168764116,0.6839602769672699,0.6831500789171963
fig3,0.20780897063568893,0.687903717245582,0.6871119821557761
fig3,0.2090997095837367,0.6918440779340262,0.6910261616272491
fig3,0.21039044853178446,0.6954609696166454,0.6948931009506181
fig3,0.2116811874798322,0.6990826894984803,0.6987132835936709
fig3,0.21297192642787996,0.7087300306801794,0.7024871925880867
fig3,0.21426266537592772,0.7137998315341629,0.7062153102457502
fig3,0.2155534043239755,0.7171586326461388,0.7098981179076362
fig3,0.21684414327202323,0.720705050323651,0.7135360956974419
fig3,0.218134882220071,0.7242547840233555,0.7171297222977455
fig3,0.21942562116811876,0.7277857584736904,0.7206794747355378
fig3,0.2207163601161665,0.7313519455876858,0.724185828188662
fig3,0.22200709906421426,0.7344968180360895,0.7276492557996854
fig3,0.22329783801226202,0.7380744458010091,0.7310702285039994
fig3,0.2245885769603098,0.74155271255596,0.734449214872065
fig3,0.22587931590835753,0.7447132701511741,0.7377866809577085
fig3,0.2271700548564053,0.7475724358727276,0.7410830901667607
fig3,0.22846079380445306,0.7475756164454449,0.7443389031207637
fig3,0.22975153275250082,0.7482843938767576,0.747554577546546
fig3,0.23104227170054856,0.7514102564102564,0.7507305681653147
fig3,0.23233301064859632,0.754562171268902,0.7538673265902378
fig3,0.2336237495966441,0.7573991454489089,0.7569653012365196
fig3,0.23491448854469182,0.7605491142283305,0.760024937234217
fig3,0.2362052274927396,0.763343555635412,0.7630466763592106
fig3,0.23749596644078735,0.7664846947923871,0.7660309569490373
fig3,0.23878670538883512,0.7692350229589381,0.7689782138530773
fig3,0.24007744433688286,0.7723874787419938,0.7718888783641011
fig3,0.24136818328493062,0.7751439495281272,0.7747633781740288
fig3,0.24265892223297839,0.7779119674977664,0.7776021373224299
fig3,0.24394966118102615,0.7865443753428747,0.7804055761588922
fig3,0.2452404001290739,0.7893810138870934,0.7831741113004285
fig3,0.24653113907712165,0.7909756591361674,0.7859081556097695
fig3,0.24782187802516942,0.7944519754251628,0.7886081181583416
fig3,0.24911261697321715,0.7970564588430593,0.7912744042049416
fig3,0.25040335592126495,0.8000231091542658,0.7939074151811476
fig3,0.25169409486931266,0.8029296774196212,0.7965075486699268
fig3,0.2529848338173604,0.805545386176266,0.7990751983966894
fig3,0.2542755727654082,0.8086672630172799,0.8016107542139823
fig3,0.25556631171345595,0.810260346859278,0.8041146020999286
fig3,0.2568570506615037,0.8126185700029234,0.8065871241599376
fig3,0.2581477896095515,0.8149882766225653,0.8090286986116412
fig3,0.25943852855759925,0.8173415717371761,0.8114396998005506
fig3,0.26072926750564696,0.8176966713794488,0.8138204981944517
fig3,0.2620200064536947,0.8165509654672916,0.8161714603921352
fig3,0.2633107454017425,0.8188899269870928,0.8184929491354066
fig3,0.26460148434979025,0.8212636602678097,0.8207853233165223
fig3,0.265892223297838,0.8232701744312774,0.8230489379878287
fig3,0.2671829622458858,0.8256421973558302,0.8252841443788415
fig3,0.26847370119393354,0.8276430497209135,0.8274912899062905
fig3,0.2697644401419813,0.8299754598412916,0.8296707181979164
fig3,0.271055179090029,0.8319625576378855,0.8318227691065164
fig3,0.2723459180380768,0.834316927962413,0.8339477787280362
fig3,0.27363665698612455,0.8363041087087553,0.8360460794246797
fig3,0.2749273959341723,0.8382633944449833,0.8381179998441788
fig3,0.2762181348822201,0.8403114846258659,0.8401638649395091
fig3,0.27750887383026784,0.8425412644036125,0.842183996004525
fig3,0.2787996127783156,0.8496771046655862,0.8441787106841037
fig3,0.2800903517263633,0.8516625274550612,0.8461483230047385
fig3,0.2813810906744111,0.8533345436795641,0.8480931434009633
fig3,0.28267182962245885,0.8555605916606055,0.8500134787403086
fig3,0.2839625685705066,0.857207587366611,0.8519096323550432
fig3,0.2852533075185544,0.8588538793909626,0.8537819040649156
fig3,0.28654404646660214,0.8610969240483852,0.8556305901989857
fig3,0.2878347854146499,0.8627288016084003,0.8574559836453051
fig3,0.2891255243626976,0.8647009577513556,0.8592583738554554
fig3,0.2904162633107454,0.8662705501331658,0.8610380468860401
fig3,0.29170700225879315,0.8678629116923011,0.8627952854337614
fig3,0.2929977412068409,0.8697775639429859,0.8645303688534671
fig3,0.2942884801548887,0.8717462580955313,0.8662435731936947
fig3,0.29557921910293644,0.8733543467730067,0.867935171229363
fig3,0.2968699580509842,0.8745549021715477,0.869605432486175
fig3,0.29816069699903197,0.8721860390855758,0.871254623280691
fig3,0.30074217489512745,0.8745571231499937,0.874490842844548
fig3,0.3020329138431752,0.8761425716013296,0.8760783884483943
fig3,0.303323652791223,0.8777098212370258,0.8776458973220045
fig3,0.30461439173927074,0.879285310812938,0.8791936201606934
fig3,0.3059051306873185,0.8808643162938502,0.8807218046542737
fig3,0.30719586963536627,0.8824376068376067,0.8822306954758532
fig3,0.308486608583414,0.8840084358265246,0.8837205343408463
fig3,0.30977734753146174,0.8855688618723536,0.885191560034327
fig3,0.3110680864795095,0.8867795240838128,0.8866440084255715
fig3,0.3123588254275573,0.8880057791738702,0.8880781125194579
fig3,0.31364956437560504,0.8895571047882831,0.8894941024799783
fig3,0.3149403033236528,0.8911031753021967,0.8908922056491468
fig3,0.31623104227170057,0.8926649268791789,0.8922726466002308
fig3,0.31752178121974833,0.8984113082732986,0.8936356471431472
fig3,0.31881252016779604,0.8998006348958367,0.89498142637595
fig3,0.3201032591158438,0.9013508097786369,0.8963102007128293
fig3,0.3213939980638916,0.9021795481093464,0.8976221838854967
fig3,0.32268473701193934,0.9037371398575412,0.8989175870155102
fig3,0.3239754759599871,0.9049439916638755,0.9001966186138892
fig3,0.32526621490803487,0.9061083215267939,0.9014594846212801
fig3,0.32655695385608263,0.9076412592303886,0.9027063884403692
fig3,0.32784769280413034,0.9085060476086118,0.903937530951914
fig3,0.3291384317521781,0.9100315164417729,0.9051531105584745
fig3,0.33042917070022587,0.9108841308084686,0.9063533232085947
fig3,0.33171990964827364,0.912398893368941,0.9075383624059465
fig3,0.3330106485963214,0.913243403661161,0.9087084192797114
fig3,0.33430138754436917,0.9147179328613347,0.9098636825711679
fig3,0.33559212649241693,0.9155831142154798,0.9110043386793137
fig3,0.33688286544046464,0.9159921526437365,0.9121305716862405
fig3,0.3381736043885124,0.9132083504208409,0.9132425633862717
fig3,0.33946434333656017,0.9143978003770693,0.914340493313823
fig3,0.34075508228460794,0.9155514475380148,0.9154245387621127
fig3,0.3420458212326557,0.9164009996262706,0.9164948748217437
fig3,0.34333656018070347,0.9175529991604554,0.9175516743956907
fig3,0.34462729912875123,0.9187115069166352,0.918595108223214
fig3,0.345918038076799,0.9195556130778803,0.9196253449256855
fig3,0.3472087770248467,0.9203911644875762,0.9206425510066685
fig3,0.34849951597289447,0.9218540975417593,0.9216468909034112
fig3,0.34979025492094223,0.9226949393132267,0.9226385269798246
fig3,0.35108099386899,0.9235070393797185,0.9236176195753516
fig3,0.35237173281703776,0.9246567048660523,0.9245843270330585
fig3,0.35366247176508553,0.9257727937457013,0.9255388057029541
fig3,0.3549532107131333,0.926600680400025,0.926481209971909
fig3,0.356243949661181,0.92742047305032,0.9274116923134343
fig3,0.35753468860922877,0.930976061581626,0.9283304032694191
fig3,0.35882542755727653,0.9336864225749257,0.929237491499566
fig3,0.3601161665053243,0.9344847508843592,0.9301331038072524
fig3,0.36140690545337206,0.9353325316364969,0.9310173851389594
fig3,0.3626976444014198,0.9361564692201088,0.9318904786380152
fig3,0.3639883833494676,0.9372625181443976,0.9327525256405935
fig3,0.3652791222975153,0.9380533258613395,0.933603665702947
fig3,0.36656986124556307,0.9388429979359385,0.9344440366417593
fig3,0.36786060019361083,0.9396364742607661,0.9352737745335189
fig3,0.3691513391416586,0.9404296223261894,0.9360930137437486
fig3,0.37044207808970636,0.9412198628242838,0.9369018869525938
fig3,0.3717328170377541,0.942008635360742,0.937700525169793
fig3,0.3730235559858019,0.9428002383931312,0.9384890577527256
fig3,0.37431429493384966,0.943581599659968,0.939267612440517
fig3,0.37560503388189737,0.9443748639162806,0.9400363153460712
fig3,0.37689577282994513,0.9451531648506222,0.9407952910251406
fig3,0.3781865117779929,0.9459261066715468,0.941544662432804
fig3,0.37947725072604066,0.9423765499738908,0.9422845510004503
fig3,0.3807679896740884,0.9431388926792894,0.9430150766162064
fig3,0.3820587286221362,0.943914125535952,0.9437363576586442
fig3,0.38334946757018395,0.9443790103113374,0.9444485110224674
fig3,0.38464020651823166,0.9451657877189792,0.9451516521197376
fig3,0.38593094546627943,0.9459581630049962,0.9458458949161079
fig3,0.3872216844143272,0.9463922724856828,0.9465313519302612
fig3,0.38851242336237496,0.9471702593243159,0.9472081342800813
fig3,0.3898031623104227,0.9479043053373812,0.9478763516583674
fig3,0.3910939012584705,0.9486707416661917,0.948536112397433
fig3,0.39238464020651825,0.9491114956644708,0.9491875234434524
fig3,0.39367537915456596,0.9498995111098646,0.9498306904028814
fig3,0.39496611810261373,0.9503343403097625,0.950465717563693
fig3,0.3962568570506615,0.9510785106402949,0.951092707859492
fig3,0.39754759599870926,0.9518206751228959,0.9517117629637403
fig3,0.398838334946757,0.9522676228622764,0.9523229832552156
fig3,0.40141981284285255,0.9577532511738731,0.9535223145484257
fig3,0.4027105517909003,0.9578570155074579,0.9541106200358885
fig3,0.404001290738948,0.9585946310409492,0.954691479688839
fig3,0.4052920296869958,0.9593485808348549,0.9552649877095487
fig3,0.40658276863504356,0.9600824392313754,0.955831237097144
fig3,0.4078735075830913,0.9602007190694656,0.9563903196909556
fig3,0.4091642465311391,0.9609469290399522,0.956942326168469
fig3,0.41045498547918685,0.9616802631585066,0.9574873460405301
fig3,0.4117457244272346,0.9617877589540366,0.958025467705294
fig3,0.4130364633752823,0.9625197836073167,0.9585567784536095
fig3,0.4143272023233301,0.9632517800439241,0.9590813644563109
fig3,0.41561794127137786,0.963357789448194,0.9595993107990303
fig3,0.4169086802194256,0.9640905714062076,0.9601107014933746
fig3,0.4181994191674734,0.964499607992403,0.9606156194886994
fig3,0.41949015811552115,0.9649184002724978,0.9611141466892827
fig3,0.4207808970635689,0.9655756159303313,0.9616063639610054
fig3,0.4220716360116166,0.9620811732781662,0.9620923511547781
fig3,0.4233623749596644,0.9625234104244053,0.9625721870900599
fig3,0.42465311390771215,0.9629488755751652,0.9630459496223793
fig3,0.4259438528557599,0.9633136094674557,0.9635137155936319
fig3,0.4272345918038077,0.9637807829221067,0.9639755608961311
fig3,0.42852533075185545,0.9644507688212771,0.9644315604529021
fig3,0.4298160696999032,0.9648912081256115,0.9648817882249652
fig3,0.431106808647951,0.9652813775191398,0.9653263172776572
fig3,0.4323975475959987,0.9656823473742896,0.9657652197065483
fig3,0.43368828654404645,0.9660965046056242,0.9661985667312443
fig3,0.4349790254920942,0.9664638060033639,0.9666264286497377
fig3,0.436269764440142,0.9669075542679116,0.967048874888575
fig3,0.43756050338818975,0.9675795205155985,0.9674659739631128
fig3,0.4388512423362375,0.9677113212804669,0.9678777935668983
fig3,0.4401419812842853,0.968372005407442,0.968284400499221
fig3,0.441432720232333,0.9684934557688478,0.9686858607453497
fig3,0.44272345918038075,0.9731989436031157,0.969082239434695
fig3,0.4440141981284285,0.9731808810511112,0.9694736008677505
fig3,0.4453049370764763,0.9735871269239276,0.9698600085641084
fig3,0.44659567602452405,0.9739656595482498,0.9702415251994083
fig3,0.4478864149725718,0.9743692658706367,0.9706182126945571
fig3,0.4491771539206196,0.97476039704176,0.9709901321494069
fig3,0.4504678928686673,0.9751400192134091,0.9713573439180412
fig3,0.45175863181671505,0.9752299249895404,0.9717199075926968
fig3,0.4530493707647628,0.9759015173341015,0.9720778819844382
fig3,0.4543401097128106,0.9759997618811758,0.972431325189959
fig3,0.45563084866085835,0.9766596883126079,0.9727802945562605
fig3,0.4569215876089061,0.976765221282176,0.9731248466986475
fig3,0.4582123265569539,0.9771155686789661,0.9734650375406493
fig3,0.45950306550500164,0.977498962265106,0.9738009222634004
fig3,0.46079380445304935,0.9779023350981513,0.9741325553932505
fig3,0.4620845434010971,0.9782588930718932,0.974459990715393
fig3,0.4633752823491449,0.9783622544931003,0.9747832813843615
fig3,0.46466602129719264,0.975148549729437,0.9751024798441007
fig3,0.4659567602452404,0.9754749885779872,0.975417637891239
fig3,0.4672474991932882,0.9755913721153502,0.9757288066789392
fig3,0.46853823814133594,0.975937503389313,0.9760360366843752
fig3,0.46982897708938365,0.9763015012053473,0.9763393777710466
fig3,0.4711197160374314,0.9767245918904686,0.9766388791543463
fig3,0.4724104549854792,0.9767264619438532,0.9769345894348325
fig3,0.47370119393352694,0.9771300557625344,0.9772265566063751
fig3,0.4749919328815747,0.9775160363267292,0.9775148280436045
fig3,0.4762826718296225,0.9778471001515738,0.9777994505147457
fig3,0.47757341077767024,0.9779614764410893,0.9780804702263481
fig3,0.47886414972571795,0.9783043677818715,0.9783579327556717
fig3,0.4801548886737657,0.9786351359709708,0.9786318831465872
fig3,0.4814456276218135,0.9787548333066053,0.97890236585119
fig3,0.48273636656986124,0.9790945746885377,0.9791694247460605
fig3,0.484027105517909,0.9794376984893903,0.9794331031947976
fig3,0.48531784446595677,0.9833923056280993,0.9796934439648062
fig3,0.48660858341400454,0.9834320500164528,0.9799504893079761
fig3,0.4878993223620523,0.9838083026111233,0.9802042809422071
fig3,0.4891900613101,0.9838925486996961,0.9804548600426888
fig3,0.4904808002581478,0.9842301140418435,0.9807022672887458
fig3,0.49177153920619554,0.9845654836521012,0.9809465428133655
fig3,0.4930622781542433,0.9846619240741972,0.981187726257972
fig3,0.49435301710229107,0.9850098619329389,0.9814258567562819
fig3,0.49564375605033884,0.9853653280723973,0.9816609729836556
fig3,0.4969344949983866,0.9854406448013262,0.9818931130490189
fig3,0.4982252339464343,0.9854925021582523,0.9821223146605202
fig3,0.5008067118425299,0.9861608281348934,0.9825720507806408
fig3,0.5020974507905777,0.9862488266501644,0.9827926582745325
fig3,0.5033881897386253,0.9865900950754241,0.9830104732824477
fig3,0.5046789286866731,0.9869178971996946,0.9832255311391105
fig3,0.5059696676347208,0.9869934426472167,0.9834378667493975
fig3,0.5072604065827686,0.9834843936459696,0.9836475145735519
fig3,0.5085511455308164,0.9838270516939365,0.9838545086477329
fig3,0.5098418844788641,0.9838251904600324,0.984058882526795
fig3,0.5111326234269119,0.9841860516582709,0.9842606694374636
fig3,0.5124233623749597,0.9842745255740027,0.9844599020538156
fig3,0.5137141013230074,0.9846141402074428,0.9846566127460301
fig3,0.5150048402710552,0.9846144431420729,0.9848508334323287
fig3,0.516295579219103,0.9849743123068962,0.9850425956480946
fig3,0.5175863181671507,0.9850595859645633,0.985231930478613
fig3,0.5188770571151985,0.9854037180263708,0.9854188686772931
fig3,0.5201677960632463,0.9854040293704321,0.9856034405642771
fig3,0.5214585350112939,0.9857490663359021,0.985785676093726
fig3,0.5227492739593417,0.9858371798260774,0.9859656048558543
fig3,0.5240400129073894,0.9861939136457234,0.9861432560375873
fig3,0.5253307518554372,0.9861945392757123,0.9863186584453791
fig3,0.526621490803485,0.9861926627218935,0.9864918406030327
fig3,0.5279122297515327,0.9865567154311301,0.986662830561293
fig3,0.5292029686995805,0.9901908250353306,0.9868316560925834
fig3,0.5304937076476283,0.9905232168362141,0.9869983445821484
fig3,0.531784446595676,0.990529202992139,0.9871629230950074
fig3,0.5330751855437238,0.9908783253646323,0.9873254183428994
fig3,0.5343659244917716,0.9909464929864321,0.9874858566726146
fig3,0.5356566634398193,0.9909787731209211,0.9876442641283283
fig3,0.5369474023878671,0.9913214990138067,0.9878006664334652
fig3,0.5382381413359149,0.9913214990138067,0.9879550889639415
fig3,0.5395288802839626,0.9916591976173383,0.988107556777605
fig3,0.5408196192320103,0.9917284152173306,0.9882580946051467
fig3,0.542110358180058,0.9917687832996572,0.9884067268842122
fig3,0.5434010971281058,0.9924354932391672,0.9885534777432738
fig3,0.5446918360761536,0.9924542548056656,0.9886983709943563
fig3,0.5459825750242013,0.9924671195713722,0.9888414301441841
fig3,0.5472733139722491,0.9924839265693646,0.9889826784192072
fig3,0.5485640529202969,0.9925392172261582,0.9891221387357093
fig3,0.5498547918683446,0.988995535894476,0.9892598337352843
fig3,0.5511455308163924,0.989349735612951,0.9893957857437674
fig3,0.5524362697644402,0.9893494227937125,0.9895300168386537
fig3,0.5537270087124879,0.9896714495998933,0.9896625488015234
fig3,0.5550177476605357,0.9897092992952627,0.9897934031540978
fig3,0.5563084866085835,0.9897919843835783,0.9899226010940096
fig3,0.5575992255566312,0.9898201614585301,0.9900501636150985
fig3,0.558889964504679,0.9901368246128996,0.9901761114283575
fig3,0.5601807034527266,0.9901437159010134,0.9903004649704323
fig3,0.5614714424007744,0.9901371300603896,0.9904232443923333
fig3,0.5627621813488222,0.9904913182655932,0.9905444696470712
fig3,0.5640529202968699,0.9905577677711204,0.9906641603994278
fig3,0.5653436592449177,0.9905800504462712,0.9907823360635869
fig3,0.5666343981929655,0.9909260905932213,0.9908990158492188
fig3,0.5679251371410132,0.9909226176432653,0.9910142186607143
fig3,0.569215876089061,0.9909248388178153,0.9911279632065287
fig3,0.5705066150371088,0.9912453791902701,0.9912402679330892
fig3,0.5717973539851565,0.994462309107998,0.9913511510728586
fig3,0.5730880929332043,0.9945154625207466,0.9914606306476708
fig3,0.574378831881252,0.9945796167093526,0.9915687243794482
fig3,0.5756695708292998,0.9945969202826647,0.9916754498428078
fig3,0.5769603097773476,0.9949316362947918,0.9917808243385465
fig3,0.5782510487253952,0.9949255168178461,0.9918848649719385
fig3,0.579541787673443,0.9949292720553464,0.9919875886497433
fig3,0.5808325266214908,0.9953061406969099,0.9920890120089072
fig3,0.5821232655695385,0.9953069822485208,0.9921891515268659
fig3,0.5834140045175863,0.9953789651838778,0.992288023433284
fig3,0.5847047434656341,0.9954236843171329,0.9923856438070198
fig3,0.5859954824136818,0.9954325963616191,0.99248202848237
fig3,0.5872862213617296,0.9957686662814869,0.992577193081121
fig3,0.5885769603097774,0.9957722081653706,0.9926711530685484
fig3,0.5898676992578251,0.9957673979226263,0.9927639236873895
fig3,0.5911584382058729,0.9961132916613868,0.9928555199841628
fig3,0.5924491771539206,0.9961408349876102,0.9929459568206347
fig3,0.5937399161019684,0.9929223107320871,0.9930352489016774
fig3,0.5950306550500162,0.9929447786091143,0.993123410680225
fig3,0.5963213939980639,0.9932929537653947,0.9932104564848772
fig3,0.5976121329461116,0.993292642174257,0.9932964004566338
fig3,0.5989028718941594,0.9932951260962871,0.9933812565064252
fig3,0.6014843497902549,0.9932945082966331,0.9935477598282416
fig3,0.6027750887383027,0.9936245463579765,0.9936294341130999
fig3,0.6040658276863504,0.9936411675000887,0.993710074540636
fig3,0.6053565666343982,0.9936750436418871,0.9937896941901063
fig3,0.606647305582446,0.9937364864406895,0.993868306012149
fig3,0.6079380445304937,0.9937360096976806,0.9939459227166689
fig3,0.6092287834785415,0.9940840856267971,0.9940225569543504
fig3,0.6105195224265892,0.9940809750957049,0.9940982211143108
fig3,0.611810261374637,0.9940865971635201,0.9941729274956623
fig3,0.6131010003226848,0.9940831558185405,0.9942466882404983
fig3,0.6143917392707325,0.9975233054848551,0.994319515287308
fig3,0.6156824782187803,0.9974731585852366,0.9943914204829467
fig3,0.616973217166828,0.9977996955433405,0.9944624154737615
fig3,0.6182639561148757,0.9978392924587687,0.9945325117741202
fig3,0.6195546950629235,0.9978401816210909,0.9946017207797639
fig3,0.6208454340109713,0.9978569863185247,0.9946700537368955
fig3,0.622136172959019,0.9979532412886258,0.9947375217147755
fig3,0.6234269119070668,0.9979532412886258,0.994804135660524
fig3,0.6247176508551145,0.997954503616042,0.9948699063766304
fig3,0.6260083898031623,0.9983146978339286,0.9949348445361177
fig3,0.6272991287512101,0.9983116038850206,0.9949989607159664
fig3,0.6285898676992578,0.9983064298472688,0.9950622652960461
fig3,0.6298806066473056,0.998316337944821,0.995124768547234
fig3,0.6311713455953534,0.9983172521634059,0.9951864806153723
fig3,0.6324620845434011,0.9983129080142552,0.9952474115016527
fig3,0.6337528234914489,0.998685110775962,0.9953075711332016
fig3,0.6350435624394967,0.9986760547386362,0.9953669692074668
fig3,0.6363343013875443,0.9953090435559624,0.9954256154365615
fig3,0.6376250403355921,0.9953083823713195,0.9954835192827993
fig3,0.6389157792836399,0.9953188965023284,0.9955406901775619
fig3,0.6402065182316876,0.9956616813430865,0.9955971373810121
fig3,0.6414972571797354,0.9956616813430865,0.9956528700729961
fig3,0.6427879961277831,0.9956638703717573,0.9957078972919657
fig3,0.6440787350758309,0.9956619929342243,0.9957622279427044
fig3,0.6453694740238787,0.9956607495069033,0.9958158708447202
fig3,0.6466602129719264,0.9956607495069033,0.9958688347606618
fig3,0.6479509519199742,0.9956607495069033,0.9959211282130908
fig3,0.649241690868022,0.9956607495069033,0.9959727597200836
fig3,0.6505324298160697,0.9960081492845025,0.996023737690904
fig3,0.6518231687641175,0.9960081492845025,0.996074070350689
fig3,0.6531139077121653,0.9960088574893236,0.9961237658703541
fig3,0.6544046466602129,0.9960464164520915,0.9961728323431216
fig3,0.6556953856082607,0.9961080780672791,0.996221277717259
fig3,0.6569861245563084,0.9960935374218728,0.9962691098392844
fig3,0.6582768635043562,0.999605105907678,0.9963163365150327
fig3,0.659567602452404,0.9996354057334421,0.9963629653714607
fig3,0.6608583414004517,0.9996381502087108,0.9964090039889828
fig3,0.6621490803484995,0.9996381502087108,0.9964544598478912
fig3,0.6634398192965473,0.9996337071455501,0.9964993403056254
fig3,0.664730558244595,1.000005159829892,0.996543652658217
fig3,0.6660212971926428,1.0000025457290413,0.9965874040727222
fig3,0.6673120361406906,1.0000025457290413,0.9966306016656241
fig3,0.6686027750887383,0.9999982781192841,0.9966732524880217
fig3,0.6698935140367861,1.0000037823544266,0.9967153633931961
fig3,0.6711842529848339,1.000002214920368,0.9967569412494752
fig3,0.6724749919328816,1.000002214920368,0.9967979928210288
fig3,0.6737657308809293,0.9999972813799494,0.9968385247435387
fig3,0.675056469828977,0.9999950593187078,0.996878543589907
fig3,0.6763472087770248,1.000367384674419,0.9969180558670447
fig3,0.6776379477250726,1.0003672719853092,0.9969570679863147
fig3,0.6789286866731203,0.9968788258985816,0.9969955862885874
fig3,0.6802194256211681,0.9968923154380054,0.9970336170052848
fig3,0.6815101645692159,0.9968899080690403,0.99707116634665
fig3,0.6828009035172636,0.9968920628443174,0.9971082403429774
fig3,0.6840916424653114,0.9972386587771203,0.9971448450513024
fig3,0.6853823814133592,0.9972386587771203,0.9971809864063308
fig3,0.6866731203614069,0.9972374153497994,0.9972166702820933
fig3,0.6879638593094547,0.9972355304875282,0.9972519024659813
fig3,0.6892545982575025,0.997239904167231,0.9972866886655507
fig3,0.6905453372055502,0.9972383481650592,0.9973210345366108
fig3,0.691836076153598,0.9972380385297657,0.9973549456389542
fig3,0.6931268151016456,0.9972336693406927,0.9973884274818194
fig3,0.6944175540496934,0.9972386587771203,0.9974214855187145
fig3,0.6957082929977412,0.9972386587771203,0.9974541250737294
fig3,0.6969990319457889,0.997237103267193,0.9974863514903718
fig3,0.6982897708938367,0.9972349226067883,0.9975181699765676
fig3,0.7008712487899322,1.000846933368842,0.9975806037055297
fig3,0.70216198773798,1.0008505674970842,0.997611229123802
fig3,0.7034527266860278,1.0008505674970842,0.9976414668675007
fig3,0.7047434656340755,1.0008505674970842,0.9976713218440236
fig3,0.7060342045821233,1.001194545480525,0.9977007989193519
fig3,0.7073249435301711,1.0012092044707428,0.9977299028607886
fig3,0.7086156824782188,1.0012066612324868,0.9977586384026631
fig3,0.7099064214262666,1.0012078239403155,0.9977870101863204
fig3,0.7111971603743142,1.0012078239403155,0.9978150228492189
fig3,0.712487899322362,1.0012078239403155,0.997842680893168
fig3,0.7137786382704098,1.0012078239403155,0.9978699888457757
fig3,0.7150693772184575,1.0012245866077725,0.9978969511429698
fig3,0.7163601161665053,1.0012633655143777,0.9979235721504245
fig3,0.7176508551145531,1.0013234824487056,0.9979498561376888
fig3,0.7189415940626008,1.0013234824487056,0.9979758074491489
fig3,0.7202323330106486,1.001318049312298,0.9980014302497502
fig3,0.7215230719586964,1.0013149600943834,0.9980267287243842
fig3,0.7228138109067441,0.9976317731424421,0.9980517069415704
fig3,0.7241045498547919,0.9976325554116752,0.9980763690116163
fig3,0.7253952888028397,0.9976333300363253,0.9981007188698106
fig3,0.7266860277508874,0.9976376232253885,0.998124760498458
fig3,0.7279767666989352,0.9976342986015042,0.998148497813453
fig3,0.729267505646983,0.9976339126248273,0.998171934638014
fig3,0.7305582445950306,0.9976342986015042,0.9981950748288411
fig3,0.7318489835430784,0.9976337179196266,0.9982179220802341
fig3,0.7331397224911261,0.9976342986015042,0.9982404801278487
fig3,0.7344304614391739,0.9976342986015042,0.998262752634495
fig3,0.7357212003872217,0.9976325542697224,0.9982847432155679
fig3,0.7370119393352694,0.9976323610901214,0.9983064554349171
fig3,0.7383026782833172,0.9976325542697224,0.9983278927759669
fig3,0.739593417231365,0.9976325542697224,0.9983490587846491
fig3,0.7408841561794127,0.9976325531232693,0.9983699568860612
fig3,0.7421748951274605,0.9976309985328553,0.9983905904406667
fig3,0.7434656340755083,1.0017145723363157,0.9984109627884828
fig3,0.744756373023556,1.0016848445475843,0.9984310772674896
fig3,0.7460471119716038,1.0016882610899704,0.9984509371456388
fig3,0.7473378509196515,1.0016882610899704,0.9984705456186507
fig3,0.7486285898676993,1.001683875836684,0.998489905881384
fig3,0.749919328815747,1.0020423659997018,0.998509021087165
fig3,0.7512100677637947,1.0020463576611882,0.9985278943362983
fig3,0.7525008067118425,1.002044845897767,0.9985465286513495
fig3,0.7537915456598903,1.0020471141479268,0.9985649271138188
fig3,0.755082284607938,1.0020471141479268,0.9985830926523835
fig3,0.7563730235559858,1.0020471141479268,0.998601028289397
fig3,0.7576637625040336,1.0020471141479268,0.9986187368613719
fig3,0.7589545014520813,1.0020471141479268,0.9986362212936134
fig3,0.7602452404001291,1.0020471141479268,0.9986534843931869
fig3,0.7615359793481769,1.0020471141479268,0.9986705289796851
fig3,0.7628267182962246,1.0020471141479268,0.9986873577884263
fig3,0.7641174572442724,1.0020721902966159,0.9987039735833971
fig3,0.7654081961923201,0.9980260500939293,0.9987203790464606
fig3,0.7666989351403679,0.9980281297437963,0.9987365768449307
fig3,0.7679896740884156,0.9980281310989972,0.9987525696330652
fig3,0.7692804130364633,0.9980270957254602,0.998768359948914
fig3,0.7705711519845111,0.9980281297437963,0.9987839504040479
fig3,0.7718618909325589,0.9980281297437963,0.9987993435075233
fig3,0.7731526298806066,0.9980281297437963,0.998814541756792
fig3,0.7744433688286544,0.9980281304205088,0.9988295476312237
fig3,0.7757341077767022,0.9980281297437963,0.9988443635650233
fig3,0.7770248467247499,0.9980281331451899,0.9988589919254692
fig3,0.7783155856727977,0.9980265766781484,0.9988734351032431
fig3,0.7796063246208454,0.9980276134122288,0.99888769552405
fig3,0.7808970635688932,0.9980276134122288,0.9989017753688211
fig3,0.782187802516941,0.9980281297437963,0.9989156770227312
fig3,0.7834785414649887,0.9980281297437963,0.9989294026639459
fig3,0.7847692804130365,0.9980265793956691,0.9989429546201238
fig3,0.7860600193610843,0.9980360401640056,0.9989563350052321
fig3,0.7873507583091319,1.002534124057917,0.9989695460008463
fig3,0.7886414972571797,1.002534124057917,0.9989825897904876
fig3,0.7899322362052275,1.002534124057917,0.9989954684516105
fig3,0.7912229751532752,1.002534124057917,0.9990081840886684
fig3,0.792513714101323,1.002534124057917,0.9990207387937575
fig3,0.7938044530493708,1.002534124057917,0.9990331345555281
fig3,0.7950951919974185,1.002534124057917,0.9990453734091782
fig3,0.7963859309454663,1.002534124057917,0.9990574573453967
fig3,0.797676669893514,1.0025303504941514,0.9990693883103673
fig3,0.7989674088415618,1.0025281097026868,0.9990811682660358
fig3,0.8015488867376573,1.002517489630858,0.9991042826866519
fig3,0.8028396256857051,1.0025328897123766,0.9991156209355185
fig3,0.8041303646337529,1.0025328897123766,0.9991268156533339
fig3,0.8054211035818006,1.0025351897362784,0.9991378686813828
fig3,0.8067118425298483,1.002534644123207,0.9991487817962315
fig3,0.808002581477896,0.9988794243232113,0.9991595567299857
fig3,0.8092933204259438,0.9989249867604071,0.9991701953071566
fig3,0.8105840593739916,0.9989501681729824,0.999180699195494
fig3,0.8118747983220393,0.9989501681729824,0.9991910701558828
fig3,0.8131655372700871,0.998951456468939,0.9992013098322668
fig3,0.8144562762181349,0.998951456468939,0.9992114198720531
fig3,0.8157470151661826,0.9989401764247356,0.9992214019368109
fig3,0.8170377541142304,0.9989359005274124,0.9992312576709534
fig3,0.8183284930622782,0.9989291869660712,0.9992409886307061
fig3,0.8196192320103259,0.9989291869660712,0.9992505963888875
fig3,0.8209099709583737,0.9989421584250555,0.9992600825625253
fig3,0.8222007099064215,0.9989486749371723,0.9992694486701474
fig3,0.8234914488544692,0.998951456468939,0.9992786961817917
fig3,0.8247821878025169,0.998951456468939,0.9992878266365668
fig3,0.8260729267505647,0.9989501681729824,0.9992968415330472
fig3,0.8273636656986124,0.9990058995883906,0.9993057423155305
fig3,0.8286544046466602,0.998985117446656,0.9993145304314891
fig3,0.829945143594708,1.0028985875594034,0.9993232072785956
fig3,0.8312358825427557,1.0028906590738464,0.9993317743332923
fig3,0.8325266214908035,1.0028889074681993,0.9993402329034489
fig3,0.8338173604388512,1.0028896778435241,0.9993485844186014
fig3,0.835108099386899,1.0028896778435241,0.9993568302523917
fig3,0.8363988383349468,1.0028896778435241,0.999364971680573
fig3,0.8376895772829945,1.0028896778435241,0.99937301003355
fig3,0.8389803162310423,1.0028896778435241,0.9993809466648921
fig3,0.8402710551790901,1.0028896778435241,0.9993887828181913
fig3,0.8415617941271378,1.0028896778435241,0.9993965197806346
fig3,0.8428525330751856,1.0028896778435241,0.9994041587914284
fig3,0.8441432720232332,1.0028896778435241,0.999411701112437
fig3,0.845434010971281,1.0028896778435241,0.9994191479705011
fig3,0.8467247499193288,1.0028896778435241,0.9994265005848773
fig3,0.8480154888673765,1.0028896778435241,0.9994337600987842
fig3,0.8493062278154243,1.0029053094945692,0.9994409277094558
fig3,0.8505969667634721,1.0028876342064654,0.9994480046149044
fig3,0.8518877057115198,0.9990728950806848,0.9994549919349569
fig3,0.8531784446595676,0.9990728950806848,0.999461890796947
fig3,0.8544691836076154,0.9990728950806848,0.9994687023072062
fig3,0.8557599225556631,0.9990728950806848,0.9994754276447524
fig3,0.8570506615037109,0.9990728950806848,0.9994820678363908
fig3,0.8583414004517587,0.9990728950806848,0.9994886239859105
fig3,0.8596321393998064,0.9990693318747617,0.9994950971076747
fig3,0.8609228783478542,0.9990968095256432,0.9995014883072837
fig3,0.862213617295902,0.9994757536041938,0.9995077986339802
fig3,0.8635043562439496,0.9994757536041938,0.9995140290802987
fig3,0.8647950951919974,0.9994757536041938,0.9995201806107789
fig3,0.8660858341400451,0.9994757536041938,0.999526254269664
fig3,0.8673765730880929,0.9994757536041938,0.9995322511141413
fig3,0.8686673120361407,0.9994757536041938,0.9995381719942388
fig3,0.8699580509841884,0.9994757536041938,0.9995440179357529
fig3,0.8712487899322362,0.9994757536041938,0.999549789881704
fig3,0.872539528880284,1.0030012187936799,0.999555488799546
fig3,0.8738302678283317,1.0030075714194822,0.999561115551355
fig3,0.8751210067763795,1.0030065483234714,0.9995666710791771
fig3,0.8764117457244273,1.0030065483234714,0.9995721562677531
fig3,0.877702484672475,1.0030065483234714,0.9995775720417353
fig3,0.8789932236205228,1.0030065483234714,0.9995829192619341
fig3,0.8802839625685706,1.0030065483234714,0.9995881987710273
fig3,0.8815747015166182,1.0030065483234714,0.9995934114381673
fig3,0.882865440464666,1.0030065483234714,0.9995985582055857
fig3,0.8841561794127137,1.0030065483234714,0.9996036397445809
fig3,0.8854469183607615,1.0030065483234714,0.9996086569905032
fig3,0.8867376573088093,1.0030065483234714,0.9996136107090826
fig3,0.888028396256857,1.0030065483234714,0.9996185017735866
fig3,0.8893191352049048,1.0030065483234714,0.9996233308380558
fig3,0.8906098741529526,1.0030065483234714,0.9996280988529678
fig3,0.8919006131010003,1.0030065483234714,0.9996328064635118
fig3,0.8931913520490481,1.0030139460451721,0.9996374544849094
fig3,0.8944820909970959,0.9994789132516125,0.9996420437196664
fig3,0.8957728299451436,0.9994736855710743,0.9996465748413428
fig3,0.8970635688931914,0.9994736855710743,0.9996510485770144
fig3,0.8983543078412392,0.9994743744643059,0.9996554657005157
fig3,0.9009357857373346,0.9994736855710743,0.9996641329497958
fig3,0.9022265246853823,0.9994736855710743,0.999668384435839
fig3,0.9035172636334301,0.9994736855710743,0.9996725821380154
fig3,0.9048080025814779,0.9994736855710743,0.9996767266451865
fig3,0.9060987415295256,0.9994736855710743,0.9996808187397201
fig3,0.9073894804775734,0.9994736855710743,0.9996848590679399
fig3,0.9086802194256212,0.9994736855710743,0.9996888481728565
fig3,0.9099709583736689,0.9994736855710743,0.9996927868088681
fig3,0.9112616973217167,0.9994736855710743,0.9996966756113788
fig3,0.9125524362697645,0.9994736855710743,0.9997005151804506
fig3,0.9138431752178122,0.9994764588635097,0.9997043061552517
fig3,0.91513391416586,0.9994521735911712,0.9997080491249388
fig3,0.9164246531139078,1.0030030191309915,0.9997117447133945
fig3,0.9177153920619555,1.0030026214197811,0.9997153935451929
fig3,0.9190061310100033,1.003001150514883,0.9997189961703707
fig3,0.9202968699580509,1.0030007510586338,0.9997225532232699
fig3,0.9215876089060987,1.0030062182553405,0.9997260652058602
fig3,0.9228783478541465,1.003024573068535,0.9997295327339238
fig3,0.9241690868021942,1.003010867628719,0.9997329564063927
fig3,0.925459825750242,1.0030080343811472,0.9997363367252972
fig3,0.9267505646982898,1.0030172498013092,0.9997396742175025
fig3,0.9280413036463375,1.0030117779053689,0.9997429695203047
fig3,0.9293320425943853,1.0033790752092098,0.9997462230779535
fig3,0.930622781542433,1.0033790752092098,0.9997494354439436
fig3,0.9319135204904808,1.0033790752092098,0.9997526072130152
fig3,0.9332042594385286,1.0033790752092098,0.9997557387397832
fig3,0.9344949983865763,1.0033790752092098,0.9997588306808141
fig3,0.9357857373346241,1.0033790752092098,0.999761883451314
fig3,0.9370764762826719,0.9994514382537096,0.9997648976247364
fig3,0.9383672152307196,0.9994619329388559,0.9997678736147665
fig3,0.9396579541787673,0.9994691921508863,0.9997708119229975
fig3,0.9409486931268151,0.9994748907958733,0.9997737130537033
fig3,0.9422394320748628,0.999474030243261,0.999776577472802
fig3,0.9435301710229106,0.9994764588635097,0.9997794056101147
fig3,0.9448209099709584,0.9994745479300293,0.9997821979759336
fig3,0.9461116489190061,0.9994755833035662,0.9997849549500893
fig3,0.9474023878670539,0.9994743744643059,0.9997876770416975
fig3,0.9486931268151017,0.9994767985051385,0.9997903647017059
fig3,0.9499838657631494,0.9994684717781963,0.9997930183129259
fig3,0.9512746047111972,0.999474030243261,0.9997956383606734
fig3,0.952565343659245,0.9994743744643059,0.9997982252480087
fig3,0.9538560826072927,0.999474030243261,0.9998007793907016
fig3,0.9551468215553405,0.9994757604069344,0.9998033011363867
fig3,0.9564375605033882,0.9994722886215498,0.9998057910153494
fig3,0.9577282994514359,0.9994809783245917,0.9998082493527003
fig3,0.9590190383994837,1.003369753473938,0.9998106765942085
fig3,0.9603097773475314,1.0033790752092098,0.9998130731294389
fig3,0.9616005162955792,1.0033790752092098,0.9998154393057822
fig3,0.962891255243627,1.0033790752092098,0.9998177754887497
fig3,0.9641819941916747,1.0033790752092098,0.9998200821261882
fig3,0.9654727331397225,1.0033790752092098,0.999822359622748
fig3,0.9667634720877702,1.0033790752092098,0.9998246082166504
fig3,0.968054211035818,1.0033790752092098,0.9998268283780133
fig3,0.9693449499838658,1.0033790752092098,0.9998290204730933
fig3,0.9706356889319135,1.0033790752092098,0.9998311847648159
fig3,0.9719264278799613,1.0033790752092098,0.9998333216671432
fig3,0.9732171668280091,1.0033790752092098,0.9998354315468407
fig3,0.9745079057760568,1.0033790752092098,0.9998375147078489
fig3,0.9757986447241046,1.0033790752092098,0.9998395714591554
fig3,0.9770893836721523,1.0033790752092098,0.9998416022497314
fig3,0.9783801226202,1.0033880871420027,0.999843607245601
fig3,0.9796708615682478,1.0033715011656028,0.9998455869056335
fig3,0.9809616005162956,0.999471608014118,0.9998475415026045
fig3,0.9822523394643433,0.999471608014118,0.9998494713843589
fig3,0.9835430784123911,0.999471608014118,0.9998513768123624
fig3,0.9848338173604388,0.999471608014118,0.9998532581315318
fig5,0.030977734753146177,0.24664349062635055,0.23130524780456524
fig5,0.03355921264924169,0.27790884254408343,0.28585268070521686
fig5,0.0361406905453372,0.3319422498470427,0.3381014532809091
fig5,0.03872216844143272,0.3771892396343369,0.38515617958544524
fig5,0.041303646337528234,0.4004426734089922,0.42503074938323154
fig5,0.04388512423362375,0.4445299272719553,0.4569609435619053
fig5,0.046466602129719266,0.45651665360810134,0.4814788543202872
fig5,0.04904808002581478,0.4900216733177377,0.4999867490725335
fig5,0.05162955792191029,0.5234579757737228,0.5140228743522517
fig5,0.05421103581800581,0.5277580877923482,0.5248660477905092
fig5,0.05679251371410132,0.53133267427218,0.5334700809039498
fig5,0.05937399161019684,0.540437456131924,0.5405149103636557
fig5,0.061955469506292354,0.5483429146421641,0.5464757295193212
fig5,0.06453694740238787,0.5515304313385541,0.551681693372328
fig5,0.06711842529848339,0.5561968961716262,0.5563598810197202
fig5,0.0696999031945789,0.5615219961980031,0.5606666714579567
fig5,0.0722813810906744,0.5687650515805647,0.5647096795774769
fig5,0.07486285898676992,0.5723893244820286,0.5685629510579646
fig5,0.07744433688286544,0.5759696803964195,0.5722774432430757
fig5,0.08002581477896095,0.5794919949800943,0.5758882403105365
fig5,0.08260729267505647,0.5833714281645411,0.5794195155622723
fig5,0.08518877057115198,0.5865785194896203,0.582887943096783
fig5,0.0877702484672475,0.5897564230897565,0.5863050427105634
fig5,0.09035172636334302,0.5965073055553456,0.589678791505321
fig5,0.09293320425943853,0.6016836777664827,0.5930147316050953
fig5,0.09551468215553405,0.6050130065083048,0.5963167311939392
fig5,0.09809616005162956,0.6070191916345762,0.599587507853362
fig5,0.10067763794772508,0.6101838756239333,0.602828987869855
fig5,0.10325911584382058,0.6130391130668831,0.6060425533930551
fig5,0.1058405937399161,0.6161743206252408,0.6092292122890348
fig5,0.10842207163601161,0.6193403500224981,0.6123897146857715
fig5,0.11100354953210713,0.6224902470386957,0.6155246332779785
fig5,0.11358502742820265,0.6256390590186758,0.6186344184532551
fig5,0.11616650532429816,0.6287587177973135,0.6217194361189148
fig5,0.11874798322039368,0.6315700412800034,0.6247799936429117
fig5,0.12132946111648919,0.6339163309308922,0.6278163579960989
fig5,0.12391093901258471,0.6335548797905334,0.6308287678306183
fig5,0.1264924169086802,0.6355166458193395,0.6338174420122515
fig5,0.12907389480477574,0.6398294766638815,0.6367825854584008
fig5,0.13165537270087124,0.6426098668231536,0.639724393029274
fig5,0.13423685059696677,0.6453671139261605,0.642643052452603
fig5,0.13681832849306227,0.6481854254795141,0.645538746088635
fig5,0.1393998063891578,0.6508909551986475,0.6484116521843875
fig5,0.1419812842852533,0.6540462897959638,0.6512619458915379
fig5,0.1445627621813488,0.656818364881192,0.6540897999888249
fig5,0.14714424007744434,0.659564062311315,0.6568953848083596
fig5,0.14972571797353984,0.6623125996307424,0.6596788692415525
fig5,0.15230719586963537,0.6650818052663506,0.6624404203608695
fig5,0.15488867376573087,0.6724097291681204,0.6651802038729389
fig5,0.1574701516618264,0.6753253692322603,0.6678983841068857
fig5,0.1600516295579219,0.6769345738017489,0.6705951240991572
fig5,0.16263310745401743,0.6796343832074581,0.6732705856935016
fig5,0.16521458535011294,0.6820805132073957,0.6759249295304128
fig5,0.16779606324620847,0.6848172050639123,0.6785583151033124
fig5,0.17037754114230397,0.6875191940329439,0.6811709006758717
fig5,0.1729590190383995,0.6899529071907848,0.683762843434705
fig5,0.175540496934495,0.6926701445319396,0.6863342995172399
fig5,0.1781219748305905,0.6950439790910666,0.6888854238302534
fig5,0.18070345272668603,0.6974399472030357,0.6914163702928552
fig5,0.18328493062278153,0.6998107861199563,0.693927291685893
fig5,0.18586640851887706,0.7022353588734918,0.6964183397844033
fig5,0.18844788641497257,0.7025373246236168,0.6988896651678532
fig5,0.1910293643110681,0.7026002923733545,0.7013414174975067
fig5,0.1936108422071636,0.706073326371969,0.7037737452251318
fig5,0.19619232010325913,0.7084704830053667,0.7061867958087622
fig5,0.20135527589545016,0.7131802242170135,0.7109556505655099
fig5,0.20393675379154566,0.715537894012132,0.7133117443744023
fig5,0.20651823168764116,0.717893505221127,0.7156491407857997
fig5,0.2090997095837367,0.7199195535116494,0.7179679819748122
fig5,0.2116811874798322,0.7222804683727349,0.7202684094062015
fig5,0.21426266537592772,0.7243083101915093,0.722550563279103
fig5,0.21684414327202323,0.7266388885075303,0.7248145828660548
fig5,0.21942562116811876,0.7289776559255468,0.7270606067158976
fig5,0.22200709906421426,0.7342151424936072,0.7292887720096939
fig5,0.2245885769603098,0.7381306247771243,0.7314992152004725
fig5,0.2271700548564053,0.739992557661437,0.7336920716156068
fig5,0.22975153275250082,0.7412436046029652,0.7358674757266686
fig5,0.23233301064859632,0.7435743232558304,0.7380255611107861
fig5,0.23491448854469182,0.7458683681031468,0.7401664601079634
fig5,0.23749596644078735,0.7475705259922047,0.7422903043651372
fig5,0.24007744433688286,0.7498650617147107,0.7443972244940216
fig5,0.24265892223297839,0.7521775806581525,0.7464873501733736
fig5,0.2452404001290739,0.753857422375201,0.7485608102551295
fig5,0.24782187802516942,0.7561474837448209,0.7506177324434167
fig5,0.25040335592126495,0.7578377870075355,0.7526582437067131
fig5,0.2529848338173604,0.7600934713885055,0.7546824700558482
fig5,0.25556631171345595,0.7617979589742003,0.7566905365342317
fig5,0.2581477896095515,0.7636537940294648,0.7586825673577776
fig5,0.26072926750564696,0.7618059862297746,0.7606586859560447
fig5,0.2633107454017425,0.7635120263738957,0.7626190144075458
fig5,0.265892223297838,0.7660423855253616,0.7645636745226185
fig5,0.26847370119393354,0.7680507606460159,0.7664927868670597
fig5,0.271055179090029,0.7699515220645897,0.7684064711738583
fig5,0.27363665698612455,0.7716386083460925,0.7703048463820221
fig5,0.2762181348822201,0.7735717077439871,0.7721880304006727
fig5,0.2787996127783156,0.77550211926644,0.774056140602728
fig5,0.2813810906744111,0.7771801211181721,0.7759092932041005
fig5,0.2839625685705066,0.7790816861807042,0.7777476037235627
fig5,0.28654404646660214,0.7809983931339111,0.7795711868124489
fig5,0.2891255243626976,0.7826616460462614,0.7813801563187404
fig5,0.29170700225879315,0.7846117368726858,0.7831746251014624
fig5,0.2942884801548887,0.7861833857145311,0.7849547054634027
fig5,0.2968699580509842,0.7920159389966457,0.7867205085787201
fig5,0.2994514359470797,0.7929619164671051,0.7884721451662962
fig5,0.3020329138431752,0.7947541523993094,0.7902097247129904
fig5,0.30461439173927074,0.7965223970077404,0.7919333563485573
fig5,0.30719586963536627,0.7982756544848547,0.7936431481845367
fig5,0.30977734753146174,0.800009196889078,0.7953392074184564
fig5,0.3123588254275573,0.8017740112491765,0.7970216405997395
fig5,0.3149403033236528,0.8035356338691941,0.7986905536539787
fig5,0.31752178121974833,0.8052847183958987,0.800346051403231
fig5,0.3201032591158438,0.8074814982355532,0.8019882381310532
fig5,0.32268473701193934,0.808277121178393,0.8036172172079042
fig5,0.32526621490803487,0.8098566208400977,0.8052330913728718
fig5,0.32784769280413034,0.8114393236148781,0.8068359625564485
fig5,0.33042917070022587,0.8130052263260519,0.8084259320909061
fig5,0.3330106485963214,0.8145920416915478,0.8100031000844854
fig5,0.33559212649241693,0.8133925049309665,0.8115675665803133
fig5,0.3381736043885124,0.813486445388286,0.8131194302078876
fig5,0.34075508228460794,0.8157483284333793,0.8146587893990055
fig5,0.34333656018070347,0.8169867281783839,0.8161857416913708
fig5,0.345918038076799,0.8185413611719341,0.8177003837147518
fig5,0.34849951597289447,0.8201264203398133,0.8192028116416933
fig5,0.35108099386899,0.8216894968096085,0.8206931207396295
fig5,0.35366247176508553,0.8232663036218046,0.8221714057897279
fig5,0.356243949661181,0.8248094869226308,0.8236377605195448
fig5,0.35882542755727653,0.8260335081301724,0.8250922783580616
fig5,0.36140690545337206,0.8272427418700565,0.8265350518105392
fig5,0.3639883833494676,0.828801584229334,0.8279661728062516
fig5,0.36656986124556307,0.8303641634565744,0.8293857323819426
fig5,0.3691513391416586,0.8319194722165544,0.830793821160195
fig5,0.3717328170377541,0.8327988713565637,0.8321905288840913
fig5,0.37431429493384966,0.8385271911587701,0.8335759449210791
fig5,0.37689577282994513,0.839834918338918,0.8349501574348142
fig5,0.37947725072604066,0.8406175520731733,0.8363132544778142
fig5,0.3820587286221362,0.8421382219652223,0.837665323244394
fig5,0.38464020651823166,0.8430114431418212,0.8390064501635577
fig5,0.3872216844143272,0.8445484809838524,0.8403367211800501
fig5,0.3898031623104227,0.8460817350314425,0.8416562215948754
fig5,0.39238464020651825,0.8469743919995585,0.8429650359003632
fig5,0.39496611810261373,0.8484933013449352,0.8442632483033128
fig5,0.39754759599870926,0.8493854646617376,0.8455509416637044
fig5,0.4027105517909003,0.8523936122280056,0.8480951026284673
fig5,0.4052920296869958,0.8532802626151281,0.849351733642336
fig5,0.4078735075830913,0.8547753417473293,0.8505981731309807
fig5,0.41045498547918685,0.8556706442182587,0.8518345014167615
fig5,0.4130364633752823,0.8571418711391794,0.8530607977969349
fig5,0.41561794127137786,0.8540904318332787,0.8542771416892906
fig5,0.4181994191674734,0.8563674964807899,0.8554836114421345
fig5,0.4207808970635689,0.8572243335845587,0.8566802848492354
fig5,0.4233623749596644,0.8587201402586018,0.8578672393722302
fig5,0.4259438528557599,0.859584419618886,0.859044551511116
fig5,0.42852533075185545,0.8610863593247622,0.8602122976555899
fig5,0.431106808647951,0.8619435860170833,0.8613705531094576
fig5,0.43368828654404645,0.8631163708086784,0.8625193928086254
fig5,0.436269764440142,0.8642994053698192,0.8636588914953263
fig5,0.4388512423362375,0.8651625826006529,0.8647891226845079
fig5,0.441432720232333,0.8666432112585958,0.8659101597333496
fig5,0.4440141981284285,0.8674840301620927,0.8670220754758772
fig5,0.44659567602452405,0.8689696363585855,0.8681249421470558
fig5,0.4491771539206196,0.8698123567354337,0.8692188312953535
fig5,0.45175863181671505,0.8706603071151566,0.8703038139871904
fig5,0.4543401097128106,0.8748384210820608,0.8713799607598545
fig5,0.4569215876089061,0.8768891280257756,0.8724473416981622
fig5,0.45950306550500164,0.8773085036602284,0.8735060262252446
fig5,0.4620845434010971,0.8781021237642892,0.8745560834632669
fig5,0.46466602129719264,0.8792778920134894,0.8755975817315154
fig5,0.4672474991932882,0.8801498414511406,0.8766305889526902
fig5,0.46982897708938365,0.8812640623858572,0.8776551724352883
fig5,0.4724104549854792,0.8823784299626851,0.8786713991646156
fig5,0.4749919328815747,0.8832393419501283,0.8796793355731347
fig5,0.47757341077767024,0.8844148578845,0.8806790474229351
fig5,0.4801548886737657,0.8852134955459143,0.88167059998072
fig5,0.48273636656986124,0.8863157820154124,0.8826540583778842
fig5,0.48531784446595677,0.8871776719639968,0.8836294869020489
fig5,0.4878993223620523,0.8883420992411746,0.8845969493086001
fig5,0.4904808002581478,0.8891396951499799,0.8855565091509134
fig5,0.4930622781542433,0.88993187339261,0.8865082292305149
fig5,0.49564375605033884,0.8898939129330669,0.8874521719643061
fig5,0.4982252339464343,0.888774730339823,0.888388399323359
fig5,0.5008067118425299,0.8895967244931433,0.8893169729115445
fig5,0.5033881897386253,0.8907288504669846,0.8902379535637697
fig5,0.5059696676347208,0.8915184255860985,0.8911514018632734
fig5,0.5085511455308164,0.8926460892853724,0.8920573778801433
fig5,0.5111326234269119,0.893460759180734,0.8929559413885705
fig5,0.5137141013230074,0.8942780946031217,0.8938471510860609
fig5,0.516295579219103,0.8950822898966404,0.8947310662330265
fig5,0.5188770571151985,0.895885482039328,0.8956077447477756
fig5,0.5214585350112939,0.8966897616688212,0.8964772444429989
fig5,0.5240400129073894,0.8975028423944165,0.8973396228855186
fig5,0.526621490803485,0.8986218221362225,0.8981949367631403
fig5,0.5292029686995805,0.8994079714425929,0.8990432425959933
fig5,0.531784446595676,0.900198482086098,0.8998845964872295
fig5,0.5343659244917716,0.9009865048873433,0.900719054069294
fig5,0.5369474023878671,0.9020983963033432,0.901546670400134
fig5,0.5395288802839626,0.9057495606659645,0.9023675004383458
fig5,0.542110358180058,0.9064981572430928,0.9031815982611751
fig5,0.5446918360761536,0.9072953654621003,0.9039890179486789
fig5,0.5472733139722491,0.90807545418119,0.9047898129278635
fig5,0.5498547918683446,0.9088638550444414,0.9055840364105331
fig5,0.5524362697644402,0.9096611214478947,0.9063717408588262
fig5,0.5550177476605357,0.9104583102551306,0.907152978832426
fig5,0.5575992255566312,0.9112413233735583,0.9079278017485108
fig5,0.5601807034527266,0.912026066621819,0.908696261579298
fig5,0.5627621813488222,0.9128033016076377,0.9094584090633197
fig5,0.5653436592449177,0.9135756023853189,0.9102142947991885
fig5,0.5679251371410132,0.9143461151945977,0.9109639693820397
fig5,0.5705066150371088,0.9151300150829562,0.9117074824880147
fig5,0.5730880929332043,0.9155792469690514,0.9124448836658982
fig5,0.5756695708292998,0.9160245987828457,0.9131762219474076
fig5,0.5782510487253952,0.9168099279131307,0.9139015461120445
fig5,0.5808325266214908,0.9140491643523387,0.9146209046404747
fig5,0.5834140045175863,0.9155759341927879,0.9153343452866498
fig5,0.5859954824136818,0.9163418342663625,0.916041915805683
fig5,0.5885769603097774,0.9171167788886622,0.9167436633495367
fig5,0.5911584382058729,0.9175579886341808,0.9174396349590427
fig5,0.5937399161019684,0.9183422648952402,0.9181298768555468
fig5,0.5963213939980639,0.9191321499013807,0.9188144352846807
fig5,0.6014843497902549,0.9203474206525875,0.9201666848874234
fig5,0.6040658276863504,0.9210861167916382,0.9208344664194081
fig5,0.606647305582446,0.9218442831289777,0.9214967455254252
fig5,0.6092287834785415,0.9222876588049876,0.9221535665095311
fig5,0.611810261374637,0.9230784847448469,0.9228049733950032
fig5,0.6143917392707325,0.923523161920952,0.9234510100389384
fig5,0.616973217166828,0.9242679978600075,0.9240917196803571
fig5,0.6195546950629235,0.9250096985882938,0.9247271450760797
fig5,0.622136172959019,0.9293531040280616,0.9253573293942133
fig5,0.6247176508551145,0.9286583179943523,0.9259823145008245
fig5,0.6272991287512101,0.9294179410273449,0.9266021424693647
fig5,0.6298806066473056,0.9301652274938403,0.9272168553139505
fig5,0.6324620845434011,0.9309124454026063,0.9278264940056843
fig5,0.6350435624394967,0.9310370914891098,0.9284310996854436
fig5,0.6376250403355921,0.9317903800844756,0.9290307130664411
fig5,0.6402065182316876,0.9325349119778827,0.9296253745477667
fig5,0.6427879961277831,0.9332831997133099,0.9302151242649886
fig5,0.6453694740238787,0.933396199360971,0.9308000016228392
fig5,0.6479509519199742,0.9341442186683476,0.9313800464519473
fig5,0.6505324298160697,0.9348963601337217,0.9319552977657941
fig5,0.6531139077121653,0.9356202722969764,0.9325257942416076
fig5,0.6556953856082607,0.9357510109522527,0.9330915744914247
fig5,0.6582768635043562,0.9364841841090406,0.9336526767256523
fig5,0.6608583414004517,0.9372229002349769,0.9342091388476619
fig5,0.6634398192965473,0.9372989180360134,0.9347609985928016
fig5,0.6660212971926428,0.9353560554456746,0.935308293068018
fig5,0.6686027750887383,0.9360563678745497,0.9358510594596853
fig5,0.6711842529848339,0.9364910288475223,0.9363893343162188
fig5,0.6737657308809293,0.936943502754872,0.9369231543360128
fig5,0.6763472087770248,0.9376314352884376,0.9374525554181362
fig5,0.6789286866731203,0.9380708002654776,0.9379775735619771
fig5,0.6815101645692159,0.9385138448461865,0.9384982444433808
fig5,0.6840916424653114,0.9392145066561179,0.9390146031126464
fig5,0.6866731203614069,0.9396468355551826,0.9395266847875845
fig5,0.6892545982575025,0.9400756308236414,0.9400345241724101
fig5,0.691836076153598,0.940770760598163,0.94053815584989
fig5,0.6944175540496934,0.9412213229467798,0.9410376139154328
fig5,0.6969990319457889,0.9416210322564837,0.9415329322392587
fig5,0.6995805098418845,0.9420090299784065,0.9420241445677981
fig5,0.70216198773798,0.9424704869701896,0.9425112842857609
fig5,0.7047434656340755,0.9431578918652012,0.9429943845361908
fig5,0.7073249435301711,0.946839403025046,0.9434734782993786
fig5,0.7099064214262666,0.9467138887689139,0.9439485979908424
fig5,0.712487899322362,0.9468244389246245,0.9444197760206278
fig5,0.7150693772184575,0.9475374524104399,0.9448870446436133
fig5,0.7176508551145531,0.9482435654162409,0.9453504354267167
fig5,0.7202323330106486,0.9483568360707109,0.9458099802481243
fig5,0.7228138109067441,0.9490548516624135,0.9462657103154682
fig5,0.7253952888028397,0.949170719054147,0.9467176567349842
fig5,0.7279767666989352,0.9498758828393128,0.9471658502405094
fig5,0.7305582445950306,0.9499803697230469,0.9476103215966418
fig5,0.7331397224911261,0.9506789358213628,0.9480511010949573
fig5,0.7357212003872217,0.9510809794488477,0.9484882188696376
fig5,0.7383026782833172,0.9514877495942584,0.9489217047355567
fig5,0.7408841561794127,0.9521917376222012,0.94935158849405
fig5,0.7434656340755083,0.9522939773726631,0.949777899381725
fig5,0.7460471119716038,0.9529846623750593,0.9502006665885887
fig5,0.7486285898676993,0.9530922368695206,0.9506199190925106
fig5,0.7512100677637947,0.9510850843018674,0.9510356857462372
fig5,0.7537915456598903,0.9514799111649506,0.9514479947457462
fig5,0.7563730235559858,0.9518836630811254,0.9518568744951452
fig5,0.7589545014520813,0.9522691749469689,0.9522623530162432
fig5,0.7615359793481769,0.9526880158006195,0.9526644582009075
fig5,0.7641174572442724,0.9530562607241677,0.9530632173867764
fig5,0.7666989351403679,0.9534713596707349,0.9534586580813816
fig5,0.7692804130364633,0.9538474051619906,0.9538508075282216
fig5,0.7718618909325589,0.9542686131187594,0.9542396926210043
fig5,0.7744433688286544,0.9546347986012014,0.9546253399710339
fig5,0.7770248467247499,0.955034594604839,0.9550077761379434
fig5,0.7796063246208454,0.9554259356352832,0.9553870274357426
fig5,0.782187802516941,0.9558149988557978,0.9557631198643077
fig5,0.7847692804130365,0.9562161361492465,0.956136079291435
fig5,0.7873507583091319,0.9565652101560177,0.9565059314846999
fig5,0.7899322362052275,0.9569994577901412,0.9568727018223637
fig5,0.792513714101323,0.9605652312385805,0.9572364156167124
fig5,0.7950951919974185,0.9601363158767902,0.9575970978676458
fig5,0.797676669893514,0.9602440036867914,0.9579547734167497
fig5,0.8028396256857051,0.9610017198022412,0.9586612029663162
fig5,0.8054211035818006,0.9613442782117482,0.9590100057298292
fig5,0.808002581477896,0.9617611087712514,0.9593558990598975
fig5,0.8105840593739916,0.9621269313860437,0.9596989071630437
fig5,0.8131655372700871,0.962505913944415,0.9600390537493407
fig5,0.8157470151661826,0.9625978789265255,0.9603763619654426
fig5,0.8183284930622782,0.9632561550063812,0.9607108553927721
fig5,0.8209099709583737,0.9633541328778391,0.9610425569300831
fig5,0.8234914488544692,0.9637096352730081,0.961371489758694
fig5,0.8260729267505647,0.9641070697875431,0.9616976763958636
fig5,0.8286544046466602,0.9644892333492889,0.9620211395877858
fig5,0.8312358825427557,0.9648388845647032,0.9623419016600823
fig5,0.8338173604388512,0.9649434236478771,0.9626599846298254
fig5,0.8363988383349468,0.9629478214093599,0.9629754109586883
fig5,0.8389803162310423,0.9633085922678682,0.9632882020735332
fig5,0.8415617941271378,0.9636633282552249,0.9635983798565222
fig5,0.8441432720232332,0.9637824509023077,0.9639059656252056
fig5,0.8467247499193288,0.9641056702231747,0.9642109810784711
fig5,0.8493062278154243,0.9645002881470118,0.9645134468548917
fig5,0.8518877057115198,0.9648896506525065,0.964813384409893
fig5,0.8544691836076154,0.9652225486545012,0.9651108141047484
fig5,0.8570506615037109,0.9653365735848229,0.9654057570896382
fig5,0.8596321393998064,0.9656795408022905,0.9656982335609079
fig5,0.862213617295902,0.9660301051348843,0.9659882638720225
fig5,0.8647950951919974,0.9661408812020639,0.9662758680431689
fig5,0.8673765730880929,0.9664694280078896,0.9665610662817911
fig5,0.8699580509841884,0.9668508106427034,0.9668438782509267
fig5,0.872539528880284,0.9669407099197803,0.9671243237344025
fig5,0.8751210067763795,0.9672552667084202,0.9674024222943424
fig5,0.877702484672475,0.9707634361871649,0.9676781930248166
fig5,0.8802839625685706,0.9703810330386399,0.9679516553555261
fig5,0.882865440464666,0.9704604636216563,0.9682228283751726
fig5,0.8854469183607615,0.9708072755279411,0.9684917306116267
fig5,0.888028396256857,0.9711529985895602,0.9687583813323161
fig5,0.8906098741529526,0.9712444749551372,0.9690227985842681
fig5,0.8931913520490481,0.9715940434507161,0.9692850009817184
fig5,0.8957728299451436,0.9719388277527812,0.969545007240816
fig5,0.8983543078412392,0.9720296797219874,0.9698028347946127
fig5,0.9009357857373346,0.9723865877712031,0.9700585022147039
fig5,0.9035172636334301,0.9727300205621883,0.9703120270294188
fig5,0.9060987415295256,0.9728204204370661,0.9705634268448244
fig5,0.9086802194256212,0.9731778173061798,0.9708127194789398
fig5,0.9112616973217167,0.9735035892957441,0.9710599222824505
fig5,0.9138431752178122,0.9735824304528031,0.9713050526052543
fig5,0.9164246531139078,0.9736537222367182,0.9715481272507631
fig5,0.9190061310100033,0.973971758564181,0.9717891636152236
fig5,0.9215876089060987,0.9719984832697645,0.97202817830974
fig5,0.9241690868021942,0.9723256331471521,0.9722651881720744
fig5,0.9267505646982898,0.9724313647926246,0.9725002095829867
fig5,0.9293320425943853,0.9727801339857262,0.9727332593139524
fig5,0.9319135204904808,0.9727785801922688,0.9729643535950662
fig5,0.9344949983865763,0.9731602228988339,0.9731935083008922
fig5,0.9370764762826719,0.9732473289146297,0.9734207397991276
fig5,0.9396579541787673,0.9735772090886073,0.9736460638326974
fig5,0.9422394320748628,0.9739122584308845,0.9738694964692127
fig5,0.9448209099709584,0.9740017906308271,0.9740910531949656
fig5,0.9474023878670539,0.974357732888266,0.9743107493029917
fig5,0.9499838657631494,0.9743605323262633,0.974528600660475
fig5,0.952565343659245,0.9747175031198698,0.9747446223829958
fig5,0.9551468215553405,0.9748167220970567,0.9749588294186804
fig5,0.9577282994514359,0.975147300845488,0.9751712370718993
fig5,0.9603097773475314,0.9751362804220561,0.9753818602825133
fig5,0.962891255243627,0.9755376636564754,0.9755907134865082
fig5,0.9654727331397225,0.9779065577010264,0.9757978118766704
fig5,0.968054211035818,0.9782466362228028,0.9760031695256242
fig5,0.9706356889319135,0.978354039463448,0.9762068012012594
fig5,0.9732171668280091,0.9786982248520709,0.9764087210801291
fig5,0.9757986447241046,0.9786982248520709,0.9766089433054461
fig5,0.9783801226202,0.9790431614380861,0.9768074820651245
fig5,0.9809616005162956,0.9791464103490106,0.9770043513174852
fig5,0.9835430784123911,0.979491599265054,0.97719956504763
fig5,0.9861245563084866,0.979490091475252,0.9773931368907033
fig5,0.9887060342045821,0.9798366319159757,0.9775850802057198
fig5,0.9912875121006777,0.9799271840954296,0.9777754089103654
fig5,0.9938689899967732,0.9799663346919221,0.9779641364585719
fig5,0.9964504678928686,0.9802812913245156,0.9781512757200437
fig5,1.0016134236850598,0.9806885505902441,0.9785208429867129
fig5,1.0041949015811553,0.9807366677831119,0.9787032970227745
fig5,1.0067763794772506,0.9780362774731134,0.978884215049981
fig5,1.0093578573733462,0.9790895886943485,0.9790636101633372
fig5,1.0119393352694417,0.9790917703334421,0.9792414945408758
fig5,1.0145208131655372,0.9794393060263112,0.9794178812499953
fig5,1.0171022910616327,0.9795110579252259,0.9795927823081325
fig5,1.0196837689577283,0.9798847826154908,0.9797662103864846
fig5,1.0222652468538238,0.9798816568047336,0.9799381775177343
fig5,1.0248467247499193,0.979876025883468,0.9801086960509426
fig5,1.0274282026460149,0.9802360891089781,0.980277777924694
fig5,1.0300096805421104,0.9803203846558577,0.9804454351467637
fig5,1.032591158438206,0.9806703003378567,0.9806116796455495
fig5,1.0351726363343015,0.980670300583012,0.9807765231201167
fig5,1.037754114230397,0.980990476830407,0.9809399770745832
fig5,1.0403355921264925,0.9810364418639397,0.9811020533062815
fig5,1.0429170700225878,0.9811121278052286,0.9812627632168762
fig5,1.0454985479186834,0.9814586312945772,0.9814221180046621
fig5,1.0480800258147789,0.9814595660749507,0.9815801292580651
fig5,1.0506615037108744,0.9838653089784846,0.9817368080823575
fig5,1.05324298160697,0.9838840857881224,0.9818921655767119
fig5,1.0558244595030655,0.9842145072233568,0.9820462127294537
fig5,1.058405937399161,0.9842204710363585,0.9821989603086072
fig5,1.0609874152952565,0.984570534481089,0.9823504194741062
fig5,1.063568893191352,0.9846155679226882,0.9825006006033967
fig5,1.0661503710874476,0.984662218384198,0.9826495146372263
fig5,1.0687318489835431,0.9850098619329389,0.982797172096116
fig5,1.0713133268796386,0.9850098619329389,0.9829435833980346
fig5,1.0738948047757342,0.9853381904398246,0.9830887590187479
fig5,1.0764762826718297,0.9853525438699936,0.9832327090544702
fig5,1.0790577605679252,0.9854575292857941,0.9833754440034979
fig5,1.0816392384640205,0.9854733727810651,0.9835169738278801
fig5,1.084220716360116,0.9858028359170967,0.9836573086835456
fig5,1.0868021942562116,0.9861192413984377,0.9837964584996826
fig5,1.0893836721523071,0.9861474764067921,0.9839344332020159
fig5,1.0919651500484027,0.9861473808486416,0.9840712425850864
fig5,1.0945466279444982,0.9841789789158211,0.9842068963288948
fig5,1.0971281058405937,0.9842542608079785,0.9843414043001876
fig5,1.0997095837366893,0.9842776965184052,0.9844747755548908
fig5,1.1022910616327848,0.9846132000099868,0.9846070202749158
fig5,1.1048725395288803,0.9846166270636288,0.9847381475328786
fig5,1.1074540174249758,0.9846169376756899,0.9848681665592943
fig5,1.1100354953210714,0.984960281336021,0.9849970867047009
fig5,1.112616973217167,0.9850359853432464,0.985124917255804
fig5,1.1151984511132624,0.9850672754143935,0.9852516672154821
fig5,1.117779929009358,0.9854030958231721,0.9853773458848702
fig5,1.1203614069054533,0.9854049590106149,0.9855019617423038
fig5,1.1229428848015488,0.9854027874121077,0.9856255239343372
fig5,1.1255243626976443,0.9857506392756111,0.985748041341456
fig5,1.1281058405937399,0.9857857782882125,0.9858695226733019
fig5,1.1306873184898354,0.9858421523719264,0.9859899764753628
fig5,1.133268796385931,0.9861914139301564,0.9861094113890504
fig5,1.1358502742820265,0.9882161831138258,0.9862278359440795
fig5,1.138431752178122,0.9885239748914862,0.9863452588823317
fig5,1.1410132300742175,0.9885202761618179,0.9864616881650468
fig5,1.143594707970313,0.9886051005907893,0.9865771322760739
fig5,1.1461761858664086,0.9886136761102848,0.9866915995415069
fig5,1.148757663762504,0.9889567153788583,0.9868050981377585
fig5,1.1513391416585996,0.9889540049530219,0.9869176358813379
fig5,1.1539206195546952,0.9889494458937065,0.9870292211914691
fig5,1.1565020974507905,0.989296564965048,0.9871398620012541
fig5,1.159083575346886,0.9893010665171492,0.9872495660012044
fig5,1.1616650532429815,0.9893937159967321,0.9873583412988934
fig5,1.164246531139077,0.989395996644761,0.9874661955194228
fig5,1.1668280090351726,0.9897403928498079,0.9875731362106431
fig5,1.1694094869312681,0.9897384030794243,0.9876791713421303
fig5,1.1719909648273636,0.9897376245714653,0.9877843085154965
fig5,1.1745724427234592,0.9900681797137783,0.9878885550428192
fig5,1.1771539206195547,0.9900911320828514,0.9879919184248971
fig5,1.1797353985156502,0.9881037308664611,0.9880944060901167
fig5,1.1823168764117458,0.9881242415191412,0.9881960257491577
fig5,1.1848983543078413,0.988198189338185,0.9882967839331247
fig5,1.1874798322039368,0.9882188041452808,0.9883966885836917
fig5,1.1900613101000324,0.9885639028287518,0.9884957464413756
fig5,1.1926427879961279,0.9885595331237576,0.988593964945152
fig5,1.1952242658922232,0.9885620244028397,0.9886913506395247
fig5,1.1978057437883187,0.988557357873058,0.9887879110637103
fig5,1.2029686995805098,0.9889080592444989,0.9889785827632519
fig5,1.2055501774766053,0.9889773827456398,0.9890727076586863
fig5,1.2081316553727008,0.9889952191946494,0.9891660348349758
fig5,1.2107131332687964,0.9893494245125208,0.9892585701615805
fig5,1.213294611164892,0.9893522283606133,0.9893503209214239
fig5,1.2158760890609874,0.9893491124260355,0.9894412934506152
fig5,1.218457566957083,0.9893516012419191,0.9895314942248393
fig5,1.2210390448531785,0.9893750902006061,0.9896209298630603
fig5,1.223620522749274,0.991723957616623,0.9897096066967579
fig5,1.2262020006453695,0.9917620961212514,0.9897975311525142
fig5,1.228783478541465,0.9917681906489155,0.9898847096806501
fig5,1.2313649564375606,0.9921092430016111,0.9899711484412931
fig5,1.233946434333656,0.9924391070510372,0.9900568533285912
fig5,1.2365279122297514,0.9924619460293012,0.9901418310958101
fig5,1.239109390125847,0.9924656868597956,0.9902260876285547
fig5,1.2416908680219425,0.992476116170578,0.9903096286950106
fig5,1.244272345918038,0.9924745653227108,0.9903924606477303
fig5,1.2468538238141336,0.9924773387083052,0.9904745894069767
fig5,1.249435301710229,0.9925572501412154,0.9905560208046593
fig5,1.2520167796063246,0.9925572501412154,0.9906367608958979
fig5,1.2545982575024202,0.992570259012227,0.9907168152254304
fig5,1.2571797353985157,0.992897856750818,0.9907961894795487
fig5,1.2597612132946112,0.9929059149261399,0.9908748898945688
fig5,1.2623426911907067,0.9929025113504352,0.9909529217504119
fig5,1.2649241690868023,0.9909327387588257,0.99103029070407
fig5,1.2675056469828978,0.9909336067707109,0.9911070024809947
fig5,1.2700871248789933,0.9909285747565577,0.9911830624198763
fig5,1.2726686027750886,0.9912646164263206,0.9912584761691079
fig5,1.2752500806711842,0.9912794556807842,0.9913332491007965
fig5,1.2778315585672797,0.9913108526089296,0.991407386555331
fig5,1.2804130364633752,0.9913694172839707,0.9914808941163258
fig5,1.2829945143594708,0.9913685380616388,0.9915537767152707
fig5,1.2855759922555663,0.9917147348606525,0.9916260401026742
fig5,1.2881574701516618,0.9917141082461949,0.9916976889548275
fig5,1.2907389480477574,0.9917162864550382,0.9917687288006245
fig5,1.2933204259438529,0.991714115589297,0.9918391647604743
fig5,1.2959019038399484,0.991716597555483,0.9919090017797959
fig5,1.298483381736044,0.9917156662076836,0.991978244910706
fig5,1.3010648596321395,0.9920482761176515,0.9920468993997887
fig5,1.303646337528235,0.9920611100009922,0.9921149699739609
fig5,1.3062278154243305,0.9920910894047155,0.9921824614822798
fig5,1.3088092933204258,0.9933465740869792,0.9922493790895783
fig5,1.3113907712165214,0.9933614287435706,0.9923157275387604
fig5,1.313972249112617,0.9936895267325163,0.9923815115286125
fig5,1.3165537270087124,0.9936940268671037,0.9924467356012077
fig5,1.319135204904808,0.993688971851281,0.9925114052681681
fig5,1.3217166828009035,0.9944472419681506,0.9925755242748471
fig5,1.324298160696999,0.9944472419681506,0.9926390980316803
fig5,1.3268796385930945,0.9944745905108329,0.9927021305022933
fig5,1.32946111648919,0.994479517241885,0.992764626588967
fig5,1.3320425943852856,0.9944780519535019,0.9928265906325426
fig5,1.3346240722813811,0.9945034287901864,0.9928880274657592
fig5,1.3372055501774767,0.9945833530571992,0.9929489413927514
fig5,1.3397870280735722,0.9945833530571992,0.9930093366566246
fig5,1.3423685059696677,0.9945767258382643,0.9930692178681699
fig5,1.3449499838657633,0.9946021185365039,0.9931285891316344
fig5,1.3475314617618586,0.9949369824998868,0.9931874547640974
fig5,1.350112939657954,0.9949130407907527,0.9932458193833705
fig5,1.3526944175540496,0.9932938856015778,0.9933036866408511
fig5,1.3552758954501452,0.9932938856015778,0.9933610614989183
fig5,1.3578573733462407,0.9932932633976069,0.9934179476249962
fig5,1.3604388512423362,0.9932941969491055,0.993474348907385
fig5,1.3630203291384317,0.9932929537653947,0.9935302700312287
fig5,1.3656018070345273,0.9932929537653947,0.993585714668443
fig5,1.3681832849306228,0.9936346201587185,0.9936406870131462
fig5,1.3707647628267183,0.9936429300142828,0.9936951908794173
fig5,1.3733462407228139,0.9936445321060705,0.9937492305892102
fig5,1.3759277186189094,0.9936846575686059,0.9938028095298714
fig5,1.378509196515005,0.9937336507537382,0.9938559320303115
fig5,1.3810906744111004,0.9937336507537382,0.993908601724123
fig5,1.383672152307196,0.9937429996667158,0.9939608226180783
fig5,1.3862536302032913,0.9940803572952699,0.9940125985072699
fig5,1.3888351080993868,0.9940825303566254,0.9940639327348514
fig5,1.3914165859954823,0.9940825303566254,0.9941148296578581
fig5,1.3939980638915779,0.9957877617948382,0.9941652925672967
fig5,1.3965795417876734,0.995777884433585,0.9942153252278157
fig5,1.4017424975798645,0.9961402025377653,0.9943141144741227
fig5,1.40432397547596,0.9961498509144893,0.9943628781380516
fig5,1.4069054533720555,0.9961498509144893,0.9944112261095825
fig5,1.409486931268151,0.9961496821094732,0.9944591616011919
fig5,1.4120684091642466,0.9962233987335201,0.9945066882311727
fig5,1.4146498870603421,0.9962666590967395,0.994553809690397
fig5,1.4172313649564376,0.9962666590967395,0.9946005289397337
fig5,1.4198128428525332,0.9962658251150558,0.9946468498748022
fig5,1.4223943207486285,0.9962679691880945,0.99469277553269
fig5,1.424975798644724,0.9966161726845488,0.9947383092329868
fig5,1.4275572765408195,0.9966161726845488,0.9947834546189167
fig5,1.430138754436915,0.9966130259535926,0.9948282146585484
fig5,1.4327202323330106,0.9966126018941779,0.9948725928428958
fig5,1.4353017102291061,0.9966145047898833,0.9949165922415542
fig5,1.4378831881252017,0.9948771856389962,0.9949602161898118
fig5,1.4404646660212972,0.994870551444474,0.9950034677550481
fig5,1.4430461439173927,0.9948733503817222,0.9950463500883882
fig5,1.4456276218134883,0.9948714845041178,0.9950888663571484
fig5,1.4482090997095838,0.9948717948717949,0.9951310199001682
fig5,1.4507905776056793,0.9948717948717949,0.9951728133289247
fig5,1.4533720555017748,0.995211711011264,0.9952142500176537
fig5,1.4559535333978704,0.9952209843547429,0.9952553329401541
fig5,1.458535011293966,0.9952209843547429,0.9952960650934893
fig5,1.4611164891900612,0.9952241620073787,0.9953364493183923
fig5,1.4636979670861567,0.9952648593049739,0.9953764888470605
fig5,1.4662794449822523,0.995306976566299,0.9954161861524904
fig5,1.4688609228783478,0.995309315985049,0.9954555445197738
fig5,1.4714424007744433,0.9953129759211803,0.995494566800314
fig5,1.4740238786705389,0.9953123711493512,0.9955332557406771
fig5,1.4766053565666344,0.9956607495069033,0.9955716142656847
fig5,1.47918683446273,0.9956632561141634,0.9956096448021343
fig5,1.4817683123588254,0.9974640743871512,0.9956473506136563
fig5,1.484349790254921,0.9974640743871512,0.9956847343370708
fig5,1.4869312681510165,0.9974640743871512,0.995721798663129
fig5,1.489512746047112,0.9974640743871512,0.9957585461465484
fig5,1.4920942239432076,0.9974640743871512,0.9957949795523113
fig5,1.494675701839303,0.9974640743871512,0.9958311016585453
fig5,1.4972571797353986,0.9974640743871512,0.9958669153176007
fig5,1.499838657631494,0.9978410703107059,0.9959024223487167
fig5,1.5024201355275895,0.9978348395433307,0.9959376263648225
fig5,1.505001613423685,0.9978348395433307,0.995972529093811
fig5,1.5075830913197805,0.9978348395433307,0.9960071337479723
fig5,1.510164569215876,0.9978348395433307,0.996041442382015
fig5,1.5127460471119716,0.9978515093398614,0.9960754578731275
fig5,1.5153275250080671,0.997907766952546,0.9961091822872312
fig5,1.5179090029041626,0.9979532412886258,0.9961426185421209
fig5,1.5204904808002582,0.9979532412886258,0.9961757686959027
fig5,1.5230719586963537,0.9961003377070068,0.9962086355061222
fig5,1.5256534365924492,0.9960994213787064,0.9962412212304199
fig5,1.5282349144885448,0.9961011591148577,0.9962735282972405
fig5,1.5308163923846403,0.9961011591148577,0.9963055590571899
fig5,1.5333978702807358,0.9961180408084723,0.996337315860484
fig5,1.5359793481768311,0.9964490804624583,0.9963688007518461
fig5,1.5385608260729267,0.9967683418062616,0.9964000165215474
fig5,1.5411423039690222,0.9967715145852798,0.9964309651065523
fig5,1.5437237818651177,0.996770771003701,0.996461649195764
fig5,1.5463052597612132,0.996770771003701,0.9964920705455133
fig5,1.5488867376573088,0.9964497041420117,0.9965222316316105
fig5,1.5514682155534043,0.9964546975257782,0.9965521347563002
fig5,1.5540496934494998,0.9964521929578953,0.9965817817565994
fig5,1.5566311713455954,0.9967998811388318,0.9966111752121213
fig5,1.559212649241691,0.9968012091882037,0.9966403171387997
fig5,1.5617941271377864,0.9968012091882037,0.9966692096565173
fig5,1.564375605033882,0.9968094544329864,0.996697854638683
fig5,1.5669570829299775,0.9986922299810163,0.9967262546670672
fig5,1.569538560826073,0.9986786587771204,0.9967544115308353
fig5,1.5721200387221685,0.9986786587771204,0.9967823273498236
fig5,1.5747015166182639,0.9986786587771204,0.9968100042726713
fig5,1.5772829945143594,0.9986786587771204,0.9968374440482023
fig5,1.579864472410455,0.9986789743589743,0.9968646490798647
fig5,1.5824459503065504,0.9987271214038667,0.9968916209593939
fig5,1.585027428202646,0.9987741196532406,0.9969183622739761
fig5,1.5876089060987415,0.998799925212578,0.9969448742752582
fig5,1.590190383994837,0.9987955292570677,0.9969711591830275
fig5,1.5927718618909326,0.9987955292570677,0.9969972192763001
fig5,1.595353339787028,0.9987843722801834,0.99702305573331
fig5,1.5979348176831236,0.9987918144639929,0.9970486713254403
fig5,1.6030977734753147,0.9987911824576094,0.9970992455652572
fig5,1.6056792513714102,0.9991604513034951,0.9971242085464447
fig5,1.6082607292675057,0.9991346315264071,0.9971489572418359
fig5,1.6108422071636013,0.9972317765400178,0.9971734942273888
fig5,1.6134236850596966,0.9972311209939823,0.9971978209851939
fig5,1.616005162955792,0.9972380380417661,0.9972219391469604
fig5,1.6185866408518876,0.9972380380417661,0.9972458507039933
fig5,1.6211681187479832,0.9972352149275225,0.9972695572779973
fig5,1.6237495966440787,0.9972355453018436,0.9972930608878472
fig5,1.6263310745401742,0.9972380395034663,0.9973163630212074
fig5,1.6289125524362698,0.9972417697969749,0.9973394653234422
fig5,1.6314940303323653,0.9972361719224785,0.9973623696233559
fig5,1.6340755082284608,0.9972386587771203,0.9973850778721598
fig5,1.6366569861245563,0.9972392780507742,0.9974075911897631
fig5,1.6392384640206519,0.9972392780507742,0.9974299116317316
fig5,1.6418199419167474,0.9972330412203829,0.9974520405245502
fig5,1.644401419812843,0.9972377262066296,0.9974739800175091
fig5,1.6469828977089385,0.997238348653443,0.9974957311796165
fig5,1.6495643756050338,0.9972380350975668,0.9975172959723964
fig5,1.6521458535011293,0.999523869832104,0.9975386759196372
fig5,1.6547273313972248,0.9995240787786599,0.9975598723875363
fig5,1.6573088092933204,0.9995208790306407,0.9975808871629508
fig5,1.659890287189416,0.9995208790306407,0.9976017217765799
fig5,1.6624717650855114,0.9995208790306407,0.9976223776687213
fig5,1.665053242981607,0.9995208790306407,0.9976428565302448
fig5,1.6676347208777025,0.9995180717813854,0.997663159396827
fig5,1.670216198773798,0.9995517161014629,0.997683288381334
fig5,1.6727976766698935,0.9995780538430559,0.9977032446491259
fig5,1.675379154565989,0.9996395456927447,0.9977230297489834
fig5,1.6779606324620846,0.9996381502087108,0.997742645069652
fig5,1.6805421103581801,0.9996381502087108,0.9977620921357928
fig5,1.6831235882542757,0.9996381502087108,0.9977813723279017
fig5,1.6857050661503712,0.9996381502087108,0.9978004872533732
fig5,1.6882865440464665,0.9996381502087108,0.9978194379870375
fig5,1.690868021942562,0.9996381502087108,0.9978382263258874
fig5,1.6934494998386576,0.999644410347289,0.997856853304264
fig5,1.696030977734753,0.9972825623988414,0.9978753204238842
fig5,1.6986124556308486,0.9972850872427089,0.9978936290685203
fig5,1.7011939335269441,0.9972837979726614,0.997911780557009
fig5,1.7037754114230397,0.9976284584980237,0.9979297763620123
fig5,1.7063568893191352,0.9976331360946745,0.9979476175811941
fig5,1.7089383672152307,0.9976331360946745,0.997965305912631
fig5,1.7115198451113263,0.9976329425336747,0.9979828422194796
fig5,1.7141013230074218,0.9976329425336747,0.9980002278689684
fig5,1.7166828009035173,0.9976329425336747,0.9980174644997911
fig5,1.7192642787996129,0.9976272775206514,0.9980345529596566
fig5,1.7218457566957084,0.9976296278971863,0.9980514948947077
fig5,1.724427234591804,0.9976331360946745,0.9980682913566845
fig5,1.7270087124878992,0.9976331360946745,0.998084943417163
fig5,1.7295901903839948,0.9976354702799854,0.9981014528248073
fig5,1.7321716682800903,0.9976331360946745,0.998117820061403
fig5,1.7347531461761858,0.9976304128784784,0.9981340469190241
fig5,1.7373346240722813,0.9976443674668526,0.9981501344868073
fig5,1.7399161019683769,1.000002214920368,0.9981660837950932
fig5,1.7424975798644724,1.000002214920368,0.9981818961605043
fig5,1.745079057760568,1.000002214920368,0.9981975727399097
fig5,1.7476605356566635,1.000002214920368,0.9982131146758924
fig5,1.750242013552759,1.000002214920368,0.9982285231472852
fig5,1.7528234914488545,1.000002214920368,0.998243799183878
fig5,1.75540496934495,1.000003652567755,0.9982589439898653
fig5,1.7579864472410456,1.000002214920368,0.998273958767016
fig5,1.760567925137141,1.0003639384969212,0.9982888446009301
fig5,1.7631494030332364,1.0003639384969212,0.9983036023578635
fig5,1.765730880929332,1.0003617532722728,0.9983182334784445
fig5,1.7683123588254275,1.0003617532722728,0.9983327387340759
fig5,1.770893836721523,1.0003617532722728,0.9983471193256983
fig5,1.7734753146176185,1.0003617532722728,0.9983613765336744
fig5,1.776056792513714,1.0003617532722728,0.9983755113333976
fig5,1.7786382704098096,1.0003617532722728,0.9983895242073617
fig5,1.7812197483059051,0.997637822953893,0.9984034170588028
fig5,1.7838012262020007,0.9976331360946745,0.9984171904414614
fig5,1.7863827040980962,0.9976331360946745,0.9984308452875158
fig5,1.7889641819941917,0.9976331360946745,0.9984443828944686
fig5,1.7915456598902872,0.9976321663864209,0.9984578038607801
fig5,1.7941271377863828,0.9976327485923979,0.9984711098566653
fig5,1.7967086156824783,0.9976333296556743,0.9984843012569835
fig5,1.8018715714746691,0.9976411986918927,0.9985103449196933
fig5,1.8044530493707647,0.9976753272935489,0.9985231990349579
fig5,1.8070345272668602,0.9976772443179454,0.9985359427601121
fig5,1.8096160051629557,0.9976763407532638,0.9985485767955768
fig5,1.8121974830590513,0.9976768282026316,0.9985611022214333
fig5,1.8147789609551468,0.9976750884443192,0.9985735198339325
fig5,1.8173604388512423,0.9976762495079446,0.9985858308920691
fig5,1.8199419167473379,0.9976762495079446,0.9985980359659514
fig5,1.8225233946434334,0.9976841935777736,0.9986101361154518
fig5,1.825104872539529,1.0004720168976964,0.9986221320794082
fig5,1.8276863504356244,1.0004773259652708,0.9986340248837347
fig5,1.83026782833172,1.0004773259652708,0.9986458155770681
fig5,1.8328493062278155,1.0004773259652708,0.9986575046668091
fig5,1.835430784123911,1.0004773259652708,0.9986690931384463
fig5,1.8380122620200066,1.000479068218095,0.998680582208368
fig5,1.8405937399161019,1.000472193350751,0.9986919722340448
fig5,1.8431752178121974,1.0004772090018395,0.9987032644592406
fig5,1.845756695708293,1.0005119789328019,0.9987144592541816
fig5,1.8483381736043885,1.0008402710080206,0.9987255580388029
fig5,1.850919651500484,1.0008402710080206,0.9987365609962955
fig5,1.8535011293965795,1.0008402710080206,0.9987474697038481
fig5,1.856082607292675,1.0008402710080206,0.9987582843400906
fig5,1.8586640851887706,1.0008402710080206,0.9987690059183234
fig5,1.861245563084866,1.0008402710080206,0.9987796351187058
fig5,1.8638270409809616,1.0008327232591618,0.9987901731490494
fig5,1.8664085188770572,1.0004916658162673,0.9988006203408153
fig5,1.8689899967731527,0.9980265766781484,0.9988109773427104
fig5,1.8715714746692482,0.9980281304205088,0.9988212455774211
fig5,1.8741529525653438,0.9980265766781484,0.9988314254028658
fig5,1.8767344304614393,0.9980265766781484,0.9988415175009029
fig5,1.8793159083575346,0.9980270957254602,0.9988515227209405
fig5,1.8818973862536301,0.9980270957254602,0.9988614417846564
fig5,1.8844788641497257,0.9980281297437963,0.9988712754453298
fig5,1.8870603420458212,0.9980281297437963,0.9988810245773618
fig5,1.8896418199419167,0.9980265753140247,0.9988906898783771
fig5,1.8922232978380122,0.9980265766781484,0.9989002717658748
fig5,1.8948047757341078,0.9980265766781484,0.9989097711969955
fig5,1.8973862536302033,0.9980265766781484,0.9989191889276343
fig5,1.8999677315262988,0.9980270957254602,0.9989285254349867
fig5,1.9025492094223944,0.9980276134122288,0.9989377815784546
fig5,1.90513068731849,0.9980281297437963,0.9989469582081494
fig5,1.9077121652145854,0.9980281297437963,0.998956055592805
fig5,1.910293643110681,1.0008395863501396,0.9989650748017371
fig5,1.9128751210067765,1.0008482321850887,0.9989740163059163
fig5,1.9154565989028718,1.0008505674970842,0.9989828807306649
fig5,1.9180380767989673,1.0008505674970842,0.9989916687825244
fig5,1.9206195546950628,1.0008505674970842,0.9990003812507473
fig5,1.9232010325911584,1.0008505674970842,0.9990090186109781
fig5,1.925782510487254,1.0008505674970842,0.9990175816778761
fig5,1.9283639883833494,1.0008505674970842,0.9990260707349949
fig5,1.930945466279445,1.0008505674970842,0.9990344870702933
fig5,1.9335269441755405,1.0008505674970842,0.9990428305598138
fig5,1.936108422071636,1.0008505674970842,0.9990511022084541
fig5,1.9386898999677316,1.0008505674970842,0.9990593026489345
fig5,1.941271377863827,1.0008505674970842,0.9990674324882085
fig5,1.9438528557599226,1.0008505674970842,0.999075492543317
fig5,1.9464343336560181,1.0012003260561981,0.9990834826844357
fig5,1.9490158115521137,1.001210067330656,0.9990914041065689
fig5,1.9515972894482092,1.0012270042461835,0.9990992574150024
fig5,1.9541787673443045,0.9989074356390446,0.9991070428877706
fig5,1.9567602452404,0.9980270970806613,0.9991147613545031
fig5,1.9593417231364956,0.9980276134122288,0.999122413393279
fig5,1.961923201032591,0.9980270964039489,0.9991299994671148
fig5,1.9645046789286866,0.9988724884582871,0.9991375202511341
fig5,1.9670861568247822,0.9988950805231611,0.9991449759111137
fig5,1.9696676347208777,0.9988950805231611,0.9991523675153375
