solver,t_hat,abs_error
40,0.05,5.820480232060438e-07
40,0.0546218487394958,9.081887012422499e-07
40,0.059243697478991594,1.272750686406477e-06
40,0.06386554621848739,1.6353228016577633e-06
40,0.0684873949579832,1.960412050785621e-06
40,0.07310924369747898,2.2251558896925768e-06
40,0.07773109243697479,2.42011654456964e-06
40,0.08235294117647059,2.5460929881936386e-06
40,0.08697478991596638,2.6100640415231975e-06
40,0.09159663865546218,2.6218529352316507e-06
40,0.09621848739495797,2.591903853711331e-06
40,0.10084033613445378,2.530017223307702e-06
40,0.10546218487394957,2.444753947451362e-06
40,0.11008403361344538,2.343249765391798e-06
40,0.11470588235294117,2.231254304930653e-06
40,0.11932773109243697,2.1133125847071506e-06
40,0.12394957983193276,1.992837322052244e-06
40,0.12857142857142856,1.870325790743644e-06
40,0.13319327731092434,1.7596671614837918e-06
40,0.13781512605042015,1.730440236214937e-06
40,0.14243697478991596,9.76205824844035e-07
40,0.14705882352941174,7.738623653562601e-07
40,0.15168067226890755,2.63872055120139e-05
40,0.15630252100840336,5.439777340649033e-05
40,0.1584,0.00020183551475050454
40,0.16,97112574575.44894
40,0.16092436974789914,0.0014591767271393563
40,0.1616,0.0010306422507186952
40,0.16236,0.0008368346820915039
40,0.164,0.0006400234816318361
40,0.16554621848739492,0.0005134409676258454
40,0.16564,0.0005060494427431293
40,0.17016806722689073,0.00012121198813952561
40,0.17478991596638654,0.00028324102015775496
40,0.17941176470588233,0.0005363770736254168
40,0.1840336134453781,0.0005159428674692555
40,0.18865546218487395,0.0002378850582491775
40,0.19327731092436973,0.00011581362453294653
40,0.1978991596638655,0.0005605979705251017
40,0.20252100840336135,0.00025131442569759175
40,0.20714285714285713,3.236168709675014e-05
40,0.2117647058823529,4.662797064459602e-06
40,0.2163865546218487,1.3911213181494544e-07
40,0.22100840336134453,4.0423237157683e-07
40,0.2256302521008403,3.881482069100225e-07
40,0.2302521008403361,3.332538148780325e-07
40,0.23487394957983188,2.918148417362384e-07
40,0.2394957983193277,2.600512102334259e-07
40,0.2441176470588235,2.332447159868475e-07
40,0.24873949579831928,2.0927830912775916e-07
40,0.2533613445378151,1.8733837081719243e-07
40,0.2579831932773109,1.6708810357635242e-07
40,0.2626050420168067,1.483517055876912e-07
40,0.26722689075630246,1.3101291562833764e-07
40,0.2718487394957983,1.1496970908730999e-07
40,0.2764705882352941,1.0013824147769937e-07
40,0.28109243697478986,8.643514326600679e-08
40,0.2857142857142857,7.37829606310977e-08
40,0.2903361344537815,6.210974856746345e-08
40,0.29495798319327726,5.135291258995336e-08
40,0.29957983193277304,4.1454825573273537e-08
40,0.3042016806722688,3.235247225774698e-08
40,0.30882352941176466,2.399241361239559e-08
40,0.31344537815126045,1.6326477948359307e-08
40,0.3180672268907562,9.304258475784888e-09
40,0.32268907563025206,2.8914752824301893e-09
40,0.32731092436974785,2.9706630498846032e-09
40,0.33193277310924363,8.30575985866302e-09
40,0.3365546218487394,1.3148910183891882e-08
40,0.34117647058823525,1.7544943721082527e-08
40,0.34579831932773103,2.1508978599205884e-08
40,0.3504201680672268,2.5090057477084836e-08
40,0.35504201680672265,2.8301848865487054e-08
40,0.35966386554621843,3.117603331148713e-08
40,0.3642857142857142,3.3741295647372295e-08
40,0.36890756302521,3.600653997282235e-08
40,0.37352941176470583,3.7997063829676405e-08
40,0.3781512605042016,3.974822837638028e-08
40,0.3827731092436974,4.12551699479077e-08
40,0.38739495798319323,4.2558008229610335e-08
40,0.392016806722689,4.3656390725677864e-08
40,0.3966386554621848,4.4581979442460364e-08
40,0.4012605042016806,4.532476072338723e-08
40,0.4058823529411764,4.591566094103241e-08
40,0.4105042016806722,4.636761052989682e-08
40,0.415126050420168,4.6675419419384935e-08
40,0.41974789915966376,4.687955412852132e-08
40,0.4243697478991596,4.6964503842451235e-08
40,0.4289915966386554,4.695137279064978e-08
40,0.43361344537815116,4.683070475952702e-08
40,0.438235294117647,4.6642223306859433e-08
40,0.4428571428571428,4.636556039205955e-08
40,0.44747899159663856,4.603554149096381e-08
40,0.45210084033613435,4.563698385962125e-08
40,0.4567226890756302,4.518790330909708e-08
40,0.46134453781512597,4.467625636206476e-08
40,0.46596638655462175,4.413346244114349e-08
40,0.4705882352941176,4.3544954865138676e-08
40,0.47521008403361337,4.2922028821058246e-08
40,0.47983193277310915,4.2252959576606043e-08
40,0.48445378151260493,4.157241972990802e-08
40,0.48907563025210077,4.087968774702047e-08
40,0.49369747899159655,4.016348054236643e-08
40,0.49831932773109233,3.940276793834654e-08
40,0.5029411764705882,3.86503440373839e-08
40,0.507563025210084,3.7872966208608274e-08
40,0.5121848739495798,3.710539997581277e-08
40,0.5168067226890756,3.63306397198623e-08
40,0.5214285714285714,3.5542750743578734e-08
40,0.5260504201680671,3.475981413914111e-08
40,0.5306722689075629,3.398643566676709e-08
40,0.5352941176470588,3.3196539185210396e-08
40,0.5399159663865546,3.241667123721284e-08
40,0.5445378151260504,3.161807638030281e-08
40,0.5491596638655462,3.0835337728630476e-08
40,0.5537815126050419,3.005141402490166e-08
40,0.5584033613445377,2.9320147089007785e-08
40,0.5630252100840336,2.855881875529844e-08
40,0.5676470588235294,2.7814003989879675e-08
40,0.5722689075630252,2.7079393617347146e-08
40,0.576890756302521,2.633601847812441e-08
40,0.5815126050420167,2.5654391501040673e-08
40,0.5861344537815125,2.4972958479919337e-08
40,0.5907563025210083,2.4253852371925698e-08
40,0.5953781512605042,2.355802231168793e-08
40,0.6,2.289995659865509e-08
41,0.05,5.820480232038754e-07
41,0.0546218487394958,9.081887012431172e-07
41,0.059243697478991594,1.2727506864723966e-06
41,0.06386554621848739,1.635322801702866e-06
41,0.0684873949579832,1.9604120506884766e-06
41,0.07310924369747898,2.2251558896995157e-06
41,0.07773109243697479,2.4201165441949398e-06
41,0.08235294117647059,2.546092988235272e-06
41,0.08697478991596638,2.610064044312633e-06
41,0.09159663865546218,2.6218529340104054e-06
41,0.09621848739495797,2.5919038544052205e-06
41,0.10084033613445378,2.5300172300523068e-06
41,0.10546218487394957,2.4447539171422735e-06
41,0.11008403361344538,2.3432498944552245e-06
41,0.11470588235294117,2.231256649777192e-06
41,0.11932773109243697,2.113285270778254e-06
41,0.12394957983193276,1.9927641167215578e-06
41,0.12857142857142856,1.872638129786109e-06
41,0.13319327731092434,1.7555267086143418e-06
41,0.13781512605042015,1.6188567675833328e-06
41,0.14243697478991596,1.5152462694577603e-06
41,0.14705882352941174,2.3704152687941134e-06
41,0.15168067226890755,8.331162832951885e-07
41,0.15630252100840336,2.6230411786066666e-05
41,0.1584,2.80941516112121e-06
41,0.16,6.623948053785622e-05
41,0.16092436974789914,0.00012192480415518337
41,0.1616,0.00016347383233283986
41,0.16236,0.0002054412390613002
41,0.164,0.0002606940579525939
41,0.16554621848739492,0.00026019181624426055
41,0.16564,0.0002586514747794376
41,0.17016806722689073,4.758993926512567e-05
41,0.17478991596638654,0.0002979296566286714
41,0.17941176470588233,0.0005387844733091295
41,0.1840336134453781,0.0005178448845316606
41,0.18865546218487395,0.00023830456993090377
41,0.19327731092436973,0.00017250625922715746
41,0.1978991596638655,0.0004971943015761325
41,0.20252100840336135,0.00034499671881571645
41,0.20714285714285713,0.00013827912488295724
41,0.2117647058823529,3.893852138703402e-05
41,0.2163865546218487,7.948543953696264e-06
41,0.22100840336134453,1.7354176289351438e-06
41,0.2256302521008403,5.646857434992167e-07
41,0.2302521008403361,3.401622558084635e-07
41,0.23487394957983188,2.8436853816249463e-07
41,0.2394957983193277,2.558674335749752e-07
41,0.2441176470588235,2.315936118445502e-07
41,0.24873949579831928,2.08706471883536e-07
41,0.2533613445378151,1.8715345540087993e-07
41,0.2579831932773109,1.670310567646335e-07
41,0.2626050420168067,1.4833653594437193e-07
41,0.26722689075630246,1.3100931894982706e-07
41,0.2718487394957983,1.1497050178654957e-07
41,0.2764705882352941,1.0013900442296189e-07
41,0.28109243697478986,8.643388205265081e-08
41,0.2857142857142857,7.377875022129912e-08
41,0.2903361344537815,6.21093133600378e-08
41,0.29495798319327726,5.135552827539938e-08
41,0.29957983193277304,4.14541612158156e-08
41,0.3042016806722688,3.23490558794556e-08
41,0.30882352941176466,2.398945064918747e-08
41,0.31344537815126045,1.6326713315640527e-08
41,0.3180672268907562,9.306796445619181e-09
41,0.32268907563025206,2.885978790279875e-09
41,0.32731092436974785,2.972499802856543e-09
41,0.33193277310924363,8.307510458328249e-09
41,0.3365546218487394,1.3152404277794982e-08
41,0.34117647058823525,1.7540765285707048e-08
41,0.34579831932773103,2.1513203663948398e-08
41,0.3504201680672268,2.5084936240316845e-08
41,0.35504201680672265,2.830482559546068e-08
41,0.35966386554621843,3.116965530225526e-08
41,0.3642857142857142,3.373579427024067e-08
41,0.36890756302521,3.601417564269651e-08
41,0.37352941176470583,3.80070904758564e-08
41,0.3781512605042016,3.974334872414245e-08
41,0.3827731092436974,4.1268074292167524e-08
41,0.38739495798319323,4.25571138339417e-08
41,0.392016806722689,4.3654905691360126e-08
41,0.3966386554621848,4.456418834053535e-08
41,0.4012605042016806,4.533085629188163e-08
41,0.4058823529411764,4.591255054020662e-08
41,0.4105042016806722,4.635912132056133e-08
41,0.415126050420168,4.6689192402139225e-08
41,0.41974789915966376,4.689734078955423e-08
41,0.4243697478991596,4.6958907430228704e-08
41,0.4289915966386554,4.6947097987915766e-08
41,0.43361344537815116,4.684142596123122e-08
41,0.438235294117647,4.6642926744167836e-08
41,0.4428571428571428,4.639600181921635e-08
41,0.44747899159663856,4.603929582114388e-08
41,0.45210084033613435,4.565297906478163e-08
41,0.4567226890756302,4.5189725851214304e-08
41,0.46134453781512597,4.469074344026849e-08
41,0.46596638655462175,4.4141214462390634e-08
41,0.4705882352941176,4.355300531433484e-08
41,0.47521008403361337,4.2896352471123135e-08
41,0.47983193277310915,4.226125605122446e-08
41,0.48445378151260493,4.1563368303632854e-08
41,0.48907563025210077,4.089099869919535e-08
41,0.49369747899159655,4.014951837760874e-08
41,0.49831932773109233,3.938254855662207e-08
41,0.5029411764705882,3.869045239846072e-08
41,0.507563025210084,3.7876308424001605e-08
41,0.5121848739495798,3.71255136643053e-08
41,0.5168067226890756,3.633669709668466e-08
41,0.5214285714285714,3.5529420073677455e-08
41,0.5260504201680671,3.4778520953016835e-08
41,0.5306722689075629,3.396271775024742e-08
41,0.5352941176470588,3.31544164354777e-08
41,0.5399159663865546,3.239720769532353e-08
41,0.5445378151260504,3.162093986752792e-08
41,0.5491596638655462,3.08609243725452e-08
41,0.5537815126050419,3.009760818451026e-08
41,0.5584033613445377,2.9305612937347812e-08
41,0.5630252100840336,2.8547975873150742e-08
41,0.5676470588235294,2.7796769775823814e-08
41,0.5722689075630252,2.7063468578281922e-08
41,0.576890756302521,2.6363734973889573e-08
41,0.5815126050420167,2.560022682829368e-08
41,0.5861344537815125,2.4940243316008102e-08
41,0.5907563025210083,2.4250994213771103e-08
41,0.5953781512605042,2.357979511746846e-08
41,0.6,2.290623779643921e-08
conv41,0.05,5.820480232086458e-07
conv41,0.0546218487394958,9.081887012604645e-07
conv41,0.059243697478991594,1.2727506864168854e-06
conv41,0.06386554621848739,1.6353228016959272e-06
conv41,0.0684873949579832,1.9604120508133767e-06
conv41,0.07310924369747898,2.2251558897203323e-06
conv41,0.07773109243697479,2.420116545083118e-06
conv41,0.08235294117647059,2.546092988609972e-06
conv41,0.08697478991596638,2.610064042147698e-06
conv41,0.09159663865546218,2.621852941421144e-06
conv41,0.09621848739495797,2.591903854960332e-06
conv41,0.10084033613445378,2.5300172351593327e-06
conv41,0.10546218487394957,2.444753929743305e-06
conv41,0.11008403361344538,2.3432499176588857e-06
conv41,0.11470588235294117,2.231256221841727e-06
conv41,0.11932773109243697,2.11328614768791e-06
conv41,0.12394957983193276,1.9928011031910005e-06
conv41,0.12857142857142856,1.872397526582082e-06
conv41,0.13319327731092434,1.753977249830841e-06
conv41,0.13781512605042015,1.6388939597110637e-06
conv41,0.14243697478991596,1.5280755736323267e-06
conv41,0.14705882352941174,1.4221229726617553e-06
conv41,0.15168067226890755,1.3213896565288382e-06
conv41,0.15630252100840336,1.2260436393362058e-06
conv41,0.1584,1.184563628132574e-06
conv41,0.16,1.1536704994662424e-06
conv41,0.16092436974789914,1.1361166872846392e-06
conv41,0.1616,1.1234220078658604e-06
conv41,0.16236,1.1092783392961943e-06
conv41,0.164,1.079247617720048e-06
conv41,0.16554621848739492,1.0515421017275324e-06
conv41,0.16564,1.0498805702595655e-06
conv41,0.17016806722689073,9.721833409425125e-07
conv41,0.17478991596638654,8.978562061622294e-07
conv41,0.17941176470588233,8.283460463119904e-07
conv41,0.1840336134453781,7.634198945237766e-07
conv41,0.18865546218487395,7.028356111559172e-07
conv41,0.19327731092436973,6.463491195606305e-07
conv41,0.1978991596638655,5.937183102943119e-07
conv41,0.20252100840336135,5.447087273467996e-07
conv41,0.20714285714285713,4.990930151392856e-07
conv41,0.2117647058823529,4.566537259452782e-07
conv41,0.2163865546218487,4.1718565579984623e-07
conv41,0.22100840336134453,3.8049138106999247e-07
conv41,0.2256302521008403,3.463905478017234e-07
conv41,0.2302521008403361,3.1470931394317414e-07
conv41,0.23487394957983188,2.8528583218101555e-07
conv41,0.2394957983193277,2.5796777558639927e-07
conv41,0.2441176470588235,2.3261607151703414e-07
conv41,0.24873949579831928,2.0909636733279582e-07
conv41,0.2533613445378151,1.8728783701782517e-07
conv41,0.2579831932773109,1.6707284422701276e-07
conv41,0.2626050420168067,1.483485719832042e-07
conv41,0.26722689075630246,1.3101312967933678e-07
conv41,0.2718487394957983,1.1497064544940896e-07
conv41,0.2764705882352941,1.0013798346186844e-07
conv41,0.28109243697478986,8.643482019110662e-08
conv41,0.2857142857142857,7.378171829153315e-08
conv41,0.2903361344537815,6.210982683818669e-08
conv41,0.29495798319327726,5.135496494823668e-08
conv41,0.29957983193277304,4.145502152763738e-08
conv41,0.3042016806722688,3.235132584145175e-08
conv41,0.30882352941176466,2.399156329258103e-08
conv41,0.31344537815126045,1.6324998687201296e-08
conv41,0.3180672268907562,9.30383659103553e-09
conv41,0.32268907563025206,2.885530815289439e-09
conv41,0.32731092436974785,2.9696662916530948e-09
conv41,0.33193277310924363,8.302541544159237e-09
conv41,0.3365546218487394,1.3146775447060133e-08
conv41,0.34117647058823525,1.754210077298337e-08
conv41,0.34579831932773103,2.1512950200031876e-08
conv41,0.3504201680672268,2.5090809875228624e-08
conv41,0.35504201680672265,2.8303747346859163e-08
conv41,0.35966386554621843,3.118056446471753e-08
conv41,0.3642857142857142,3.373874046908112e-08
conv41,0.36890756302521,3.6003547033592566e-08
conv41,0.37352941176470583,3.800276049503806e-08
conv41,0.3781512605042016,3.97489732250075e-08
conv41,0.3827731092436974,4.1263064965880416e-08
conv41,0.38739495798319323,4.2560483804910644e-08
conv41,0.392016806722689,4.366101080777254e-08
conv41,0.3966386554621848,4.45765753208657e-08
conv41,0.4012605042016806,4.5324694887161867e-08
conv41,0.4058823529411764,4.591537228304601e-08
conv41,0.4105042016806722,4.636099915178518e-08
conv41,0.415126050420168,4.66834338973551e-08
conv41,0.41974789915966376,4.6878081528701456e-08
conv41,0.4243697478991596,4.6964743650624554e-08
conv41,0.4289915966386554,4.694017352691118e-08
conv41,0.43361344537815116,4.68376694106051e-08
conv41,0.438235294117647,4.664898101236572e-08
conv41,0.4428571428571428,4.6376775087898194e-08
conv41,0.44747899159663856,4.6042873625863036e-08
conv41,0.45210084033613435,4.565347489038443e-08
conv41,0.4567226890756302,4.5195733490045155e-08
conv41,0.46134453781512597,4.469080161595498e-08
conv41,0.46596638655462175,4.414159349253124e-08
conv41,0.4705882352941176,4.354770644188291e-08
conv41,0.47521008403361337,4.292504818359602e-08
conv41,0.47983193277310915,4.226289296405197e-08
conv41,0.48445378151260493,4.1574988119853186e-08
conv41,0.48907563025210077,4.088248706335476e-08
conv41,0.49369747899159655,4.0162761783980285e-08
conv41,0.49831932773109233,3.9408102115890655e-08
conv41,0.5029411764705882,3.865415421178211e-08
conv41,0.507563025210084,3.78941843469657e-08
conv41,0.5121848739495798,3.7121115848860155e-08
conv41,0.5168067226890756,3.633266521074843e-08
conv41,0.5214285714285714,3.554992589294228e-08
conv41,0.5260504201680671,3.4769047308925407e-08
conv41,0.5306722689075629,3.397904901991735e-08
conv41,0.5352941176470588,3.3180728277072104e-08
conv41,0.5399159663865546,3.240348456323785e-08
conv41,0.5445378151260504,3.162509210164002e-08
conv41,0.5491596638655462,3.083585065166785e-08
conv41,0.5537815126050419,3.0079381431070386e-08
conv41,0.5584033613445377,2.931327725097601e-08
conv41,0.5630252100840336,2.8557106236282957e-08
conv41,0.5676470588235294,2.7821939864059696e-08
conv41,0.5722689075630252,2.7087311505914167e-08
conv41,0.576890756302521,2.6373313312012224e-08
conv41,0.5815126050420167,2.5635909396305133e-08
conv41,0.5861344537815125,2.4945123745402052e-08
conv41,0.5907563025210083,2.4260177090452382e-08
conv41,0.5953781512605042,2.3590428167464504e-08
conv41,0.6,2.2911579745544495e-08
