Omega,Dw,model,V,Delta_BC_at_Dw
1.0000000000e-03,1.000000e+00,A,3.107268903703e-01,1.188502e-09
1.0000000000e-03,1.000000e+00,B,4.663012297339e-01,1.188502e-09
1.0000000000e-03,1.000000e+00,C,4.663012302881e-01,1.188502e-09
1.2115276586e-03,1.000000e+00,A,3.107268905541e-01,1.877971e-09
1.2115276586e-03,1.000000e+00,B,4.663012128388e-01,1.877971e-09
1.2115276586e-03,1.000000e+00,C,4.663012137145e-01,1.877971e-09
1.4677992676e-03,1.000000e+00,A,3.107268903765e-01,2.108080e-09
1.4677992676e-03,1.000000e+00,B,4.663011942403e-01,2.108080e-09
1.4677992676e-03,1.000000e+00,C,4.663011952233e-01,2.108080e-09
1.7782794100e-03,1.000000e+00,A,3.107268901810e-01,3.963747e-09
1.7782794100e-03,1.000000e+00,B,4.663011736715e-01,3.963747e-09
1.7782794100e-03,1.000000e+00,C,4.663011755198e-01,3.963747e-09
2.1544346900e-03,1.000000e+00,A,3.107268899658e-01,5.799471e-09
2.1544346900e-03,1.000000e+00,B,4.663011509339e-01,5.799471e-09
2.1544346900e-03,1.000000e+00,C,4.663011536382e-01,5.799471e-09
2.6101572157e-03,1.000000e+00,A,3.107268897290e-01,9.156100e-09
2.6101572157e-03,1.000000e+00,B,4.663011254601e-01,9.156100e-09
2.6101572157e-03,1.000000e+00,C,4.663011297296e-01,9.156100e-09
3.1622776602e-03,1.000000e+00,A,3.107268894685e-01,1.250844e-08
3.1622776602e-03,1.000000e+00,B,4.663010978146e-01,1.250844e-08
3.1622776602e-03,1.000000e+00,C,4.663011036473e-01,1.250844e-08
3.8311868496e-03,1.000000e+00,A,3.107268891818e-01,1.789959e-08
3.8311868496e-03,1.000000e+00,B,4.663010666693e-01,1.789959e-08
3.8311868496e-03,1.000000e+00,C,4.663010750159e-01,1.789959e-08
4.6415888336e-03,1.000000e+00,A,3.107268888662e-01,2.694440e-08
4.6415888336e-03,1.000000e+00,B,4.663010320836e-01,2.694440e-08
4.6415888336e-03,1.000000e+00,C,4.663010446478e-01,2.694440e-08
5.6234132519e-03,1.000000e+00,A,3.107268885190e-01,3.950603e-08
5.6234132519e-03,1.000000e+00,B,4.663009932220e-01,3.950603e-08
5.6234132519e-03,1.000000e+00,C,4.663010116437e-01,3.950603e-08
6.8129206906e-03,1.000000e+00,A,3.107268881353e-01,5.799473e-08
6.8129206906e-03,1.000000e+00,B,4.663009494234e-01,5.799473e-08
6.8129206906e-03,1.000000e+00,C,4.663009764664e-01,5.799473e-08
8.2540418527e-03,1.000000e+00,A,3.107268877124e-01,8.512807e-08
8.2540418527e-03,1.000000e+00,B,4.663008997252e-01,8.512807e-08
8.2540418527e-03,1.000000e+00,C,4.663009394205e-01,8.512807e-08
1.0000000000e-02,1.000000e+00,A,3.107268872469e-01,1.249429e-07
1.0000000000e-02,1.000000e+00,B,4.663008428189e-01,1.249429e-07
1.0000000000e-02,1.000000e+00,C,4.663009010799e-01,1.249429e-07
1.2115276586e-02,1.000000e+00,A,3.107268867345e-01,1.834007e-07
1.2115276586e-02,1.000000e+00,B,4.663007769633e-01,1.834007e-07
1.2115276586e-02,1.000000e+00,C,4.663008624832e-01,1.834007e-07
1.4677992676e-02,1.000000e+00,A,3.107268861706e-01,2.701340e-07
1.4677992676e-02,1.000000e+00,B,4.663006994729e-01,2.701340e-07
1.4677992676e-02,1.000000e+00,C,4.663008254366e-01,2.701340e-07
1.7782794100e-02,1.000000e+00,A,3.107268855498e-01,3.948123e-07
1.7782794100e-02,1.000000e+00,B,4.663006078260e-01,3.948123e-07
1.7782794100e-02,1.000000e+00,C,4.663007919273e-01,3.948123e-07
2.1544346900e-02,1.000000e+00,A,3.107268848666e-01,5.801050e-07
2.1544346900e-02,1.000000e+00,B,4.663004963789e-01,5.801050e-07
2.1544346900e-02,1.000000e+00,C,4.663007668823e-01,5.801050e-07
2.6101572157e-02,1.000000e+00,A,3.107268841145e-01,8.510915e-07
2.6101572157e-02,1.000000e+00,B,4.663003590178e-01,8.510915e-07
2.6101572157e-02,1.000000e+00,C,4.663007558824e-01,8.510915e-07
3.1622776602e-02,1.000000e+00,A,3.107268832868e-01,1.249067e-06
3.1622776602e-02,1.000000e+00,B,4.663001858679e-01,1.249067e-06
3.1622776602e-02,1.000000e+00,C,4.663007683088e-01,1.249067e-06
3.8311868496e-02,1.000000e+00,A,3.107268823758e-01,1.833104e-06
3.8311868496e-02,1.000000e+00,B,4.662999632404e-01,1.833104e-06
3.8311868496e-02,1.000000e+00,C,4.663008180181e-01,1.833104e-06
4.6415888336e-02,1.000000e+00,A,3.107268813731e-01,2.690525e-06
4.6415888336e-02,1.000000e+00,B,4.662996712563e-01,2.690525e-06
4.6415888336e-02,1.000000e+00,C,4.663009258504e-01,2.690525e-06
5.6234132519e-02,1.000000e+00,A,3.107268802695e-01,3.947118e-06
5.6234132519e-02,1.000000e+00,B,4.662992810786e-01,3.947118e-06
5.6234132519e-02,1.000000e+00,C,4.663011216241e-01,3.947118e-06
6.8129206906e-02,1.000000e+00,A,3.107268790549e-01,5.790916e-06
6.8129206906e-02,1.000000e+00,B,4.662987508795e-01,5.790916e-06
6.8129206906e-02,1.000000e+00,C,4.663014511922e-01,5.790916e-06
8.2540418527e-02,1.000000e+00,A,3.107268777181e-01,8.494349e-06
8.2540418527e-02,1.000000e+00,B,4.662980198406e-01,8.494349e-06
8.2540418527e-02,1.000000e+00,C,4.663019807723e-01,8.494349e-06
1.0000000000e-01,1.000000e+00,A,3.107268762035e-01,1.245665e-05
1.0000000000e-01,1.000000e+00,B,4.662969995304e-01,1.245665e-05
1.0000000000e-01,1.000000e+00,C,4.663028081023e-01,1.245665e-05
1.2115276586e-01,1.000000e+00,A,3.107268745853e-01,1.825915e-05
1.2115276586e-01,1.000000e+00,B,4.662955614082e-01,1.825915e-05
1.2115276586e-01,1.000000e+00,C,4.663040757257e-01,1.825915e-05
1.4677992676e-01,1.000000e+00,A,3.107268728725e-01,2.674957e-05
1.4677992676e-01,1.000000e+00,B,4.662935188914e-01,2.674957e-05
1.4677992676e-01,1.000000e+00,C,4.663059923750e-01,2.674957e-05
1.7782794100e-01,1.000000e+00,A,3.107268709065e-01,3.915524e-05
1.7782794100e-01,1.000000e+00,B,4.662906018263e-01,3.915524e-05
1.7782794100e-01,1.000000e+00,C,4.663088602597e-01,3.915524e-05
2.1544346900e-01,1.000000e+00,A,3.107268687441e-01,5.724500e-05
2.1544346900e-01,1.000000e+00,B,4.662864207564e-01,5.724500e-05
2.1544346900e-01,1.000000e+00,C,4.663131148523e-01,5.724500e-05
2.6101572157e-01,1.000000e+00,A,3.107268663658e-01,8.354623e-05
2.6101572157e-01,1.000000e+00,B,4.662804178573e-01,8.354623e-05
2.6101572157e-01,1.000000e+00,C,4.663193770811e-01,8.354623e-05
3.1622776602e-01,1.000000e+00,A,3.107268637498e-01,1.216250e-04
3.1622776602e-01,1.000000e+00,B,4.662718020409e-01,1.216250e-04
3.1622776602e-01,1.000000e+00,C,4.663285192536e-01,1.216250e-04
3.8311868496e-01,1.000000e+00,A,3.107268608727e-01,1.764204e-04
3.8311868496e-01,1.000000e+00,B,4.662594680763e-01,1.764204e-04
3.8311868496e-01,1.000000e+00,C,4.663417402575e-01,1.764204e-04
4.6415888336e-01,1.000000e+00,A,3.107268577142e-01,2.545856e-04
4.6415888336e-01,1.000000e+00,B,4.662419059235e-01,2.545856e-04
4.6415888336e-01,1.000000e+00,C,4.663606346355e-01,2.545856e-04
5.6234132519e-01,1.000000e+00,A,3.107268542590e-01,3.647142e-04
5.6234132519e-01,1.000000e+00,B,4.662171212653e-01,3.647142e-04
5.6234132519e-01,1.000000e+00,C,4.663872193105e-01,3.647142e-04
6.8129206906e-01,1.000000e+00,A,3.107268504251e-01,5.172038e-04
6.8129206906e-01,1.000000e+00,B,4.661826134839e-01,5.172038e-04
6.8129206906e-01,1.000000e+00,C,4.664238496793e-01,5.172038e-04
8.2540418527e-01,1.000000e+00,A,3.107268462105e-01,7.233642e-04
8.2540418527e-01,1.000000e+00,B,4.661354791014e-01,7.233642e-04
8.2540418527e-01,1.000000e+00,C,4.664729089126e-01,7.233642e-04
1.0000000000e+00,1.000000e+00,A,3.107268415809e-01,9.935595e-04
1.0000000000e+00,1.000000e+00,B,4.660718911173e-01,9.935595e-04
1.0000000000e+00,1.000000e+00,C,4.665354218403e-01,9.935595e-04
1.2115276586e+00,1.000000e+00,A,3.107268364974e-01,1.332755e-03
1.2115276586e+00,1.000000e+00,B,4.659913910701e-01,1.332755e-03
1.2115276586e+00,1.000000e+00,C,4.666132723881e-01,1.332755e-03
1.4677992676e+00,1.000000e+00,A,3.107268309186e-01,1.737246e-03
1.4677992676e+00,1.000000e+00,B,4.658931968716e-01,1.737246e-03
1.4677992676e+00,1.000000e+00,C,4.667039763243e-01,1.737246e-03
1.7782794100e+00,1.000000e+00,A,3.107268248008e-01,2.190958e-03
1.7782794100e+00,1.000000e+00,B,4.657800742881e-01,2.190958e-03
1.7782794100e+00,1.000000e+00,C,4.668028196079e-01,2.190958e-03
2.1544346900e+00,1.000000e+00,A,3.107268180991e-01,2.666284e-03
2.1544346900e+00,1.000000e+00,B,4.656581649789e-01,2.666284e-03
2.1544346900e+00,1.000000e+00,C,4.669030611220e-01,2.666284e-03
2.6101572157e+00,1.000000e+00,A,3.107268107685e-01,3.129943e-03
2.6101572157e+00,1.000000e+00,B,4.655359099564e-01,3.129943e-03
2.6101572157e+00,1.000000e+00,C,4.669975856044e-01,3.129943e-03
3.1622776602e+00,1.000000e+00,A,3.107268027651e-01,3.551734e-03
3.1622776602e+00,1.000000e+00,B,4.654218430906e-01,3.551734e-03
3.1622776602e+00,1.000000e+00,C,4.670807898875e-01,3.551734e-03
3.8311868496e+00,1.000000e+00,A,3.107267940494e-01,3.911699e-03
3.8311868496e+00,1.000000e+00,B,4.653223300013e-01,3.911699e-03
3.8311868496e+00,1.000000e+00,C,4.671496787944e-01,3.911699e-03
4.6415888336e+00,1.000000e+00,A,3.107267845957e-01,4.202465e-03
4.6415888336e+00,1.000000e+00,B,4.652404214987e-01,4.202465e-03
4.6415888336e+00,1.000000e+00,C,4.672038290626e-01,4.202465e-03
5.6234132519e+00,1.000000e+00,A,3.107267743725e-01,4.427033e-03
5.6234132519e+00,1.000000e+00,B,4.651761017420e-01,4.427033e-03
5.6234132519e+00,1.000000e+00,C,4.672446090591e-01,4.427033e-03
6.8129206906e+00,1.000000e+00,A,3.107267633885e-01,4.594504e-03
6.8129206906e+00,1.000000e+00,B,4.651273561010e-01,4.594504e-03
6.8129206906e+00,1.000000e+00,C,4.672742497226e-01,4.594504e-03
8.2540418527e+00,1.000000e+00,A,3.107267516748e-01,4.716135e-03
8.2540418527e+00,1.000000e+00,B,4.650913118686e-01,4.716135e-03
8.2540418527e+00,1.000000e+00,C,4.672951389868e-01,4.716135e-03
1.0000000000e+01,1.000000e+00,A,3.107267393024e-01,4.802766e-03
1.0000000000e+01,1.000000e+00,B,4.650650485143e-01,4.802766e-03
1.0000000000e+01,1.000000e+00,C,4.673094264461e-01,4.802766e-03
1.2115276586e+01,1.000000e+00,A,3.107267263951e-01,4.863600e-03
1.2115276586e+01,1.000000e+00,B,4.650460184104e-01,4.863600e-03
1.2115276586e+01,1.000000e+00,C,4.673188702769e-01,4.863600e-03
1.4677992676e+01,1.000000e+00,A,3.107267131400e-01,4.905885e-03
1.4677992676e+01,1.000000e+00,B,4.650321846919e-01,4.905885e-03
1.4677992676e+01,1.000000e+00,C,4.673248263151e-01,4.905885e-03
1.7782794100e+01,1.000000e+00,A,3.107266997943e-01,4.935061e-03
1.7782794100e+01,1.000000e+00,B,4.650220079305e-01,4.935061e-03
1.7782794100e+01,1.000000e+00,C,4.673283017706e-01,4.935061e-03
2.1544346900e+01,1.000000e+00,A,3.107266866806e-01,4.955089e-03
2.1544346900e+01,1.000000e+00,B,4.650143662347e-01,4.955089e-03
2.1544346900e+01,1.000000e+00,C,4.673300280054e-01,4.955089e-03
2.6101572157e+01,1.000000e+00,A,3.107266741670e-01,4.968785e-03
2.6101572157e+01,1.000000e+00,B,4.650084653998e-01,4.968785e-03
2.6101572157e+01,1.000000e+00,C,4.673305302466e-01,4.968785e-03
3.1622776602e+01,1.000000e+00,A,3.107266626260e-01,4.978126e-03
3.1622776602e+01,1.000000e+00,B,4.650037573087e-01,4.978126e-03
3.1622776602e+01,1.000000e+00,C,4.673301858556e-01,4.978126e-03
3.8311868496e+01,1.000000e+00,A,3.107266523794e-01,4.984483e-03
3.8311868496e+01,1.000000e+00,B,4.649998747351e-01,4.984483e-03
3.8311868496e+01,1.000000e+00,C,4.673292697116e-01,4.984483e-03
4.6415888336e+01,1.000000e+00,A,3.107266436432e-01,4.988800e-03
4.6415888336e+01,1.000000e+00,B,4.649965814011e-01,4.988800e-03
4.6415888336e+01,1.000000e+00,C,4.673279871567e-01,4.988800e-03
5.6234132519e+01,1.000000e+00,A,3.107266364856e-01,4.991720e-03
5.6234132519e+01,1.000000e+00,B,4.649937343868e-01,4.991720e-03
5.6234132519e+01,1.000000e+00,C,4.673264975630e-01,4.991720e-03
6.8129206906e+01,1.000000e+00,A,3.107266308454e-01,4.993685e-03
6.8129206906e+01,1.000000e+00,B,4.649912551095e-01,4.993685e-03
6.8129206906e+01,1.000000e+00,C,4.673249286716e-01,4.993685e-03
8.2540418527e+01,1.000000e+00,A,3.107266265475e-01,4.994995e-03
8.2540418527e+01,1.000000e+00,B,4.649891060409e-01,4.994995e-03
8.2540418527e+01,1.000000e+00,C,4.673233840683e-01,4.994995e-03
1.0000000000e+02,1.000000e+00,A,3.107266233642e-01,4.995857e-03
1.0000000000e+02,1.000000e+00,B,4.649872714200e-01,4.995857e-03
1.0000000000e+02,1.000000e+00,C,4.673219450353e-01,4.995857e-03
1.0000000000e-03,1.000000e+02,A,3.107268903703e-01,4.572151e-10
1.0000000000e-03,1.000000e+02,B,4.663012300472e-01,4.572151e-10
1.0000000000e-03,1.000000e+02,C,4.663012298340e-01,4.572151e-10
1.2115276586e-03,1.000000e+02,A,3.107268905541e-01,1.715567e-12
1.2115276586e-03,1.000000e+02,B,4.663012133015e-01,1.715567e-12
1.2115276586e-03,1.000000e+02,C,4.663012133007e-01,1.715567e-12
1.4677992676e-03,1.000000e+02,A,3.107268903765e-01,6.433230e-13
1.4677992676e-03,1.000000e+02,B,4.663011948745e-01,6.433230e-13
1.4677992676e-03,1.000000e+02,C,4.663011948742e-01,6.433230e-13
1.7782794100e-03,1.000000e+02,A,3.107268901810e-01,7.312870e-11
1.7782794100e-03,1.000000e+02,B,4.663011745476e-01,7.312870e-11
1.7782794100e-03,1.000000e+02,C,4.663011745817e-01,7.312870e-11
2.1544346900e-03,1.000000e+02,A,3.107268899658e-01,2.247475e-10
2.1544346900e-03,1.000000e+02,B,4.663011523814e-01,2.247475e-10
2.1544346900e-03,1.000000e+02,C,4.663011522766e-01,2.247475e-10
2.6101572157e-03,1.000000e+02,A,3.107268897290e-01,4.102500e-10
2.6101572157e-03,1.000000e+02,B,4.663011277059e-01,4.102500e-10
2.6101572157e-03,1.000000e+02,C,4.663011278972e-01,4.102500e-10
3.1622776602e-03,1.000000e+02,A,3.107268894685e-01,2.144490e-12
3.1622776602e-03,1.000000e+02,B,4.663011006628e-01,2.144490e-12
3.1622776602e-03,1.000000e+02,C,4.663011006638e-01,2.144490e-12
3.8311868496e-03,1.000000e+02,A,3.107268891818e-01,6.819630e-11
3.8311868496e-03,1.000000e+02,B,4.663010708952e-01,6.819630e-11
3.8311868496e-03,1.000000e+02,C,4.663010709270e-01,6.819630e-11
4.6415888336e-03,1.000000e+02,A,3.107268888662e-01,2.573412e-12
4.6415888336e-03,1.000000e+02,B,4.663010381288e-01,2.573412e-12
4.6415888336e-03,1.000000e+02,C,4.663010381300e-01,2.573412e-12
5.6234132519e-03,1.000000e+02,A,3.107268885190e-01,2.058756e-10
5.6234132519e-03,1.000000e+02,B,4.663010019714e-01,2.058756e-10
5.6234132519e-03,1.000000e+02,C,4.663010020674e-01,2.058756e-10
6.8129206906e-03,1.000000e+02,A,3.107268881353e-01,4.288981e-12
6.8129206906e-03,1.000000e+02,B,4.663009623711e-01,4.288981e-12
6.8129206906e-03,1.000000e+02,C,4.663009623731e-01,4.288981e-12
8.2540418527e-03,1.000000e+02,A,3.107268877124e-01,1.321035e-10
8.2540418527e-03,1.000000e+02,B,4.663009186211e-01,1.321035e-10
8.2540418527e-03,1.000000e+02,C,4.663009186827e-01,1.321035e-10
1.0000000000e-02,1.000000e+02,A,3.107268872469e-01,4.932424e-12
1.0000000000e-02,1.000000e+02,B,4.663008705647e-01,4.932424e-12
1.0000000000e-02,1.000000e+02,C,4.663008705624e-01,4.932424e-12
1.2115276586e-02,1.000000e+02,A,3.107268867345e-01,2.144539e-10
1.2115276586e-02,1.000000e+02,B,4.663008175498e-01,2.144539e-10
1.2115276586e-02,1.000000e+02,C,4.663008176498e-01,2.144539e-10
1.4677992676e-02,1.000000e+02,A,3.107268861706e-01,1.393943e-11
1.4677992676e-02,1.000000e+02,B,4.663007593924e-01,1.393943e-11
1.4677992676e-02,1.000000e+02,C,4.663007593989e-01,1.393943e-11
1.7782794100e-02,1.000000e+02,A,3.107268855498e-01,3.860168e-11
1.7782794100e-02,1.000000e+02,B,4.663006952643e-01,3.860168e-11
1.7782794100e-02,1.000000e+02,C,4.663006952823e-01,3.860168e-11
2.1544346900e-02,1.000000e+02,A,3.107268848666e-01,2.680674e-11
2.1544346900e-02,1.000000e+02,B,4.663006246790e-01,2.680674e-11
2.1544346900e-02,1.000000e+02,C,4.663006246915e-01,2.680674e-11
2.6101572157e-02,1.000000e+02,A,3.107268841145e-01,8.492375e-11
2.6101572157e-02,1.000000e+02,B,4.663005469786e-01,8.492375e-11
2.6101572157e-02,1.000000e+02,C,4.663005470182e-01,8.492375e-11
3.1622776602e-02,1.000000e+02,A,3.107268832868e-01,1.250266e-10
3.1622776602e-02,1.000000e+02,B,4.663004614713e-01,1.250266e-10
3.1622776602e-02,1.000000e+02,C,4.663004615296e-01,1.250266e-10
3.8311868496e-02,1.000000e+02,A,3.107268823758e-01,1.835727e-10
3.8311868496e-02,1.000000e+02,B,4.663003673477e-01,1.835727e-10
3.8311868496e-02,1.000000e+02,C,4.663003674333e-01,1.835727e-10
4.6415888336e-02,1.000000e+02,A,3.107268813731e-01,2.691399e-10
4.6415888336e-02,1.000000e+02,B,4.663002637514e-01,2.691399e-10
4.6415888336e-02,1.000000e+02,C,4.663002638769e-01,2.691399e-10
5.6234132519e-02,1.000000e+02,A,3.107268802695e-01,3.875187e-10
5.6234132519e-02,1.000000e+02,B,4.663001497255e-01,3.875187e-10
5.6234132519e-02,1.000000e+02,C,4.663001499062e-01,3.875187e-10
6.8129206906e-02,1.000000e+02,A,3.107268790549e-01,5.710915e-10
6.8129206906e-02,1.000000e+02,B,4.663000242007e-01,5.710915e-10
6.8129206906e-02,1.000000e+02,C,4.663000244670e-01,5.710915e-10
8.2540418527e-02,1.000000e+02,A,3.107268777181e-01,8.280079e-10
8.2540418527e-02,1.000000e+02,B,4.662998860684e-01,8.280079e-10
8.2540418527e-02,1.000000e+02,C,4.662998864545e-01,8.280079e-10
1.0000000000e-01,1.000000e+02,A,3.107268762035e-01,1.249411e-09
1.0000000000e-01,1.000000e+02,B,4.662997340085e-01,1.249411e-09
1.0000000000e-01,1.000000e+02,C,4.662997345911e-01,1.249411e-09
1.2115276586e-01,1.000000e+02,A,3.107268745853e-01,1.834229e-09
1.2115276586e-01,1.000000e+02,B,4.662995666321e-01,1.834229e-09
1.2115276586e-01,1.000000e+02,C,4.662995674874e-01,1.834229e-09
1.4677992676e-01,1.000000e+02,A,3.107268728725e-01,2.692262e-09
1.4677992676e-01,1.000000e+02,B,4.662993823911e-01,2.692262e-09
1.4677992676e-01,1.000000e+02,C,4.662993836465e-01,2.692262e-09
1.7782794100e-01,1.000000e+02,A,3.107268709065e-01,3.951755e-09
1.7782794100e-01,1.000000e+02,B,4.662991795739e-01,3.951755e-09
1.7782794100e-01,1.000000e+02,C,4.662991814166e-01,3.951755e-09
2.1544346900e-01,1.000000e+02,A,3.107268687441e-01,5.800356e-09
2.1544346900e-01,1.000000e+02,B,4.662989563062e-01,5.800356e-09
2.1544346900e-01,1.000000e+02,C,4.662989590109e-01,5.800356e-09
2.6101572157e-01,1.000000e+02,A,3.107268663658e-01,8.506779e-09
2.6101572157e-01,1.000000e+02,B,4.662987104913e-01,8.506779e-09
2.6101572157e-01,1.000000e+02,C,4.662987144580e-01,8.506779e-09
3.1622776602e-01,1.000000e+02,A,3.107268637498e-01,1.249629e-08
3.1622776602e-01,1.000000e+02,B,4.662984398174e-01,1.249629e-08
3.1622776602e-01,1.000000e+02,C,4.662984456444e-01,1.249629e-08
3.8311868496e-01,1.000000e+02,A,3.107268608727e-01,1.834170e-08
3.8311868496e-01,1.000000e+02,B,4.662981417372e-01,1.834170e-08
3.8311868496e-01,1.000000e+02,C,4.662981502899e-01,1.834170e-08
4.6415888336e-01,1.000000e+02,A,3.107268577142e-01,2.692206e-08
4.6415888336e-01,1.000000e+02,B,4.662978133765e-01,2.692206e-08
4.6415888336e-01,1.000000e+02,C,4.662978259302e-01,2.692206e-08
5.6234132519e-01,1.000000e+02,A,3.107268542590e-01,3.951619e-08
5.6234132519e-01,1.000000e+02,B,4.662974515446e-01,3.951619e-08
5.6234132519e-01,1.000000e+02,C,4.662974699709e-01,3.951619e-08
6.8129206906e-01,1.000000e+02,A,3.107268504251e-01,5.800980e-08
6.8129206906e-01,1.000000e+02,B,4.662970526414e-01,5.800980e-08
6.8129206906e-01,1.000000e+02,C,4.662970796912e-01,5.800980e-08
8.2540418527e-01,1.000000e+02,A,3.107268462105e-01,8.513422e-08
8.2540418527e-01,1.000000e+02,B,4.662966125985e-01,8.513422e-08
8.2540418527e-01,1.000000e+02,C,4.662966522963e-01,8.513422e-08
1.0000000000e+00,1.000000e+02,A,3.107268415809e-01,1.249553e-07
1.0000000000e+00,1.000000e+02,B,4.662961267505e-01,1.249553e-07
1.0000000000e+00,1.000000e+02,C,4.662961850167e-01,1.249553e-07
1.2115276586e+00,1.000000e+02,A,3.107268364974e-01,1.834192e-07
1.2115276586e+00,1.000000e+02,B,4.662955896953e-01,1.834192e-07
1.2115276586e+00,1.000000e+02,C,4.662956752229e-01,1.834192e-07
1.4677992676e+00,1.000000e+02,A,3.107268309186e-01,2.692035e-07
1.4677992676e+00,1.000000e+02,B,4.662949951046e-01,2.692035e-07
1.4677992676e+00,1.000000e+02,C,4.662951206329e-01,2.692035e-07
1.7782794100e+00,1.000000e+02,A,3.107268248008e-01,3.951226e-07
1.7782794100e+00,1.000000e+02,B,4.662943354043e-01,3.951226e-07
1.7782794100e+00,1.000000e+02,C,4.662945196478e-01,3.951226e-07
2.1544346900e+00,1.000000e+02,A,3.107268180991e-01,5.799306e-07
2.1544346900e+00,1.000000e+02,B,4.662936013930e-01,5.799306e-07
2.1544346900e+00,1.000000e+02,C,4.662938718111e-01,5.799306e-07
2.6101572157e+00,1.000000e+02,A,3.107268107685e-01,8.511589e-07
2.6101572157e+00,1.000000e+02,B,4.662927816281e-01,8.511589e-07
2.6101572157e+00,1.000000e+02,C,4.662931785177e-01,8.511589e-07
3.1622776602e+00,1.000000e+02,A,3.107268027651e-01,1.249198e-06
3.1622776602e+00,1.000000e+02,B,4.662918615923e-01,1.249198e-06
3.1622776602e+00,1.000000e+02,C,4.662924440840e-01,1.249198e-06
3.8311868496e+00,1.000000e+02,A,3.107267940494e-01,1.833303e-06
3.8311868496e+00,1.000000e+02,B,4.662908224043e-01,1.833303e-06
3.8311868496e+00,1.000000e+02,C,4.662916772583e-01,1.833303e-06
4.6415888336e+00,1.000000e+02,A,3.107267845957e-01,2.690318e-06
4.6415888336e+00,1.000000e+02,B,4.662896390619e-01,2.690318e-06
4.6415888336e+00,1.000000e+02,C,4.662908935325e-01,2.690318e-06
5.6234132519e+00,1.000000e+02,A,3.107267743725e-01,3.947636e-06
5.6234132519e+00,1.000000e+02,B,4.662882777329e-01,3.947636e-06
5.6234132519e+00,1.000000e+02,C,4.662901184766e-01,3.947636e-06
6.8129206906e+00,1.000000e+02,A,3.107267633885e-01,5.791769e-06
6.8129206906e+00,1.000000e+02,B,4.662866919230e-01,5.791769e-06
6.8129206906e+00,1.000000e+02,C,4.662893925636e-01,5.791769e-06
8.2540418527e+00,1.000000e+02,A,3.107267516748e-01,8.495755e-06
8.2540418527e+00,1.000000e+02,B,4.662848168196e-01,8.495755e-06
8.2540418527e+00,1.000000e+02,C,4.662887782950e-01,8.495755e-06
1.0000000000e+01,1.000000e+02,A,3.107267393024e-01,1.245871e-05
1.0000000000e+01,1.000000e+02,B,4.662825610361e-01,1.245871e-05
1.0000000000e+01,1.000000e+02,C,4.662883703854e-01,1.245871e-05
1.2115276586e+01,1.000000e+02,A,3.107267263951e-01,1.826290e-05
1.2115276586e+01,1.000000e+02,B,4.662797946607e-01,1.826290e-05
1.2115276586e+01,1.000000e+02,C,4.662883104376e-01,1.826290e-05
1.4677992676e+01,1.000000e+02,A,3.107267131400e-01,2.675573e-05
1.4677992676e+01,1.000000e+02,B,4.662763318674e-01,2.675573e-05
1.4677992676e+01,1.000000e+02,C,4.662888077626e-01,2.675573e-05
1.7782794100e+01,1.000000e+02,A,3.107266997943e-01,3.916488e-05
1.7782794100e+01,1.000000e+02,B,4.662719051416e-01,3.916488e-05
1.7782794100e+01,1.000000e+02,C,4.662901673414e-01,3.916488e-05
2.1544346900e+01,1.000000e+02,A,3.107266866806e-01,5.724034e-05
2.1544346900e+01,1.000000e+02,B,4.662661033996e-01,5.724034e-05
2.1544346900e+01,1.000000e+02,C,4.662927941559e-01,5.724034e-05
2.6101572157e+01,1.000000e+02,A,3.107266741670e-01,8.356500e-05
2.6101572157e+01,1.000000e+02,B,4.662583701886e-01,8.356500e-05
2.6101572157e+01,1.000000e+02,C,4.662973363247e-01,8.356500e-05
3.1622776602e+01,1.000000e+02,A,3.107266626260e-01,1.216613e-04
3.1622776602e+01,1.000000e+02,B,4.662480026200e-01,1.216613e-04
3.1622776602e+01,1.000000e+02,C,4.663047338665e-01,1.216613e-04
3.8311868496e+01,1.000000e+02,A,3.107266523794e-01,1.764809e-04
3.8311868496e+01,1.000000e+02,B,4.662338827849e-01,1.764809e-04
3.8311868496e+01,1.000000e+02,C,4.663161786741e-01,1.764809e-04
4.6415888336e+01,1.000000e+02,A,3.107266436432e-01,2.546847e-04
4.6415888336e+01,1.000000e+02,B,4.662145255863e-01,2.546847e-04
4.6415888336e+01,1.000000e+02,C,4.663332935344e-01,2.546847e-04
5.6234132519e+01,1.000000e+02,A,3.107266364856e-01,3.648767e-04
5.6234132519e+01,1.000000e+02,B,4.661879682067e-01,3.648767e-04
5.6234132519e+01,1.000000e+02,C,4.663581314374e-01,3.648767e-04
6.8129206906e+01,1.000000e+02,A,3.107266308454e-01,5.174702e-04
6.8129206906e+01,1.000000e+02,B,4.661517438614e-01,5.174702e-04
6.8129206906e+01,1.000000e+02,C,4.663930883898e-01,5.174702e-04
8.2540418527e+01,1.000000e+02,A,3.107266265475e-01,7.237969e-04
8.2540418527e+01,1.000000e+02,B,4.661029988970e-01,7.237969e-04
8.2540418527e+01,1.000000e+02,C,4.664406071455e-01,7.237969e-04
1.0000000000e+02,1.000000e+02,A,3.107266233642e-01,9.939861e-04
1.0000000000e+02,1.000000e+02,B,4.660388763122e-01,9.939861e-04
1.0000000000e+02,1.000000e+02,C,4.665025733885e-01,9.939861e-04
1.0000000000e-03,1.000000e+04,A,3.107268903703e-01,9.723328e-10
1.0000000000e-03,1.000000e+04,B,4.663012293582e-01,9.723328e-10
1.0000000000e-03,1.000000e+04,C,4.663012298116e-01,9.723328e-10
1.2115276586e-03,1.000000e+04,A,3.107268905541e-01,2.228173e-10
1.2115276586e-03,1.000000e+04,B,4.663012126325e-01,2.228173e-10
1.2115276586e-03,1.000000e+04,C,4.663012127364e-01,2.228173e-10
1.4677992676e-03,1.000000e+04,A,3.107268903765e-01,7.364338e-10
1.4677992676e-03,1.000000e+04,B,4.663011948714e-01,7.364338e-10
1.4677992676e-03,1.000000e+04,C,4.663011945280e-01,7.364338e-10
1.7782794100e-03,1.000000e+04,A,3.107268901810e-01,7.934789e-11
1.7782794100e-03,1.000000e+04,B,4.663011745732e-01,7.934789e-11
1.7782794100e-03,1.000000e+04,C,4.663011746102e-01,7.934789e-11
2.1544346900e-03,1.000000e+04,A,3.107268899658e-01,4.111077e-10
2.1544346900e-03,1.000000e+04,B,4.663011522198e-01,4.111077e-10
2.1544346900e-03,1.000000e+04,C,4.663011520281e-01,4.111077e-10
2.6101572157e-03,1.000000e+04,A,3.107268897290e-01,6.519392e-10
2.6101572157e-03,1.000000e+04,B,4.663011274160e-01,6.519392e-10
2.6101572157e-03,1.000000e+04,C,4.663011277200e-01,6.519392e-10
3.1622776602e-03,1.000000e+04,A,3.107268894685e-01,4.342902e-09
3.1622776602e-03,1.000000e+04,B,4.663011006938e-01,4.342902e-09
3.1622776602e-03,1.000000e+04,C,4.663011027189e-01,4.342902e-09
3.8311868496e-03,1.000000e+04,A,3.107268891818e-01,1.323179e-10
3.8311868496e-03,1.000000e+04,B,4.663010708783e-01,1.323179e-10
3.8311868496e-03,1.000000e+04,C,4.663010708166e-01,1.323179e-10
4.6415888336e-03,1.000000e+04,A,3.107268888662e-01,8.020564e-11
4.6415888336e-03,1.000000e+04,B,4.663010381530e-01,8.020564e-11
4.6415888336e-03,1.000000e+04,C,4.663010381904e-01,8.020564e-11
5.6234132519e-03,1.000000e+04,A,3.107268885190e-01,1.985841e-10
5.6234132519e-03,1.000000e+04,B,4.663010019918e-01,1.985841e-10
5.6234132519e-03,1.000000e+04,C,4.663010020844e-01,1.985841e-10
6.8129206906e-03,1.000000e+04,A,3.107268881353e-01,1.206731e-09
6.8129206906e-03,1.000000e+04,B,4.663009618148e-01,1.206731e-09
6.8129206906e-03,1.000000e+04,C,4.663009623775e-01,1.206731e-09
8.2540418527e-03,1.000000e+04,A,3.107268877124e-01,6.766017e-10
8.2540418527e-03,1.000000e+04,B,4.663009182672e-01,6.766017e-10
8.2540418527e-03,1.000000e+04,C,4.663009185827e-01,6.766017e-10
1.0000000000e-02,1.000000e+04,A,3.107268872469e-01,6.440048e-10
1.0000000000e-02,1.000000e+04,B,4.663008702509e-01,6.440048e-10
1.0000000000e-02,1.000000e+04,C,4.663008705512e-01,6.440048e-10
1.2115276586e-02,1.000000e+04,A,3.107268867345e-01,1.930078e-11
1.2115276586e-02,1.000000e+04,B,4.663008176407e-01,1.930078e-11
1.2115276586e-02,1.000000e+04,C,4.663008176497e-01,1.930078e-11
1.4677992676e-02,1.000000e+04,A,3.107268861706e-01,4.539988e-10
1.4677992676e-02,1.000000e+04,B,4.663007591580e-01,4.539988e-10
1.4677992676e-02,1.000000e+04,C,4.663007593697e-01,4.539988e-10
1.7782794100e-02,1.000000e+04,A,3.107268855498e-01,3.898772e-10
1.7782794100e-02,1.000000e+04,B,4.663006952950e-01,3.898772e-10
1.7782794100e-02,1.000000e+04,C,4.663006951132e-01,3.898772e-10
2.1544346900e-02,1.000000e+04,A,3.107268848666e-01,1.138750e-10
2.1544346900e-02,1.000000e+04,B,4.663006243970e-01,1.138750e-10
2.1544346900e-02,1.000000e+04,C,4.663006243439e-01,1.138750e-10
2.6101572157e-02,1.000000e+04,A,3.107268841145e-01,3.287580e-10
2.6101572157e-02,1.000000e+04,B,4.663005472366e-01,3.287580e-10
2.6101572157e-02,1.000000e+04,C,4.663005470833e-01,3.287580e-10
3.1622776602e-02,1.000000e+04,A,3.107268832868e-01,4.503530e-11
3.1622776602e-02,1.000000e+04,B,4.663004615354e-01,4.503530e-11
3.1622776602e-02,1.000000e+04,C,4.663004615144e-01,4.503530e-11
3.8311868496e-02,1.000000e+04,A,3.107268823758e-01,4.289105e-12
3.8311868496e-02,1.000000e+04,B,4.663003671728e-01,4.289105e-12
3.8311868496e-02,1.000000e+04,C,4.663003671748e-01,4.289105e-12
4.6415888336e-02,1.000000e+04,A,3.107268813731e-01,2.421186e-10
4.6415888336e-02,1.000000e+04,B,4.663002638350e-01,2.421186e-10
4.6415888336e-02,1.000000e+04,C,4.663002639479e-01,2.421186e-10
5.6234132519e-02,1.000000e+04,A,3.107268802695e-01,1.007938e-11
5.6234132519e-02,1.000000e+04,B,4.663001495700e-01,1.007938e-11
5.6234132519e-02,1.000000e+04,C,4.663001495747e-01,1.007938e-11
6.8129206906e-02,1.000000e+04,A,3.107268790549e-01,1.243840e-11
6.8129206906e-02,1.000000e+04,B,4.663000243646e-01,1.243840e-11
6.8129206906e-02,1.000000e+04,C,4.663000243704e-01,1.243840e-11
8.2540418527e-02,1.000000e+04,A,3.107268777181e-01,4.949604e-10
8.2540418527e-02,1.000000e+04,B,4.662998862862e-01,4.949604e-10
8.2540418527e-02,1.000000e+04,C,4.662998860554e-01,4.949604e-10
1.0000000000e-01,1.000000e+04,A,3.107268762035e-01,3.431265e-11
1.0000000000e-01,1.000000e+04,B,4.662997343118e-01,3.431265e-11
1.0000000000e-01,1.000000e+04,C,4.662997343278e-01,3.431265e-11
1.2115276586e-01,1.000000e+04,A,3.107268745853e-01,3.860189e-12
1.2115276586e-01,1.000000e+04,B,4.662995670781e-01,3.860189e-12
1.2115276586e-01,1.000000e+04,C,4.662995670799e-01,3.860189e-12
1.4677992676e-01,1.000000e+04,A,3.107268728725e-01,1.672741e-11
1.4677992676e-01,1.000000e+04,B,4.662993830449e-01,1.672741e-11
1.4677992676e-01,1.000000e+04,C,4.662993830371e-01,1.672741e-11
1.7782794100e-01,1.000000e+04,A,3.107268709065e-01,1.223678e-09
1.7782794100e-01,1.000000e+04,B,4.662991799546e-01,1.223678e-09
1.7782794100e-01,1.000000e+04,C,4.662991805252e-01,1.223678e-09
2.1544346900e-01,1.000000e+04,A,3.107268687441e-01,9.435964e-12
2.1544346900e-01,1.000000e+04,B,4.662989576712e-01,9.435964e-12
2.1544346900e-01,1.000000e+04,C,4.662989576756e-01,9.435964e-12
2.6101572157e-01,1.000000e+04,A,3.107268663658e-01,1.134251e-09
2.6101572157e-01,1.000000e+04,B,4.662987124824e-01,1.134251e-09
2.6101572157e-01,1.000000e+04,C,4.662987130113e-01,1.134251e-09
3.1622776602e-01,1.000000e+04,A,3.107268637498e-01,5.790298e-12
3.1622776602e-01,1.000000e+04,B,4.662984427338e-01,5.790298e-12
3.1622776602e-01,1.000000e+04,C,4.662984427365e-01,5.790298e-12
3.8311868496e-01,1.000000e+04,A,3.107268608727e-01,8.127839e-11
3.8311868496e-01,1.000000e+04,B,4.662981459797e-01,8.127839e-11
3.8311868496e-01,1.000000e+04,C,4.662981459418e-01,8.127839e-11
4.6415888336e-01,1.000000e+04,A,3.107268577142e-01,3.645801e-12
4.6415888336e-01,1.000000e+04,B,4.662978195726e-01,3.645801e-12
4.6415888336e-01,1.000000e+04,C,4.662978195709e-01,3.645801e-12
5.6234132519e-01,1.000000e+04,A,3.107268542590e-01,2.145221e-13
5.6234132519e-01,1.000000e+04,B,4.662974605909e-01,2.145221e-13
5.6234132519e-01,1.000000e+04,C,4.662974605910e-01,2.145221e-13
6.8129206906e-01,1.000000e+04,A,3.107268504251e-01,4.636529e-10
6.8129206906e-01,1.000000e+04,B,4.662970658647e-01,4.636529e-10
6.8129206906e-01,1.000000e+04,C,4.662970656485e-01,4.636529e-10
8.2540418527e-01,1.000000e+04,A,3.107268462105e-01,3.324065e-10
8.2540418527e-01,1.000000e+04,B,4.662966317812e-01,3.324065e-10
8.2540418527e-01,1.000000e+04,C,4.662966319362e-01,3.324065e-10
1.0000000000e+00,1.000000e+04,A,3.107268415809e-01,1.175219e-10
1.0000000000e+00,1.000000e+04,B,4.662961549792e-01,1.175219e-10
1.0000000000e+00,1.000000e+04,C,4.662961550340e-01,1.175219e-10
1.2115276586e+00,1.000000e+04,A,3.107268364974e-01,2.766476e-11
1.2115276586e+00,1.000000e+04,B,4.662956310656e-01,2.766476e-11
1.2115276586e+00,1.000000e+04,C,4.662956310785e-01,2.766476e-11
1.4677992676e+00,1.000000e+04,A,3.107268309186e-01,2.509135e-11
1.4677992676e+00,1.000000e+04,B,4.662950556539e-01,2.509135e-11
1.4677992676e+00,1.000000e+04,C,4.662950556656e-01,2.509135e-11
1.7782794100e+00,1.000000e+04,A,3.107268248008e-01,3.131066e-11
1.7782794100e+00,1.000000e+04,B,4.662944240535e-01,3.131066e-11
1.7782794100e+00,1.000000e+04,C,4.662944240681e-01,3.131066e-11
2.1544346900e+00,1.000000e+04,A,3.107268180991e-01,2.367607e-10
2.1544346900e+00,1.000000e+04,B,4.662937311143e-01,2.367607e-10
2.1544346900e+00,1.000000e+04,C,4.662937312247e-01,2.367607e-10
2.6101572157e+00,1.000000e+04,A,3.107268107685e-01,9.736372e-11
2.6101572157e+00,1.000000e+04,B,4.662929717239e-01,9.736372e-11
2.6101572157e+00,1.000000e+04,C,4.662929717693e-01,9.736372e-11
3.1622776602e+00,1.000000e+04,A,3.107268027651e-01,1.248145e-10
3.1622776602e+00,1.000000e+04,B,4.662921400097e-01,1.248145e-10
3.1622776602e+00,1.000000e+04,C,4.662921400679e-01,1.248145e-10
3.8311868496e+00,1.000000e+04,A,3.107267940494e-01,4.046827e-10
3.8311868496e+00,1.000000e+04,B,4.662912301193e-01,4.046827e-10
3.8311868496e+00,1.000000e+04,C,4.662912303080e-01,4.046827e-10
4.6415888336e+00,1.000000e+04,A,3.107267845957e-01,2.691457e-10
4.6415888336e+00,1.000000e+04,B,4.662902364383e-01,2.691457e-10
4.6415888336e+00,1.000000e+04,C,4.662902365638e-01,2.691457e-10
5.6234132519e+00,1.000000e+04,A,3.107267743725e-01,3.873134e-10
5.6234132519e+00,1.000000e+04,B,4.662891527782e-01,3.873134e-10
5.6234132519e+00,1.000000e+04,C,4.662891529588e-01,3.873134e-10
6.8129206906e+00,1.000000e+04,A,3.107267633885e-01,5.901932e-10
6.8129206906e+00,1.000000e+04,B,4.662879736428e-01,5.901932e-10
6.8129206906e+00,1.000000e+04,C,4.662879739180e-01,5.901932e-10
8.2540418527e+00,1.000000e+04,A,3.107267516748e-01,8.434725e-10
8.2540418527e+00,1.000000e+04,B,4.662866940186e-01,8.434725e-10
8.2540418527e+00,1.000000e+04,C,4.662866944119e-01,8.434725e-10
1.0000000000e+01,1.000000e+04,A,3.107267393024e-01,1.249879e-09
1.0000000000e+01,1.000000e+04,B,4.662853098585e-01,1.249879e-09
1.0000000000e+01,1.000000e+04,C,4.662853104413e-01,1.249879e-09
1.2115276586e+01,1.000000e+04,A,3.107267263951e-01,1.834934e-09
1.2115276586e+01,1.000000e+04,B,4.662838186624e-01,1.834934e-09
1.2115276586e+01,1.000000e+04,C,4.662838195180e-01,1.834934e-09
1.4677992676e+01,1.000000e+04,A,3.107267131400e-01,2.692790e-09
1.4677992676e+01,1.000000e+04,B,4.662822201637e-01,2.692790e-09
1.4677992676e+01,1.000000e+04,C,4.662822214193e-01,2.692790e-09
1.7782794100e+01,1.000000e+04,A,3.107266997943e-01,3.960706e-09
1.7782794100e+01,1.000000e+04,B,4.662805172342e-01,3.960706e-09
1.7782794100e+01,1.000000e+04,C,4.662805190810e-01,3.960706e-09
2.1544346900e+01,1.000000e+04,A,3.107266866806e-01,5.810044e-09
2.1544346900e+01,1.000000e+04,B,4.662787169233e-01,5.810044e-09
2.1544346900e+01,1.000000e+04,C,4.662787196324e-01,5.810044e-09
2.6101572157e+01,1.000000e+04,A,3.107266741670e-01,8.515756e-09
2.6101572157e+01,1.000000e+04,B,4.662768316835e-01,8.515756e-09
2.6101572157e+01,1.000000e+04,C,4.662768356542e-01,8.515756e-09
3.1622776602e+01,1.000000e+04,A,3.107266626260e-01,1.250786e-08
3.1622776602e+01,1.000000e+04,B,4.662748805841e-01,1.250786e-08
3.1622776602e+01,1.000000e+04,C,4.662748864162e-01,1.250786e-08
3.8311868496e+01,1.000000e+04,A,3.107266523794e-01,1.833840e-08
3.8311868496e+01,1.000000e+04,B,4.662728904043e-01,1.833840e-08
3.8311868496e+01,1.000000e+04,C,4.662728989550e-01,1.833840e-08
4.6415888336e+01,1.000000e+04,A,3.107266436432e-01,2.692919e-08
4.6415888336e+01,1.000000e+04,B,4.662708960683e-01,2.692919e-08
4.6415888336e+01,1.000000e+04,C,4.662709086246e-01,2.692919e-08
5.6234132519e+01,1.000000e+04,A,3.107266364856e-01,3.953534e-08
5.6234132519e+01,1.000000e+04,B,4.662689400997e-01,3.953534e-08
5.6234132519e+01,1.000000e+04,C,4.662689585338e-01,3.953534e-08
6.8129206906e+01,1.000000e+04,A,3.107266308454e-01,5.800945e-08
6.8129206906e+01,1.000000e+04,B,4.662670702757e-01,5.800945e-08
6.8129206906e+01,1.000000e+04,C,4.662670973236e-01,5.800945e-08
8.2540418527e+01,1.000000e+04,A,3.107266265475e-01,8.514979e-08
8.2540418527e+01,1.000000e+04,B,4.662653351835e-01,8.514979e-08
8.2540418527e+01,1.000000e+04,C,4.662653748859e-01,8.514979e-08
1.0000000000e+02,1.000000e+04,A,3.107266233642e-01,1.249947e-07
1.0000000000e+02,1.000000e+04,B,4.662637778613e-01,1.249947e-07
1.0000000000e+02,1.000000e+04,C,4.662638361418e-01,1.249947e-07
