run_id,solver_hash,Omega,tau0,V,Delta_T,above_floor
20260906-124742,7cfda8cdc7345f93,1.0000000000e-03,1.0000000000e-05,4.663012308878e-01,8.137139e-10,False
20260906-124742,7cfda8cdc7345f93,1.1220184543e-03,1.0000000000e-05,4.663012201988e-01,5.998867e-11,False
20260906-124742,7cfda8cdc7345f93,1.2589254118e-03,1.0000000000e-05,4.663012102198e-01,1.327828e-09,False
20260906-124742,7cfda8cdc7345f93,1.4125375446e-03,1.0000000000e-05,4.663011985676e-01,4.750002e-10,False
20260906-124742,7cfda8cdc7345f93,1.5848931925e-03,1.0000000000e-05,4.663011870012e-01,9.156793e-11,False
20260906-124742,7cfda8cdc7345f93,1.7782794100e-03,1.0000000000e-05,4.663011745937e-01,2.367054e-10,False
20260906-124742,7cfda8cdc7345f93,1.9952623150e-03,1.0000000000e-05,4.663011623734e-01,2.432397e-09,False
20260906-124742,7cfda8cdc7345f93,2.2387211386e-03,1.0000000000e-05,4.663011482725e-01,2.123942e-09,False
20260906-124742,7cfda8cdc7345f93,2.5118864315e-03,1.0000000000e-05,4.663011330254e-01,7.398734e-10,False
20260906-124742,7cfda8cdc7345f93,2.8183829313e-03,1.0000000000e-05,4.663011171666e-01,1.632436e-10,False
20260906-124742,7cfda8cdc7345f93,3.1622776602e-03,1.0000000000e-05,4.663011004482e-01,1.466542e-09,False
20260906-124742,7cfda8cdc7345f93,3.5481338923e-03,1.0000000000e-05,4.663010832369e-01,2.334033e-09,False
20260906-124742,7cfda8cdc7345f93,3.9810717055e-03,1.0000000000e-05,4.663010646930e-01,1.981660e-10,False
20260906-124742,7cfda8cdc7345f93,4.4668359215e-03,1.0000000000e-05,4.663010449810e-01,2.000131e-10,False
20260906-124742,7cfda8cdc7345f93,5.0118723363e-03,1.0000000000e-05,4.663010246559e-01,2.462580e-12,False
20260906-124742,7cfda8cdc7345f93,5.6234132519e-03,1.0000000000e-05,4.663010016499e-01,1.091014e-09,False
20260906-124742,7cfda8cdc7345f93,6.3095734448e-03,1.0000000000e-05,4.663009787285e-01,3.198443e-09,False
20260906-124742,7cfda8cdc7345f93,7.0794578438e-03,1.0000000000e-05,4.663009533915e-01,4.349634e-09,False
20260906-124742,7cfda8cdc7345f93,7.9432823472e-03,1.0000000000e-05,4.663009277403e-01,3.237819e-11,False
20260906-124742,7cfda8cdc7345f93,8.9125093813e-03,1.0000000000e-05,4.663008999592e-01,7.432636e-10,False
20260906-124742,7cfda8cdc7345f93,1.0000000000e-02,1.0000000000e-05,4.663008705387e-01,9.024480e-11,False
20260906-124742,7cfda8cdc7345f93,1.1220184543e-02,1.0000000000e-05,4.663008393939e-01,2.340670e-10,False
20260906-124742,7cfda8cdc7345f93,1.2589254118e-02,1.0000000000e-05,4.663008064113e-01,9.683864e-11,False
20260906-124742,7cfda8cdc7345f93,1.4125375446e-02,1.0000000000e-05,4.663007708495e-01,1.266634e-09,False
20260906-124742,7cfda8cdc7345f93,1.5848931925e-02,1.0000000000e-05,4.663007344803e-01,7.409316e-11,False
20260906-124742,7cfda8cdc7345f93,1.7782794100e-02,1.0000000000e-05,4.663006952539e-01,6.724446e-11,False
20260906-124742,7cfda8cdc7345f93,1.9952623150e-02,1.0000000000e-05,4.663006530450e-01,8.171878e-11,False
20260906-124742,7cfda8cdc7345f93,2.2387211386e-02,1.0000000000e-05,4.663006097445e-01,9.493493e-10,False
20260906-124742,7cfda8cdc7345f93,2.5118864315e-02,1.0000000000e-05,4.663005630080e-01,2.723495e-10,False
20260906-124742,7cfda8cdc7345f93,2.8183829313e-02,1.0000000000e-05,4.663005139305e-01,1.907003e-09,False
20260906-124742,7cfda8cdc7345f93,3.1622776602e-02,1.0000000000e-05,4.663004614738e-01,8.062156e-11,False
20260906-124742,7cfda8cdc7345f93,3.5481338923e-02,1.0000000000e-05,4.663004057721e-01,8.169731e-10,False
20260906-124742,7cfda8cdc7345f93,3.9810717055e-02,1.0000000000e-05,4.663003474021e-01,1.682408e-10,False
20260906-124742,7cfda8cdc7345f93,4.4668359215e-02,1.0000000000e-05,4.663002856442e-01,6.538245e-10,False
20260906-124742,7cfda8cdc7345f93,5.0118723363e-02,1.0000000000e-05,4.663002194352e-01,1.693756e-10,False
20260906-124742,7cfda8cdc7345f93,5.6234132519e-02,1.0000000000e-05,4.663001494931e-01,3.017094e-10,False
20260906-124742,7cfda8cdc7345f93,6.3095734448e-02,1.0000000000e-05,4.663000758093e-01,8.539782e-10,False
20260906-124742,7cfda8cdc7345f93,7.0794578438e-02,1.0000000000e-05,4.662999975937e-01,4.396140e-10,False
20260906-124742,7cfda8cdc7345f93,7.9432823472e-02,1.0000000000e-05,4.662999146997e-01,5.118309e-10,False
20260906-124742,7cfda8cdc7345f93,8.9125093813e-02,1.0000000000e-05,4.662998269716e-01,5.221500e-10,False
20260906-124742,7cfda8cdc7345f93,1.0000000000e-01,1.0000000000e-05,4.662997339663e-01,7.527376e-10,False
20260906-124742,7cfda8cdc7345f93,1.1220184543e-01,1.0000000000e-05,4.662996360189e-01,2.814266e-10,False
20260906-124742,7cfda8cdc7345f93,1.2589254118e-01,1.0000000000e-05,4.662995311901e-01,1.756298e-09,False
20260906-124742,7cfda8cdc7345f93,1.4125375446e-01,1.0000000000e-05,4.662994207222e-01,1.175878e-09,False
20260906-124742,7cfda8cdc7345f93,1.5848931925e-01,1.0000000000e-05,4.662993037868e-01,1.183305e-09,False
20260906-124742,7cfda8cdc7345f93,1.7782794100e-01,1.0000000000e-05,4.662991793149e-01,1.696072e-09,False
20260906-124742,7cfda8cdc7345f93,1.9952623150e-01,1.0000000000e-05,4.662990483944e-01,1.364868e-09,False
20260906-124742,7cfda8cdc7345f93,2.2387211386e-01,1.0000000000e-05,4.662989091380e-01,2.206255e-09,False
20260906-124742,7cfda8cdc7345f93,2.5118864315e-01,1.0000000000e-05,4.662987625744e-01,1.427583e-09,False
20260906-124742,7cfda8cdc7345f93,2.8183829313e-01,1.0000000000e-05,4.662986064887e-01,2.512845e-09,False
20260906-124742,7cfda8cdc7345f93,3.1622776602e-01,1.0000000000e-05,4.662984411995e-01,3.269300e-09,False
20260906-124742,7cfda8cdc7345f93,3.5481338923e-01,1.0000000000e-05,4.662982658124e-01,4.873702e-09,False
20260906-124742,7cfda8cdc7345f93,3.9810717055e-01,1.0000000000e-05,4.662980807138e-01,5.241381e-09,False
20260906-124742,7cfda8cdc7345f93,4.4668359215e-01,1.0000000000e-05,4.662978844772e-01,6.181855e-09,False
20260906-124742,7cfda8cdc7345f93,5.0118723363e-01,1.0000000000e-05,4.662976766752e-01,7.254722e-09,False
20260906-124742,7cfda8cdc7345f93,5.6234132519e-01,1.0000000000e-05,4.662974566107e-01,8.547804e-09,False
20260906-124742,7cfda8cdc7345f93,6.3095734448e-01,1.0000000000e-05,4.662972234739e-01,1.000627e-08,False
20260906-124742,7cfda8cdc7345f93,7.0794578438e-01,1.0000000000e-05,4.662969768635e-01,1.173819e-08,False
20260906-124742,7cfda8cdc7345f93,7.9432823472e-01,1.0000000000e-05,4.662967156222e-01,1.374139e-08,False
20260906-124742,7cfda8cdc7345f93,8.9125093813e-01,1.0000000000e-05,4.662964390392e-01,1.610282e-08,False
20260906-124742,7cfda8cdc7345f93,1.0000000000e+00,1.0000000000e-05,4.662961462553e-01,1.872118e-08,False
20260906-124742,7cfda8cdc7345f93,1.1220184543e+00,1.0000000000e-05,4.662958363091e-01,2.201854e-08,False
20260906-124742,7cfda8cdc7345f93,1.2589254118e+00,1.0000000000e-05,4.662955082987e-01,2.564312e-08,True
20260906-124742,7cfda8cdc7345f93,1.4125375446e+00,1.0000000000e-05,4.662951607746e-01,3.069385e-08,True
20260906-124742,7cfda8cdc7345f93,1.5848931925e+00,1.0000000000e-05,4.662947934620e-01,3.557279e-08,True
20260906-124742,7cfda8cdc7345f93,1.7782794100e+00,1.0000000000e-05,4.662944049717e-01,4.096125e-08,True
20260906-124742,7cfda8cdc7345f93,1.9952623150e+00,1.0000000000e-05,4.662939942355e-01,4.678573e-08,True
20260906-124742,7cfda8cdc7345f93,2.2387211386e+00,1.0000000000e-05,4.662935595186e-01,5.429208e-08,True
20260906-124742,7cfda8cdc7345f93,2.5118864315e+00,1.0000000000e-05,4.662931001395e-01,6.242898e-08,True
20260906-124742,7cfda8cdc7345f93,2.8183829313e+00,1.0000000000e-05,4.662926145724e-01,7.186028e-08,True
20260906-124742,7cfda8cdc7345f93,3.1622776602e+00,1.0000000000e-05,4.662921016046e-01,8.249021e-08,True
20260906-124742,7cfda8cdc7345f93,3.5481338923e+00,1.0000000000e-05,4.662915599459e-01,9.438838e-08,True
20260906-124742,7cfda8cdc7345f93,3.9810717055e+00,1.0000000000e-05,4.662909880002e-01,1.082183e-07,True
20260906-124742,7cfda8cdc7345f93,4.4668359215e+00,1.0000000000e-05,4.662903853231e-01,1.222025e-07,True
20260906-124742,7cfda8cdc7345f93,5.0118723363e+00,1.0000000000e-05,4.662897497924e-01,1.381545e-07,True
20260906-124742,7cfda8cdc7345f93,5.6234132519e+00,1.0000000000e-05,4.662890804856e-01,1.548591e-07,True
20260906-124742,7cfda8cdc7345f93,6.3095734448e+00,1.0000000000e-05,4.662883762976e-01,1.737284e-07,True
20260906-124742,7cfda8cdc7345f93,7.0794578438e+00,1.0000000000e-05,4.662876362329e-01,1.928917e-07,True
20260906-124742,7cfda8cdc7345f93,7.9432823472e+00,1.0000000000e-05,4.662868594826e-01,2.124265e-07,True
20260906-124742,7cfda8cdc7345f93,8.9125093813e+00,1.0000000000e-05,4.662860457001e-01,2.304228e-07,True
20260906-124742,7cfda8cdc7345f93,1.0000000000e+01,1.0000000000e-05,4.662851939498e-01,2.497180e-07,True
20260906-124742,7cfda8cdc7345f93,1.1220184543e+01,1.0000000000e-05,4.662843050281e-01,2.652787e-07,True
20260906-124742,7cfda8cdc7345f93,1.2589254118e+01,1.0000000000e-05,4.662833792978e-01,2.767432e-07,True
20260906-124742,7cfda8cdc7345f93,1.4125375446e+01,1.0000000000e-05,4.662824179639e-01,2.819049e-07,True
20260906-124742,7cfda8cdc7345f93,1.5848931925e+01,1.0000000000e-05,4.662814229003e-01,2.780558e-07,True
20260906-124742,7cfda8cdc7345f93,1.7782794100e+01,1.0000000000e-05,4.662803968413e-01,2.617455e-07,True
20260906-124742,7cfda8cdc7345f93,1.9952623150e+01,1.0000000000e-05,4.662793434448e-01,2.288429e-07,True
20260906-124742,7cfda8cdc7345f93,2.2387211386e+01,1.0000000000e-05,4.662782674494e-01,1.744154e-07,True
20260906-124742,7cfda8cdc7345f93,2.5118864315e+01,1.0000000000e-05,4.662771747710e-01,9.269006e-08,True
20260906-124742,7cfda8cdc7345f93,2.8183829313e+01,1.0000000000e-05,4.662760725213e-01,2.267388e-08,False
20260906-124742,7cfda8cdc7345f93,3.1622776602e+01,1.0000000000e-05,4.662749690433e-01,1.786058e-07,True
20260906-124742,7cfda8cdc7345f93,3.5481338923e+01,1.0000000000e-05,4.662738737964e-01,3.821365e-07,True
20260906-124742,7cfda8cdc7345f93,3.9810717055e+01,1.0000000000e-05,4.662727971794e-01,6.399532e-07,True
20260906-124742,7cfda8cdc7345f93,4.4668359215e+01,1.0000000000e-05,4.662717501663e-01,9.577270e-07,True
20260906-124742,7cfda8cdc7345f93,5.0118723363e+01,1.0000000000e-05,4.662707438875e-01,1.339304e-06,True
20260906-124742,7cfda8cdc7345f93,5.6234132519e+01,1.0000000000e-05,4.662697890666e-01,1.785914e-06,True
20260906-124742,7cfda8cdc7345f93,6.3095734448e+01,1.0000000000e-05,4.662688953768e-01,2.295310e-06,True
20260906-124742,7cfda8cdc7345f93,7.0794578438e+01,1.0000000000e-05,4.662680708488e-01,2.861396e-06,True
20260906-124742,7cfda8cdc7345f93,7.9432823472e+01,1.0000000000e-05,4.662673213580e-01,3.474004e-06,True
20260906-124742,7cfda8cdc7345f93,8.9125093813e+01,1.0000000000e-05,4.662666502780e-01,4.119437e-06,True
20260906-124742,7cfda8cdc7345f93,1.0000000000e+02,1.0000000000e-05,4.662660584329e-01,4.781416e-06,True
20260906-124742,7cfda8cdc7345f93,1.1220184543e+02,1.0000000000e-05,4.662655442209e-01,5.442561e-06,True
20260906-124742,7cfda8cdc7345f93,1.2589254118e+02,1.0000000000e-05,4.662651040212e-01,6.085923e-06,True
20260906-124742,7cfda8cdc7345f93,1.4125375446e+02,1.0000000000e-05,4.662647326991e-01,6.696555e-06,True
20260906-124742,7cfda8cdc7345f93,1.5848931925e+02,1.0000000000e-05,4.662644242119e-01,7.262652e-06,True
20260906-124742,7cfda8cdc7345f93,1.7782794100e+02,1.0000000000e-05,4.662641721742e-01,7.776231e-06,True
20260906-124742,7cfda8cdc7345f93,1.9952623150e+02,1.0000000000e-05,4.662639703200e-01,8.233052e-06,True
20260906-124742,7cfda8cdc7345f93,2.2387211386e+02,1.0000000000e-05,4.662638129102e-01,8.632453e-06,True
20260906-124742,7cfda8cdc7345f93,2.5118864315e+02,1.0000000000e-05,4.662636949804e-01,8.976454e-06,True
20260906-124742,7cfda8cdc7345f93,2.8183829313e+02,1.0000000000e-05,4.662636125838e-01,9.269312e-06,True
20260906-124742,7cfda8cdc7345f93,3.1622776602e+02,1.0000000000e-05,4.662635628749e-01,9.516523e-06,True
20260906-124742,7cfda8cdc7345f93,3.5481338923e+02,1.0000000000e-05,4.662635441715e-01,9.724296e-06,True
20260906-124742,7cfda8cdc7345f93,3.9810717055e+02,1.0000000000e-05,4.662635562443e-01,9.899608e-06,True
20260906-124742,7cfda8cdc7345f93,4.4668359215e+02,1.0000000000e-05,4.662636000435e-01,1.004893e-05,True
20260906-124742,7cfda8cdc7345f93,5.0118723363e+02,1.0000000000e-05,4.662636782159e-01,1.017906e-05,True
20260906-124742,7cfda8cdc7345f93,5.6234132519e+02,1.0000000000e-05,4.662637950911e-01,1.029645e-05,True
20260906-124742,7cfda8cdc7345f93,6.3095734448e+02,1.0000000000e-05,4.662639569795e-01,1.040734e-05,True
20260906-124742,7cfda8cdc7345f93,7.0794578438e+02,1.0000000000e-05,4.662641725639e-01,1.051773e-05,True
20260906-124742,7cfda8cdc7345f93,7.9432823472e+02,1.0000000000e-05,4.662644533411e-01,1.063335e-05,True
20260906-124742,7cfda8cdc7345f93,8.9125093813e+02,1.0000000000e-05,4.662648142366e-01,1.076035e-05,True
20260906-124742,7cfda8cdc7345f93,1.0000000000e+03,1.0000000000e-05,4.662652743713e-01,1.090517e-05,True
20260906-124742,7cfda8cdc7345f93,1.0000000000e-03,1.0000000000e-04,4.663012305019e-01,1.641490e-09,False
20260906-124742,7cfda8cdc7345f93,1.1220184543e-03,1.0000000000e-04,4.663012202338e-01,1.517773e-11,False
20260906-124742,7cfda8cdc7345f93,1.2589254118e-03,1.0000000000e-04,4.663012097533e-01,3.274690e-10,False
20260906-124742,7cfda8cdc7345f93,1.4125375446e-03,1.0000000000e-04,4.663011982911e-01,1.178764e-10,False
20260906-124742,7cfda8cdc7345f93,1.5848931925e-03,1.0000000000e-04,4.663011866792e-01,5.989607e-10,False
20260906-124742,7cfda8cdc7345f93,1.7782794100e-03,1.0000000000e-04,4.663011745033e-01,4.283288e-11,False
20260906-124742,7cfda8cdc7345f93,1.9952623150e-03,1.0000000000e-04,4.663011622094e-01,2.080706e-09,False
20260906-124742,7cfda8cdc7345f93,2.2387211386e-03,1.0000000000e-04,4.663011475036e-01,4.751642e-10,False
20260906-124742,7cfda8cdc7345f93,2.5118864315e-03,1.0000000000e-04,4.663011328406e-01,3.435478e-10,False
20260906-124742,7cfda8cdc7345f93,2.8183829313e-03,1.0000000000e-04,4.663011172905e-01,1.024497e-10,False
20260906-124742,7cfda8cdc7345f93,3.1622776602e-03,1.0000000000e-04,4.663011027148e-01,3.394275e-09,False
20260906-124742,7cfda8cdc7345f93,3.5481338923e-03,1.0000000000e-04,4.663010832207e-01,2.368607e-09,False
20260906-124742,7cfda8cdc7345f93,3.9810717055e-03,1.0000000000e-04,4.663010646981e-01,2.090324e-10,False
20260906-124742,7cfda8cdc7345f93,4.4668359215e-03,1.0000000000e-04,4.663010449430e-01,1.185374e-10,False
20260906-124742,7cfda8cdc7345f93,5.0118723363e-03,1.0000000000e-04,4.663010240745e-01,1.249238e-09,False
20260906-124742,7cfda8cdc7345f93,5.6234132519e-03,1.0000000000e-04,4.663010019921e-01,3.570989e-10,False
20260906-124742,7cfda8cdc7345f93,6.3095734448e-03,1.0000000000e-04,4.663009786091e-01,3.454520e-09,False
20260906-124742,7cfda8cdc7345f93,7.0794578438e-03,1.0000000000e-04,4.663009539914e-01,3.063159e-09,False
20260906-124742,7cfda8cdc7345f93,7.9432823472e-03,1.0000000000e-04,4.663009272717e-01,1.037270e-09,False
20260906-124742,7cfda8cdc7345f93,8.9125093813e-03,1.0000000000e-04,4.663008996126e-01,6.368949e-14,False
20260906-124742,7cfda8cdc7345f93,1.0000000000e-02,1.0000000000e-04,4.663008706397e-01,1.263017e-10,False
20260906-124742,7cfda8cdc7345f93,1.1220184543e-02,1.0000000000e-04,4.663008391468e-01,2.959387e-10,False
20260906-124742,7cfda8cdc7345f93,1.2589254118e-02,1.0000000000e-04,4.663008064535e-01,6.238119e-12,False
20260906-124742,7cfda8cdc7345f93,1.4125375446e-02,1.0000000000e-04,4.663007714293e-01,2.322679e-11,False
20260906-124742,7cfda8cdc7345f93,1.5848931925e-02,1.0000000000e-04,4.663007344558e-01,1.265824e-10,False
20260906-124742,7cfda8cdc7345f93,1.7782794100e-02,1.0000000000e-04,4.663006951655e-01,1.222923e-10,False
20260906-124742,7cfda8cdc7345f93,1.9952623150e-02,1.0000000000e-04,4.663006542914e-01,2.591193e-09,False
20260906-124742,7cfda8cdc7345f93,2.2387211386e-02,1.0000000000e-04,4.663006085011e-01,3.615974e-09,False
20260906-124742,7cfda8cdc7345f93,2.5118864315e-02,1.0000000000e-04,4.663005630859e-01,1.053823e-10,False
20260906-124742,7cfda8cdc7345f93,2.8183829313e-02,1.0000000000e-04,4.663005137607e-01,2.271220e-09,False
20260906-124742,7cfda8cdc7345f93,3.1622776602e-02,1.0000000000e-04,4.663004614391e-01,1.550318e-10,False
20260906-124742,7cfda8cdc7345f93,3.5481338923e-02,1.0000000000e-04,4.663004060654e-01,1.878228e-10,False
20260906-124742,7cfda8cdc7345f93,3.9810717055e-02,1.0000000000e-04,4.663003473935e-01,1.868399e-10,False
20260906-124742,7cfda8cdc7345f93,4.4668359215e-02,1.0000000000e-04,4.663002856419e-01,6.488265e-10,False
20260906-124742,7cfda8cdc7345f93,5.0118723363e-02,1.0000000000e-04,4.663002194366e-01,1.723546e-10,False
20260906-124742,7cfda8cdc7345f93,5.6234132519e-02,1.0000000000e-04,4.663001498317e-01,4.244901e-10,False
20260906-124742,7cfda8cdc7345f93,6.3095734448e-02,1.0000000000e-04,4.663000758251e-01,8.878263e-10,False
20260906-124742,7cfda8cdc7345f93,7.0794578438e-02,1.0000000000e-04,4.662999975630e-01,5.055518e-10,False
20260906-124742,7cfda8cdc7345f93,7.9432823472e-02,1.0000000000e-04,4.662999147047e-01,5.012297e-10,False
20260906-124742,7cfda8cdc7345f93,8.9125093813e-02,1.0000000000e-04,4.662998269681e-01,5.295511e-10,False
20260906-124742,7cfda8cdc7345f93,1.0000000000e-01,1.0000000000e-04,4.662997340041e-01,6.715032e-10,False
20260906-124742,7cfda8cdc7345f93,1.1220184543e-01,1.0000000000e-04,4.662996360278e-01,3.006350e-10,False
20260906-124742,7cfda8cdc7345f93,1.2589254118e-01,1.0000000000e-04,4.662995312146e-01,1.703692e-09,False
20260906-124742,7cfda8cdc7345f93,1.4125375446e-01,1.0000000000e-04,4.662994207363e-01,1.145662e-09,False
20260906-124742,7cfda8cdc7345f93,1.5848931925e-01,1.0000000000e-04,4.662993037101e-01,1.347751e-09,False
20260906-124742,7cfda8cdc7345f93,1.7782794100e-01,1.0000000000e-04,4.662991797593e-01,7.430794e-10,False
20260906-124742,7cfda8cdc7345f93,1.9952623150e-01,1.0000000000e-04,4.662990484976e-01,1.143543e-09,False
20260906-124742,7cfda8cdc7345f93,2.2387211386e-01,1.0000000000e-04,4.662989093121e-01,1.832940e-09,False
20260906-124742,7cfda8cdc7345f93,2.5118864315e-01,1.0000000000e-04,4.662987621734e-01,2.287678e-09,False
20260906-124742,7cfda8cdc7345f93,2.8183829313e-01,1.0000000000e-04,4.662986061963e-01,3.139854e-09,False
20260906-124742,7cfda8cdc7345f93,3.1622776602e-01,1.0000000000e-04,4.662984409987e-01,3.699941e-09,False
20260906-124742,7cfda8cdc7345f93,3.5481338923e-01,1.0000000000e-04,4.662982660557e-01,4.351859e-09,False
20260906-124742,7cfda8cdc7345f93,3.9810717055e-01,1.0000000000e-04,4.662980807648e-01,5.131992e-09,False
20260906-124742,7cfda8cdc7345f93,4.4668359215e-01,1.0000000000e-04,4.662978845370e-01,6.053714e-09,False
20260906-124742,7cfda8cdc7345f93,5.0118723363e-01,1.0000000000e-04,4.662976767494e-01,7.095446e-09,False
20260906-124742,7cfda8cdc7345f93,5.6234132519e-01,1.0000000000e-04,4.662974566969e-01,8.363013e-09,False
20260906-124742,7cfda8cdc7345f93,6.3095734448e-01,1.0000000000e-04,4.662972236952e-01,9.531805e-09,False
20260906-124742,7cfda8cdc7345f93,7.0794578438e-01,1.0000000000e-04,4.662969767347e-01,1.201437e-08,False
20260906-124742,7cfda8cdc7345f93,7.9432823472e-01,1.0000000000e-04,4.662967154492e-01,1.411247e-08,False
20260906-124742,7cfda8cdc7345f93,8.9125093813e-01,1.0000000000e-04,4.662964391947e-01,1.576942e-08,False
20260906-124742,7cfda8cdc7345f93,1.0000000000e+00,1.0000000000e-04,4.662961464312e-01,1.834385e-08,False
20260906-124742,7cfda8cdc7345f93,1.1220184543e+00,1.0000000000e-04,4.662958365215e-01,2.156300e-08,False
20260906-124742,7cfda8cdc7345f93,1.2589254118e+00,1.0000000000e-04,4.662955085419e-01,2.512156e-08,True
20260906-124742,7cfda8cdc7345f93,1.4125375446e+00,1.0000000000e-04,4.662951614443e-01,2.925775e-08,True
20260906-124742,7cfda8cdc7345f93,1.5848931925e+00,1.0000000000e-04,4.662947941751e-01,3.404352e-08,True
20260906-124742,7cfda8cdc7345f93,1.7782794100e+00,1.0000000000e-04,4.662944056363e-01,3.953596e-08,True
20260906-124742,7cfda8cdc7345f93,1.9952623150e+00,1.0000000000e-04,4.662939946891e-01,4.581283e-08,True
20260906-124742,7cfda8cdc7345f93,2.2387211386e+00,1.0000000000e-04,4.662935601264e-01,5.298852e-08,True
20260906-124742,7cfda8cdc7345f93,2.5118864315e+00,1.0000000000e-04,4.662931007362e-01,6.114920e-08,True
20260906-124742,7cfda8cdc7345f93,2.8183829313e+00,1.0000000000e-04,4.662926149462e-01,7.105867e-08,True
20260906-124742,7cfda8cdc7345f93,3.1622776602e+00,1.0000000000e-04,4.662921023953e-01,8.079450e-08,True
20260906-124742,7cfda8cdc7345f93,3.5481338923e+00,1.0000000000e-04,4.662915608471e-01,9.245558e-08,True
20260906-124742,7cfda8cdc7345f93,3.9810717055e+00,1.0000000000e-04,4.662909893062e-01,1.054175e-07,True
20260906-124742,7cfda8cdc7345f93,4.4668359215e+00,1.0000000000e-04,4.662903864713e-01,1.197402e-07,True
20260906-124742,7cfda8cdc7345f93,5.0118723363e+00,1.0000000000e-04,4.662897510861e-01,1.353801e-07,True
20260906-124742,7cfda8cdc7345f93,5.6234132519e+00,1.0000000000e-04,4.662890819379e-01,1.517443e-07,True
20260906-124742,7cfda8cdc7345f93,6.3095734448e+00,1.0000000000e-04,4.662883779120e-01,1.702663e-07,True
20260906-124742,7cfda8cdc7345f93,7.0794578438e+00,1.0000000000e-04,4.662876380097e-01,1.890812e-07,True
20260906-124742,7cfda8cdc7345f93,7.9432823472e+00,1.0000000000e-04,4.662868614182e-01,2.082755e-07,True
20260906-124742,7cfda8cdc7345f93,8.9125093813e+00,1.0000000000e-04,4.662860475680e-01,2.264169e-07,True
20260906-124742,7cfda8cdc7345f93,1.0000000000e+01,1.0000000000e-04,4.662851961678e-01,2.449614e-07,True
20260906-124742,7cfda8cdc7345f93,1.1220184543e+01,1.0000000000e-04,4.662843073336e-01,2.603342e-07,True
20260906-124742,7cfda8cdc7345f93,1.2589254118e+01,1.0000000000e-04,4.662833816439e-01,2.717117e-07,True
20260906-124742,7cfda8cdc7345f93,1.4125375446e+01,1.0000000000e-04,4.662824202618e-01,2.769767e-07,True
20260906-124742,7cfda8cdc7345f93,1.5848931925e+01,1.0000000000e-04,4.662814250525e-01,2.734401e-07,True
20260906-124742,7cfda8cdc7345f93,1.7782794100e+01,1.0000000000e-04,4.662803986835e-01,2.577945e-07,True
20260906-124742,7cfda8cdc7345f93,1.9952623150e+01,1.0000000000e-04,4.662793447942e-01,2.259490e-07,True
20260906-124742,7cfda8cdc7345f93,2.2387211386e+01,1.0000000000e-04,4.662782680730e-01,1.730780e-07,True
20260906-124742,7cfda8cdc7345f93,2.5118864315e+01,1.0000000000e-04,4.662771743591e-01,9.357327e-08,True
20260906-124742,7cfda8cdc7345f93,2.8183829313e+01,1.0000000000e-04,4.662760707177e-01,1.880575e-08,False
20260906-124742,7cfda8cdc7345f93,3.1622776602e+01,1.0000000000e-04,4.662749653991e-01,1.707902e-07,True
20260906-124742,7cfda8cdc7345f93,3.5481338923e+01,1.0000000000e-04,4.662738679257e-01,3.695459e-07,True
20260906-124742,7cfda8cdc7345f93,3.9810717055e+01,1.0000000000e-04,4.662727885214e-01,6.213847e-07,True
20260906-124742,7cfda8cdc7345f93,4.4668359215e+01,1.0000000000e-04,4.662717381873e-01,9.320359e-07,True
20260906-124742,7cfda8cdc7345f93,5.0118723363e+01,1.0000000000e-04,4.662707280669e-01,1.305374e-06,True
20260906-124742,7cfda8cdc7345f93,5.6234132519e+01,1.0000000000e-04,4.662697689127e-01,1.742690e-06,True
20260906-124742,7cfda8cdc7345f93,6.3095734448e+01,1.0000000000e-04,4.662688704674e-01,2.241887e-06,True
20260906-124742,7cfda8cdc7345f93,7.0794578438e+01,1.0000000000e-04,4.662680408671e-01,2.797095e-06,True
20260906-124742,7cfda8cdc7345f93,7.9432823472e+01,1.0000000000e-04,4.662672861243e-01,3.398438e-06,True
20260906-124742,7cfda8cdc7345f93,8.9125093813e+01,1.0000000000e-04,4.662666097675e-01,4.032554e-06,True
20260906-124742,7cfda8cdc7345f93,1.0000000000e+02,1.0000000000e-04,4.662660127540e-01,4.683448e-06,True
20260906-124742,7cfda8cdc7345f93,1.1220184543e+02,1.0000000000e-04,4.662654936217e-01,5.334040e-06,True
20260906-124742,7cfda8cdc7345f93,1.2589254118e+02,1.0000000000e-04,4.662650488413e-01,5.967577e-06,True
20260906-124742,7cfda8cdc7345f93,1.4125375446e+02,1.0000000000e-04,4.662646733635e-01,6.569297e-06,True
20260906-124742,7cfda8cdc7345f93,1.5848931925e+02,1.0000000000e-04,4.662643611806e-01,7.127467e-06,True
20260906-124742,7cfda8cdc7345f93,1.7782794100e+02,1.0000000000e-04,4.662641059158e-01,7.634125e-06,True
20260906-124742,7cfda8cdc7345f93,1.9952623150e+02,1.0000000000e-04,4.662639012887e-01,8.084999e-06,True
20260906-124742,7cfda8cdc7345f93,2.2387211386e+02,1.0000000000e-04,4.662637415232e-01,8.479347e-06,True
20260906-124742,7cfda8cdc7345f93,2.5118864315e+02,1.0000000000e-04,4.662636216288e-01,8.819134e-06,True
20260906-124742,7cfda8cdc7345f93,2.8183829313e+02,1.0000000000e-04,4.662635375975e-01,9.108487e-06,True
20260906-124742,7cfda8cdc7345f93,3.1622776602e+02,1.0000000000e-04,4.662634865379e-01,9.352800e-06,True
20260906-124742,7cfda8cdc7345f93,3.5481338923e+02,1.0000000000e-04,4.662634667791e-01,9.558310e-06,True
20260906-124742,7cfda8cdc7345f93,3.9810717055e+02,1.0000000000e-04,4.662634779374e-01,9.731661e-06,True
20260906-124742,7cfda8cdc7345f93,4.4668359215e+02,1.0000000000e-04,4.662635210513e-01,9.879514e-06,True
20260906-124742,7cfda8cdc7345f93,5.0118723363e+02,1.0000000000e-04,4.662635987278e-01,1.000858e-05,True
20260906-124742,7cfda8cdc7345f93,5.6234132519e+02,1.0000000000e-04,4.662637153090e-01,1.012534e-05,True
20260906-124742,7cfda8cdc7345f93,6.3095734448e+02,1.0000000000e-04,4.662638771822e-01,1.023619e-05,True
20260906-124742,7cfda8cdc7345f93,7.0794578438e+02,1.0000000000e-04,4.662640931138e-01,1.034733e-05,True
20260906-124742,7cfda8cdc7345f93,7.9432823472e+02,1.0000000000e-04,4.662643748520e-01,1.046502e-05,True
20260906-124742,7cfda8cdc7345f93,8.9125093813e+02,1.0000000000e-04,4.662647375632e-01,1.059591e-05,True
20260906-124742,7cfda8cdc7345f93,1.0000000000e+03,1.0000000000e-04,4.662652010293e-01,1.074787e-05,True
20260906-124742,7cfda8cdc7345f93,1.0000000000e-03,4.3462000000e-03,4.663012312673e-01,0.000000e+00,False
20260906-124742,7cfda8cdc7345f93,1.1220184543e-03,4.3462000000e-03,4.663012202268e-01,0.000000e+00,False
20260906-124742,7cfda8cdc7345f93,1.2589254118e-03,4.3462000000e-03,4.663012096006e-01,0.000000e+00,False
20260906-124742,7cfda8cdc7345f93,1.4125375446e-03,4.3462000000e-03,4.663011983461e-01,0.000000e+00,False
20260906-124742,7cfda8cdc7345f93,1.5848931925e-03,4.3462000000e-03,4.663011869585e-01,0.000000e+00,False
20260906-124742,7cfda8cdc7345f93,1.7782794100e-03,4.3462000000e-03,4.663011744833e-01,0.000000e+00,False
20260906-124742,7cfda8cdc7345f93,1.9952623150e-03,4.3462000000e-03,4.663011612392e-01,0.000000e+00,False
20260906-124742,7cfda8cdc7345f93,2.2387211386e-03,4.3462000000e-03,4.663011472821e-01,0.000000e+00,False
20260906-124742,7cfda8cdc7345f93,2.5118864315e-03,4.3462000000e-03,4.663011326804e-01,0.000000e+00,False
20260906-124742,7cfda8cdc7345f93,2.8183829313e-03,4.3462000000e-03,4.663011172427e-01,0.000000e+00,False
20260906-124742,7cfda8cdc7345f93,3.1622776602e-03,4.3462000000e-03,4.663011011320e-01,0.000000e+00,False
20260906-124742,7cfda8cdc7345f93,3.5481338923e-03,4.3462000000e-03,4.663010843252e-01,0.000000e+00,False
20260906-124742,7cfda8cdc7345f93,3.9810717055e-03,4.3462000000e-03,4.663010646006e-01,0.000000e+00,False
20260906-124742,7cfda8cdc7345f93,4.4668359215e-03,4.3462000000e-03,4.663010448877e-01,0.000000e+00,False
20260906-124742,7cfda8cdc7345f93,5.0118723363e-03,4.3462000000e-03,4.663010246571e-01,0.000000e+00,False
20260906-124742,7cfda8cdc7345f93,5.6234132519e-03,4.3462000000e-03,4.663010021586e-01,0.000000e+00,False
20260906-124742,7cfda8cdc7345f93,6.3095734448e-03,4.3462000000e-03,4.663009802200e-01,0.000000e+00,False
20260906-124742,7cfda8cdc7345f93,7.0794578438e-03,4.3462000000e-03,4.663009554197e-01,0.000000e+00,False
20260906-124742,7cfda8cdc7345f93,7.9432823472e-03,4.3462000000e-03,4.663009277554e-01,0.000000e+00,False
20260906-124742,7cfda8cdc7345f93,8.9125093813e-03,4.3462000000e-03,4.663008996126e-01,0.000000e+00,False
20260906-124742,7cfda8cdc7345f93,1.0000000000e-02,4.3462000000e-03,4.663008705808e-01,0.000000e+00,False
20260906-124742,7cfda8cdc7345f93,1.1220184543e-02,4.3462000000e-03,4.663008392848e-01,0.000000e+00,False
20260906-124742,7cfda8cdc7345f93,1.2589254118e-02,4.3462000000e-03,4.663008064564e-01,0.000000e+00,False
20260906-124742,7cfda8cdc7345f93,1.4125375446e-02,4.3462000000e-03,4.663007714401e-01,0.000000e+00,False
20260906-124742,7cfda8cdc7345f93,1.5848931925e-02,4.3462000000e-03,4.663007345148e-01,0.000000e+00,False
20260906-124742,7cfda8cdc7345f93,1.7782794100e-02,4.3462000000e-03,4.663006952225e-01,0.000000e+00,False
20260906-124742,7cfda8cdc7345f93,1.9952623150e-02,4.3462000000e-03,4.663006530832e-01,0.000000e+00,False
20260906-124742,7cfda8cdc7345f93,2.2387211386e-02,4.3462000000e-03,4.663006101872e-01,0.000000e+00,False
20260906-124742,7cfda8cdc7345f93,2.5118864315e-02,4.3462000000e-03,4.663005631350e-01,0.000000e+00,False
20260906-124742,7cfda8cdc7345f93,2.8183829313e-02,4.3462000000e-03,4.663005148198e-01,0.000000e+00,False
20260906-124742,7cfda8cdc7345f93,3.1622776602e-02,4.3462000000e-03,4.663004615114e-01,0.000000e+00,False
20260906-124742,7cfda8cdc7345f93,3.5481338923e-02,4.3462000000e-03,4.663004061530e-01,0.000000e+00,False
20260906-124742,7cfda8cdc7345f93,3.9810717055e-02,4.3462000000e-03,4.663003474806e-01,0.000000e+00,False
20260906-124742,7cfda8cdc7345f93,4.4668359215e-02,4.3462000000e-03,4.663002853393e-01,0.000000e+00,False
20260906-124742,7cfda8cdc7345f93,5.0118723363e-02,4.3462000000e-03,4.663002193562e-01,0.000000e+00,False
20260906-124742,7cfda8cdc7345f93,5.6234132519e-02,4.3462000000e-03,4.663001496338e-01,0.000000e+00,False
20260906-124742,7cfda8cdc7345f93,6.3095734448e-02,4.3462000000e-03,4.663000754111e-01,0.000000e+00,False
20260906-124742,7cfda8cdc7345f93,7.0794578438e-02,4.3462000000e-03,4.662999977987e-01,0.000000e+00,False
20260906-124742,7cfda8cdc7345f93,7.9432823472e-02,4.3462000000e-03,4.662999149384e-01,0.000000e+00,False
20260906-124742,7cfda8cdc7345f93,8.9125093813e-02,4.3462000000e-03,4.662998272150e-01,0.000000e+00,False
20260906-124742,7cfda8cdc7345f93,1.0000000000e-01,4.3462000000e-03,4.662997343173e-01,0.000000e+00,False
20260906-124742,7cfda8cdc7345f93,1.1220184543e-01,4.3462000000e-03,4.662996358876e-01,0.000000e+00,False
20260906-124742,7cfda8cdc7345f93,1.2589254118e-01,4.3462000000e-03,4.662995320090e-01,0.000000e+00,False
20260906-124742,7cfda8cdc7345f93,1.4125375446e-01,4.3462000000e-03,4.662994212705e-01,0.000000e+00,False
20260906-124742,7cfda8cdc7345f93,1.5848931925e-01,4.3462000000e-03,4.662993043386e-01,0.000000e+00,False
20260906-124742,7cfda8cdc7345f93,1.7782794100e-01,4.3462000000e-03,4.662991801058e-01,0.000000e+00,False
20260906-124742,7cfda8cdc7345f93,1.9952623150e-01,4.3462000000e-03,4.662990490309e-01,0.000000e+00,False
20260906-124742,7cfda8cdc7345f93,2.2387211386e-01,4.3462000000e-03,4.662989101668e-01,0.000000e+00,False
20260906-124742,7cfda8cdc7345f93,2.5118864315e-01,4.3462000000e-03,4.662987632401e-01,0.000000e+00,False
20260906-124742,7cfda8cdc7345f93,2.8183829313e-01,4.3462000000e-03,4.662986076604e-01,0.000000e+00,False
20260906-124742,7cfda8cdc7345f93,3.1622776602e-01,4.3462000000e-03,4.662984427239e-01,0.000000e+00,False
20260906-124742,7cfda8cdc7345f93,3.5481338923e-01,4.3462000000e-03,4.662982680850e-01,0.000000e+00,False
20260906-124742,7cfda8cdc7345f93,3.9810717055e-01,4.3462000000e-03,4.662980831579e-01,0.000000e+00,False
20260906-124742,7cfda8cdc7345f93,4.4668359215e-01,4.3462000000e-03,4.662978873598e-01,0.000000e+00,False
20260906-124742,7cfda8cdc7345f93,5.0118723363e-01,4.3462000000e-03,4.662976800580e-01,0.000000e+00,False
20260906-124742,7cfda8cdc7345f93,5.6234132519e-01,4.3462000000e-03,4.662974605965e-01,0.000000e+00,False
20260906-124742,7cfda8cdc7345f93,6.3095734448e-01,4.3462000000e-03,4.662972281398e-01,0.000000e+00,False
20260906-124742,7cfda8cdc7345f93,7.0794578438e-01,4.3462000000e-03,4.662969823370e-01,0.000000e+00,False
20260906-124742,7cfda8cdc7345f93,7.9432823472e-01,4.3462000000e-03,4.662967220298e-01,0.000000e+00,False
20260906-124742,7cfda8cdc7345f93,8.9125093813e-01,4.3462000000e-03,4.662964465479e-01,0.000000e+00,False
20260906-124742,7cfda8cdc7345f93,1.0000000000e+00,4.3462000000e-03,4.662961549849e-01,0.000000e+00,False
20260906-124742,7cfda8cdc7345f93,1.1220184543e+00,4.3462000000e-03,4.662958465762e-01,0.000000e+00,False
20260906-124742,7cfda8cdc7345f93,1.2589254118e+00,4.3462000000e-03,4.662955202560e-01,0.000000e+00,False
20260906-124742,7cfda8cdc7345f93,1.4125375446e+00,4.3462000000e-03,4.662951750870e-01,0.000000e+00,False
20260906-124742,7cfda8cdc7345f93,1.5848931925e+00,4.3462000000e-03,4.662948100494e-01,0.000000e+00,False
20260906-124742,7cfda8cdc7345f93,1.7782794100e+00,4.3462000000e-03,4.662944240717e-01,0.000000e+00,False
20260906-124742,7cfda8cdc7345f93,1.9952623150e+00,4.3462000000e-03,4.662940160514e-01,0.000000e+00,False
20260906-124742,7cfda8cdc7345f93,2.2387211386e+00,4.3462000000e-03,4.662935848346e-01,0.000000e+00,False
20260906-124742,7cfda8cdc7345f93,2.5118864315e+00,4.3462000000e-03,4.662931292497e-01,0.000000e+00,False
20260906-124742,7cfda8cdc7345f93,2.8183829313e+00,4.3462000000e-03,4.662926480804e-01,0.000000e+00,False
20260906-124742,7cfda8cdc7345f93,3.1622776602e+00,4.3462000000e-03,4.662921400692e-01,0.000000e+00,False
20260906-124742,7cfda8cdc7345f93,3.5481338923e+00,4.3462000000e-03,4.662916039584e-01,0.000000e+00,False
20260906-124742,7cfda8cdc7345f93,3.9810717055e+00,4.3462000000e-03,4.662910384614e-01,0.000000e+00,False
20260906-124742,7cfda8cdc7345f93,4.4668359215e+00,4.3462000000e-03,4.662904423050e-01,0.000000e+00,False
20260906-124742,7cfda8cdc7345f93,5.0118723363e+00,4.3462000000e-03,4.662898142124e-01,0.000000e+00,False
20260906-124742,7cfda8cdc7345f93,5.6234132519e+00,4.3462000000e-03,4.662891526947e-01,0.000000e+00,False
20260906-124742,7cfda8cdc7345f93,6.3095734448e+00,4.3462000000e-03,4.662884573051e-01,0.000000e+00,False
20260906-124742,7cfda8cdc7345f93,7.0794578438e+00,4.3462000000e-03,4.662877261759e-01,0.000000e+00,False
20260906-124742,7cfda8cdc7345f93,7.9432823472e+00,4.3462000000e-03,4.662869585343e-01,0.000000e+00,False
20260906-124742,7cfda8cdc7345f93,8.9125093813e+00,4.3462000000e-03,4.662861531431e-01,0.000000e+00,False
20260906-124742,7cfda8cdc7345f93,1.0000000000e+01,4.3462000000e-03,4.662853103897e-01,0.000000e+00,False
20260906-124742,7cfda8cdc7345f93,1.1220184543e+01,4.3462000000e-03,4.662844287234e-01,0.000000e+00,False
20260906-124742,7cfda8cdc7345f93,1.2589254118e+01,4.3462000000e-03,4.662835083386e-01,0.000000e+00,False
20260906-124742,7cfda8cdc7345f93,1.4125375446e+01,4.3462000000e-03,4.662825494112e-01,0.000000e+00,False
20260906-124742,7cfda8cdc7345f93,1.5848931925e+01,4.3462000000e-03,4.662815525526e-01,0.000000e+00,False
20260906-124742,7cfda8cdc7345f93,1.7782794100e+01,4.3462000000e-03,4.662805188881e-01,0.000000e+00,False
20260906-124742,7cfda8cdc7345f93,1.9952623150e+01,4.3462000000e-03,4.662794501495e-01,0.000000e+00,False
20260906-124742,7cfda8cdc7345f93,2.2387211386e+01,4.3462000000e-03,4.662783487755e-01,0.000000e+00,False
20260906-124742,7cfda8cdc7345f93,2.5118864315e+01,4.3462000000e-03,4.662772179902e-01,0.000000e+00,False
20260906-124742,7cfda8cdc7345f93,2.8183829313e+01,4.3462000000e-03,4.662760619490e-01,0.000000e+00,False
20260906-124742,7cfda8cdc7345f93,3.1622776602e+01,4.3462000000e-03,4.662748857639e-01,0.000000e+00,False
20260906-124742,7cfda8cdc7345f93,3.5481338923e+01,4.3462000000e-03,4.662736956162e-01,0.000000e+00,False
20260906-124742,7cfda8cdc7345f93,3.9810717055e+01,4.3462000000e-03,4.662724987868e-01,0.000000e+00,False
20260906-124742,7cfda8cdc7345f93,4.4668359215e+01,4.3462000000e-03,4.662713036057e-01,0.000000e+00,False
20260906-124742,7cfda8cdc7345f93,5.0118723363e+01,4.3462000000e-03,4.662701194102e-01,0.000000e+00,False
20260906-124742,7cfda8cdc7345f93,5.6234132519e+01,4.3462000000e-03,4.662689563504e-01,0.000000e+00,False
20260906-124742,7cfda8cdc7345f93,6.3095734448e+01,4.3462000000e-03,4.662678251477e-01,0.000000e+00,False
20260906-124742,7cfda8cdc7345f93,7.0794578438e+01,4.3462000000e-03,4.662667366748e-01,0.000000e+00,False
20260906-124742,7cfda8cdc7345f93,7.9432823472e+01,4.3462000000e-03,4.662657015492e-01,0.000000e+00,False
20260906-124742,7cfda8cdc7345f93,8.9125093813e+01,4.3462000000e-03,4.662647295300e-01,0.000000e+00,False
20260906-124742,7cfda8cdc7345f93,1.0000000000e+02,4.3462000000e-03,4.662638290318e-01,0.000000e+00,False
20260906-124742,7cfda8cdc7345f93,1.1220184543e+02,4.3462000000e-03,4.662630065563e-01,0.000000e+00,False
20260906-124742,7cfda8cdc7345f93,1.2589254118e+02,4.3462000000e-03,4.662622663852e-01,0.000000e+00,False
20260906-124742,7cfda8cdc7345f93,1.4125375446e+02,4.3462000000e-03,4.662616103523e-01,0.000000e+00,False
20260906-124742,7cfda8cdc7345f93,1.5848931925e+02,4.3462000000e-03,4.662610379205e-01,0.000000e+00,False
20260906-124742,7cfda8cdc7345f93,1.7782794100e+02,4.3462000000e-03,4.662605464243e-01,0.000000e+00,False
20260906-124742,7cfda8cdc7345f93,1.9952623150e+02,4.3462000000e-03,4.662601315759e-01,0.000000e+00,False
20260906-124742,7cfda8cdc7345f93,2.2387211386e+02,4.3462000000e-03,4.662597879444e-01,0.000000e+00,False
20260906-124742,7cfda8cdc7345f93,2.5118864315e+02,4.3462000000e-03,4.662595096235e-01,0.000000e+00,False
20260906-124742,7cfda8cdc7345f93,2.8183829313e+02,4.3462000000e-03,4.662592906808e-01,0.000000e+00,False
20260906-124742,7cfda8cdc7345f93,3.1622776602e+02,4.3462000000e-03,4.662591257094e-01,0.000000e+00,False
20260906-124742,7cfda8cdc7345f93,3.5481338923e+02,4.3462000000e-03,4.662590101308e-01,0.000000e+00,False
20260906-124742,7cfda8cdc7345f93,3.9810717055e+02,4.3462000000e-03,4.662589404635e-01,0.000000e+00,False
20260906-124742,7cfda8cdc7345f93,4.4668359215e+02,4.3462000000e-03,4.662589146400e-01,0.000000e+00,False
20260906-124742,7cfda8cdc7345f93,5.0118723363e+02,4.3462000000e-03,4.662589321364e-01,0.000000e+00,False
20260906-124742,7cfda8cdc7345f93,5.6234132519e+02,4.3462000000e-03,4.662589942787e-01,0.000000e+00,False
20260906-124742,7cfda8cdc7345f93,6.3095734448e+02,4.3462000000e-03,4.662591044640e-01,0.000000e+00,False
20260906-124742,7cfda8cdc7345f93,7.0794578438e+02,4.3462000000e-03,4.662592685771e-01,0.000000e+00,False
20260906-124742,7cfda8cdc7345f93,7.9432823472e+02,4.3462000000e-03,4.662594954388e-01,0.000000e+00,False
20260906-124742,7cfda8cdc7345f93,8.9125093813e+02,4.3462000000e-03,4.662597971183e-01,0.000000e+00,False
20260906-124742,7cfda8cdc7345f93,1.0000000000e+03,4.3462000000e-03,4.662601897252e-01,0.000000e+00,False
20260906-124742,7cfda8cdc7345f93,1.0000000000e-03,1.0000000000e-02,4.663012300754e-01,2.556133e-09,False
20260906-124742,7cfda8cdc7345f93,1.1220184543e-03,1.0000000000e-02,4.663012208441e-01,1.323858e-09,False
20260906-124742,7cfda8cdc7345f93,1.2589254118e-03,1.0000000000e-02,4.663012092418e-01,7.695055e-10,False
20260906-124742,7cfda8cdc7345f93,1.4125375446e-03,1.0000000000e-02,4.663011985393e-01,4.144037e-10,False
20260906-124742,7cfda8cdc7345f93,1.5848931925e-03,1.0000000000e-02,4.663011875551e-01,1.279577e-09,False
20260906-124742,7cfda8cdc7345f93,1.7782794100e-03,1.0000000000e-02,4.663011745295e-01,9.902150e-11,False
20260906-124742,7cfda8cdc7345f93,1.9952623150e-03,1.0000000000e-02,4.663011620483e-01,1.735098e-09,False
20260906-124742,7cfda8cdc7345f93,2.2387211386e-03,1.0000000000e-02,4.663011476118e-01,7.071484e-10,False
20260906-124742,7cfda8cdc7345f93,2.5118864315e-03,1.0000000000e-02,4.663011324477e-01,4.989383e-10,False
20260906-124742,7cfda8cdc7345f93,2.8183829313e-03,1.0000000000e-02,4.663011172211e-01,4.630640e-11,False
20260906-124742,7cfda8cdc7345f93,3.1622776602e-03,1.0000000000e-02,4.663011003910e-01,1.589131e-09,False
20260906-124742,7cfda8cdc7345f93,3.5481338923e-03,1.0000000000e-02,4.663010831753e-01,2.465984e-09,False
20260906-124742,7cfda8cdc7345f93,3.9810717055e-03,1.0000000000e-02,4.663010649173e-01,6.791567e-10,False
20260906-124742,7cfda8cdc7345f93,4.4668359215e-03,1.0000000000e-02,4.663010450028e-01,2.467097e-10,False
20260906-124742,7cfda8cdc7345f93,5.0118723363e-03,1.0000000000e-02,4.663010241178e-01,1.156585e-09,False
20260906-124742,7cfda8cdc7345f93,5.6234132519e-03,1.0000000000e-02,4.663010019980e-01,3.446035e-10,False
20260906-124742,7cfda8cdc7345f93,6.3095734448e-03,1.0000000000e-02,4.663009788023e-01,3.040247e-09,False
20260906-124742,7cfda8cdc7345f93,7.0794578438e-03,1.0000000000e-02,4.663009538863e-01,3.288485e-09,False
20260906-124742,7cfda8cdc7345f93,7.9432823472e-03,1.0000000000e-02,4.663009277421e-01,2.855313e-11,False
20260906-124742,7cfda8cdc7345f93,8.9125093813e-03,1.0000000000e-02,4.663009000503e-01,9.387740e-10,False
20260906-124742,7cfda8cdc7345f93,1.0000000000e-02,1.0000000000e-02,4.663008705609e-01,4.279803e-11,False
20260906-124742,7cfda8cdc7345f93,1.1220184543e-02,1.0000000000e-02,4.663008393023e-01,3.753680e-11,False
20260906-124742,7cfda8cdc7345f93,1.2589254118e-02,1.0000000000e-02,4.663008064772e-01,4.457384e-11,False
20260906-124742,7cfda8cdc7345f93,1.4125375446e-02,1.0000000000e-02,4.663007715393e-01,2.126977e-10,False
20260906-124742,7cfda8cdc7345f93,1.5848931925e-02,1.0000000000e-02,4.663007343897e-01,2.683647e-10,False
20260906-124742,7cfda8cdc7345f93,1.7782794100e-02,1.0000000000e-02,4.663006942936e-01,1.992103e-09,False
20260906-124742,7cfda8cdc7345f93,1.9952623150e-02,1.0000000000e-02,4.663006538314e-01,1.604729e-09,False
20260906-124742,7cfda8cdc7345f93,2.2387211386e-02,1.0000000000e-02,4.663006102357e-01,1.040169e-10,False
20260906-124742,7cfda8cdc7345f93,2.5118864315e-02,1.0000000000e-02,4.663005629877e-01,3.159778e-10,False
20260906-124742,7cfda8cdc7345f93,2.8183829313e-02,1.0000000000e-02,4.663005138801e-01,2.015101e-09,False
20260906-124742,7cfda8cdc7345f93,3.1622776602e-02,1.0000000000e-02,4.663004615965e-01,1.825192e-10,False
20260906-124742,7cfda8cdc7345f93,3.5481338923e-02,1.0000000000e-02,4.663004068730e-01,1.544143e-09,False
20260906-124742,7cfda8cdc7345f93,3.9810717055e-02,1.0000000000e-02,4.663003475788e-01,2.106176e-10,False
20260906-124742,7cfda8cdc7345f93,4.4668359215e-02,1.0000000000e-02,4.663002853975e-01,1.247004e-10,False
20260906-124742,7cfda8cdc7345f93,5.0118723363e-02,1.0000000000e-02,4.663002199695e-01,1.315088e-09,False
20260906-124742,7cfda8cdc7345f93,5.6234132519e-02,1.0000000000e-02,4.663001500218e-01,8.321446e-10,False
20260906-124742,7cfda8cdc7345f93,6.3095734448e-02,1.0000000000e-02,4.663000760436e-01,1.356599e-09,False
20260906-124742,7cfda8cdc7345f93,7.0794578438e-02,1.0000000000e-02,4.662999980571e-01,5.541725e-10,False
20260906-124742,7cfda8cdc7345f93,7.9432823472e-02,1.0000000000e-02,4.662999152481e-01,6.641879e-10,False
20260906-124742,7cfda8cdc7345f93,8.9125093813e-02,1.0000000000e-02,4.662998276134e-01,8.542824e-10,False
20260906-124742,7cfda8cdc7345f93,1.0000000000e-01,1.0000000000e-02,4.662997347674e-01,9.652533e-10,False
20260906-124742,7cfda8cdc7345f93,1.1220184543e-01,1.0000000000e-02,4.662996364200e-01,1.141725e-09,False
20260906-124742,7cfda8cdc7345f93,1.2589254118e-01,1.0000000000e-02,4.662995322659e-01,5.507838e-10,False
20260906-124742,7cfda8cdc7345f93,1.4125375446e-01,1.0000000000e-02,4.662994219828e-01,1.527519e-09,False
20260906-124742,7cfda8cdc7345f93,1.5848931925e-01,1.0000000000e-02,4.662993052156e-01,1.880810e-09,False
20260906-124742,7cfda8cdc7345f93,1.7782794100e-01,1.0000000000e-02,4.662991815257e-01,3.045187e-09,False
20260906-124742,7cfda8cdc7345f93,1.9952623150e-01,1.0000000000e-02,4.662990505749e-01,3.311238e-09,False
20260906-124742,7cfda8cdc7345f93,2.2387211386e-01,1.0000000000e-02,4.662989124509e-01,4.898462e-09,False
20260906-124742,7cfda8cdc7345f93,2.5118864315e-01,1.0000000000e-02,4.662987654994e-01,4.845196e-09,False
20260906-124742,7cfda8cdc7345f93,2.8183829313e-01,1.0000000000e-02,4.662986094714e-01,3.883631e-09,False
20260906-124742,7cfda8cdc7345f93,3.1622776602e-01,1.0000000000e-02,4.662984450308e-01,4.947222e-09,False
20260906-124742,7cfda8cdc7345f93,3.5481338923e-01,1.0000000000e-02,4.662982706121e-01,5.419638e-09,False
20260906-124742,7cfda8cdc7345f93,3.9810717055e-01,1.0000000000e-02,4.662980863550e-01,6.856381e-09,False
20260906-124742,7cfda8cdc7345f93,4.4668359215e-01,1.0000000000e-02,4.662978911174e-01,8.058348e-09,False
20260906-124742,7cfda8cdc7345f93,5.0118723363e-01,1.0000000000e-02,4.662976844856e-01,9.495235e-09,False
20260906-124742,7cfda8cdc7345f93,5.6234132519e-01,1.0000000000e-02,4.662974657995e-01,1.115794e-08,False
20260906-124742,7cfda8cdc7345f93,6.3095734448e-01,1.0000000000e-02,4.662972343731e-01,1.336768e-08,False
20260906-124742,7cfda8cdc7345f93,7.0794578438e-01,1.0000000000e-02,4.662969895158e-01,1.539552e-08,False
20260906-124742,7cfda8cdc7345f93,7.9432823472e-01,1.0000000000e-02,4.662967304571e-01,1.807278e-08,False
20260906-124742,7cfda8cdc7345f93,8.9125093813e-01,1.0000000000e-02,4.662964564220e-01,2.117559e-08,False
20260906-124742,7cfda8cdc7345f93,1.0000000000e+00,1.0000000000e-02,4.662961662429e-01,2.414357e-08,False
20260906-124742,7cfda8cdc7345f93,1.1220184543e+00,1.0000000000e-02,4.662958600479e-01,2.889081e-08,True
20260906-124742,7cfda8cdc7345f93,1.2589254118e+00,1.0000000000e-02,4.662955360511e-01,3.387372e-08,True
20260906-124742,7cfda8cdc7345f93,1.4125375446e+00,1.0000000000e-02,4.662951935142e-01,3.951816e-08,True
20260906-124742,7cfda8cdc7345f93,1.5848931925e+00,1.0000000000e-02,4.662948315208e-01,4.604686e-08,True
20260906-124742,7cfda8cdc7345f93,1.7782794100e+00,1.0000000000e-02,4.662944488103e-01,5.305377e-08,True
20260906-124742,7cfda8cdc7345f93,1.9952623150e+00,1.0000000000e-02,4.662940450939e-01,6.228378e-08,True
20260906-124742,7cfda8cdc7345f93,2.2387211386e+00,1.0000000000e-02,4.662936185334e-01,7.226940e-08,True
20260906-124742,7cfda8cdc7345f93,2.5118864315e+00,1.0000000000e-02,4.662931682719e-01,8.368609e-08,True
20260906-124742,7cfda8cdc7345f93,2.8183829313e+00,1.0000000000e-02,4.662926931824e-01,9.672468e-08,True
20260906-124742,7cfda8cdc7345f93,3.1622776602e+00,1.0000000000e-02,4.662921920885e-01,1.115596e-07,True
20260906-124742,7cfda8cdc7345f93,3.5481338923e+00,1.0000000000e-02,4.662916635884e-01,1.278815e-07,True
20260906-124742,7cfda8cdc7345f93,3.9810717055e+00,1.0000000000e-02,4.662911071741e-01,1.473599e-07,True
20260906-124742,7cfda8cdc7345f93,4.4668359215e+00,1.0000000000e-02,4.662905209556e-01,1.686729e-07,True
20260906-124742,7cfda8cdc7345f93,5.0118723363e+00,1.0000000000e-02,4.662899039510e-01,1.924523e-07,True
20260906-124742,7cfda8cdc7345f93,5.6234132519e+00,1.0000000000e-02,4.662892549882e-01,2.193778e-07,True
20260906-124742,7cfda8cdc7345f93,6.3095734448e+00,1.0000000000e-02,4.662885728880e-01,2.478783e-07,True
20260906-124742,7cfda8cdc7345f93,7.0794578438e+00,1.0000000000e-02,4.662878562736e-01,2.790072e-07,True
20260906-124742,7cfda8cdc7345f93,7.9432823472e+00,1.0000000000e-02,4.662871048369e-01,3.137608e-07,True
20260906-124742,7cfda8cdc7345f93,8.9125093813e+00,1.0000000000e-02,4.662863168018e-01,3.509834e-07,True
20260906-124742,7cfda8cdc7345f93,1.0000000000e+01,1.0000000000e-02,4.662854915099e-01,3.884322e-07,True
20260906-124742,7cfda8cdc7345f93,1.1220184543e+01,1.0000000000e-02,4.662846281498e-01,4.276925e-07,True
20260906-124742,7cfda8cdc7345f93,1.2589254118e+01,1.0000000000e-02,4.662837260599e-01,4.669290e-07,True
20260906-124742,7cfda8cdc7345f93,1.4125375446e+01,1.0000000000e-02,4.662827847297e-01,5.046692e-07,True
20260906-124742,7cfda8cdc7345f93,1.5848931925e+01,1.0000000000e-02,4.662818038239e-01,5.388833e-07,True
20260906-124742,7cfda8cdc7345f93,1.7782794100e+01,1.0000000000e-02,4.662807832575e-01,5.669750e-07,True
20260906-124742,7cfda8cdc7345f93,1.9952623150e+01,1.0000000000e-02,4.662797231612e-01,5.855108e-07,True
20260906-124742,7cfda8cdc7345f93,2.2387211386e+01,1.0000000000e-02,4.662786239824e-01,5.902202e-07,True
20260906-124742,7cfda8cdc7345f93,2.5118864315e+01,1.0000000000e-02,4.662774864567e-01,5.757657e-07,True
20260906-124742,7cfda8cdc7345f93,2.8183829313e+01,1.0000000000e-02,4.662763116891e-01,5.356057e-07,True
20260906-124742,7cfda8cdc7345f93,3.1622776602e+01,1.0000000000e-02,4.662751011665e-01,4.619648e-07,True
20260906-124742,7cfda8cdc7345f93,3.5481338923e+01,1.0000000000e-02,4.662738567915e-01,3.456667e-07,True
20260906-124742,7cfda8cdc7345f93,3.9810717055e+01,1.0000000000e-02,4.662725809338e-01,1.761781e-07,True
20260906-124742,7cfda8cdc7345f93,4.4668359215e+01,1.0000000000e-02,4.662712764180e-01,5.830871e-08,True
20260906-124742,7cfda8cdc7345f93,5.0118723363e+01,1.0000000000e-02,4.662699467793e-01,3.702379e-07,True
20260906-124742,7cfda8cdc7345f93,5.6234132519e+01,1.0000000000e-02,4.662685953653e-01,7.741992e-07,True
20260906-124742,7cfda8cdc7345f93,6.3095734448e+01,1.0000000000e-02,4.662672271150e-01,1.282595e-06,True
20260906-124742,7cfda8cdc7345f93,7.0794578438e+01,1.0000000000e-02,4.662658468455e-01,1.908413e-06,True
20260906-124742,7cfda8cdc7345f93,7.9432823472e+01,1.0000000000e-02,4.662644600744e-01,2.662591e-06,True
20260906-124742,7cfda8cdc7345f93,8.9125093813e+01,1.0000000000e-02,4.662630729015e-01,3.552978e-06,True
20260906-124742,7cfda8cdc7345f93,1.0000000000e+02,1.0000000000e-02,4.662616919232e-01,4.583475e-06,True
20260906-124742,7cfda8cdc7345f93,1.1220184543e+02,1.0000000000e-02,4.662603242676e-01,5.752737e-06,True
20260906-124742,7cfda8cdc7345f93,1.2589254118e+02,1.0000000000e-02,4.662589774832e-01,7.053760e-06,True
20260906-124742,7cfda8cdc7345f93,1.4125375446e+02,1.0000000000e-02,4.662576595138e-01,8.473437e-06,True
20260906-124742,7cfda8cdc7345f93,1.5848931925e+02,1.0000000000e-02,4.662563786078e-01,9.992927e-06,True
20260906-124742,7cfda8cdc7345f93,1.7782794100e+02,1.0000000000e-02,4.662551431859e-01,1.158845e-05,True
20260906-124742,7cfda8cdc7345f93,1.9952623150e+02,1.0000000000e-02,4.662539616959e-01,1.323270e-05,True
20260906-124742,7cfda8cdc7345f93,2.2387211386e+02,1.0000000000e-02,4.662528424676e-01,1.489615e-05,True
20260906-124742,7cfda8cdc7345f93,2.5118864315e+02,1.0000000000e-02,4.662517934878e-01,1.654902e-05,True
20260906-124742,7cfda8cdc7345f93,2.8183829313e+02,1.0000000000e-02,4.662508222137e-01,1.816257e-05,True
20260906-124742,7cfda8cdc7345f93,3.1622776602e+02,1.0000000000e-02,4.662499353224e-01,1.971090e-05,True
20260906-124742,7cfda8cdc7345f93,3.5481338923e+02,1.0000000000e-02,4.662491385033e-01,2.117198e-05,True
20260906-124742,7cfda8cdc7345f93,3.9810717055e+02,1.0000000000e-02,4.662484363541e-01,2.252849e-05,True
20260906-124742,7cfda8cdc7345f93,4.4668359215e+02,1.0000000000e-02,4.662478322817e-01,2.376868e-05,True
20260906-124742,7cfda8cdc7345f93,5.0118723363e+02,1.0000000000e-02,4.662473286325e-01,2.488639e-05,True
20260906-124742,7cfda8cdc7345f93,5.6234132519e+02,1.0000000000e-02,4.662469268449e-01,2.588140e-05,True
20260906-124742,7cfda8cdc7345f93,6.3095734448e+02,1.0000000000e-02,4.662466279081e-01,2.675885e-05,True
20260906-124742,7cfda8cdc7345f93,7.0794578438e+02,1.0000000000e-02,4.662464328241e-01,2.752922e-05,True
20260906-124742,7cfda8cdc7345f93,7.9432823472e+02,1.0000000000e-02,4.662463433937e-01,2.820757e-05,True
20260906-124742,7cfda8cdc7345f93,8.9125093813e+02,1.0000000000e-02,4.662463631021e-01,2.881230e-05,True
20260906-124742,7cfda8cdc7345f93,1.0000000000e+03,1.0000000000e-02,4.662464977734e-01,2.936547e-05,True
20260906-124742,7cfda8cdc7345f93,1.0000000000e-03,1.0000000000e-01,4.663012300139e-01,2.687976e-09,False
20260906-124742,7cfda8cdc7345f93,1.1220184543e-03,1.0000000000e-01,4.663012206612e-01,9.317138e-10,False
20260906-124742,7cfda8cdc7345f93,1.2589254118e-03,1.0000000000e-01,4.663012097061e-01,2.260929e-10,False
20260906-124742,7cfda8cdc7345f93,1.4125375446e-03,1.0000000000e-01,4.663011982433e-01,2.203413e-10,False
20260906-124742,7cfda8cdc7345f93,1.5848931925e-03,1.0000000000e-01,4.663011874711e-01,1.099397e-09,False
20260906-124742,7cfda8cdc7345f93,1.7782794100e-03,1.0000000000e-01,4.663011745968e-01,2.434042e-10,False
20260906-124742,7cfda8cdc7345f93,1.9952623150e-03,1.0000000000e-01,4.663011613059e-01,1.430647e-10,False
20260906-124742,7cfda8cdc7345f93,2.2387211386e-03,1.0000000000e-01,4.663011481414e-01,1.842843e-09,False
20260906-124742,7cfda8cdc7345f93,2.5118864315e-03,1.0000000000e-01,4.663011328170e-01,2.929758e-10,False
20260906-124742,7cfda8cdc7345f93,2.8183829313e-03,1.0000000000e-01,4.663011168274e-01,8.908086e-10,False
20260906-124742,7cfda8cdc7345f93,3.1622776602e-03,1.0000000000e-01,4.663011004748e-01,1.409506e-09,False
20260906-124742,7cfda8cdc7345f93,3.5481338923e-03,1.0000000000e-01,4.663010843741e-01,1.047442e-10,False
20260906-124742,7cfda8cdc7345f93,3.9810717055e-03,1.0000000000e-01,4.663010647044e-01,2.225589e-10,False
20260906-124742,7cfda8cdc7345f93,4.4668359215e-03,1.0000000000e-01,4.663010453440e-01,9.785226e-10,False
20260906-124742,7cfda8cdc7345f93,5.0118723363e-03,1.0000000000e-01,4.663010243114e-01,7.414060e-10,False
20260906-124742,7cfda8cdc7345f93,5.6234132519e-03,1.0000000000e-01,4.663010017434e-01,8.905455e-10,False
20260906-124742,7cfda8cdc7345f93,6.3095734448e-03,1.0000000000e-01,4.663009792896e-01,1.995147e-09,False
20260906-124742,7cfda8cdc7345f93,7.0794578438e-03,1.0000000000e-01,4.663009540434e-01,2.951572e-09,False
20260906-124742,7cfda8cdc7345f93,7.9432823472e-03,1.0000000000e-01,4.663009274518e-01,6.509956e-10,False
20260906-124742,7cfda8cdc7345f93,8.9125093813e-03,1.0000000000e-01,4.663008999002e-01,6.167278e-10,False
20260906-124742,7cfda8cdc7345f93,1.0000000000e-02,1.0000000000e-01,4.663008708332e-01,5.411869e-10,False
20260906-124742,7cfda8cdc7345f93,1.1220184543e-02,1.0000000000e-01,4.663008394488e-01,3.518833e-10,False
20260906-124742,7cfda8cdc7345f93,1.2589254118e-02,1.0000000000e-01,4.663008067807e-01,6.954442e-10,False
20260906-124742,7cfda8cdc7345f93,1.4125375446e-02,1.0000000000e-01,4.663007714233e-01,3.600755e-11,False
20260906-124742,7cfda8cdc7345f93,1.5848931925e-02,1.0000000000e-01,4.663007347254e-01,4.515021e-10,False
20260906-124742,7cfda8cdc7345f93,1.7782794100e-02,1.0000000000e-01,4.663006958536e-01,1.353399e-09,False
20260906-124742,7cfda8cdc7345f93,1.9952623150e-02,1.0000000000e-01,4.663006543900e-01,2.802580e-09,False
20260906-124742,7cfda8cdc7345f93,2.2387211386e-02,1.0000000000e-01,4.663006105761e-01,8.340472e-10,False
20260906-124742,7cfda8cdc7345f93,2.5118864315e-02,1.0000000000e-01,4.663005654006e-01,4.858690e-09,False
20260906-124742,7cfda8cdc7345f93,2.8183829313e-02,1.0000000000e-01,4.663005149254e-01,2.265811e-10,False
20260906-124742,7cfda8cdc7345f93,3.1622776602e-02,1.0000000000e-01,4.663004628732e-01,2.920466e-09,False
20260906-124742,7cfda8cdc7345f93,3.5481338923e-02,1.0000000000e-01,4.663004083871e-01,4.791184e-09,False
20260906-124742,7cfda8cdc7345f93,3.9810717055e-02,1.0000000000e-01,4.663003493460e-01,4.000536e-09,False
20260906-124742,7cfda8cdc7345f93,4.4668359215e-02,1.0000000000e-01,4.663002879922e-01,5.689145e-09,False
20260906-124742,7cfda8cdc7345f93,5.0118723363e-02,1.0000000000e-01,4.663002225131e-01,6.769975e-09,False
20260906-124742,7cfda8cdc7345f93,5.6234132519e-02,1.0000000000e-01,4.663001528300e-01,6.854287e-09,False
20260906-124742,7cfda8cdc7345f93,6.3095734448e-02,1.0000000000e-01,4.663000799620e-01,9.759654e-09,False
20260906-124742,7cfda8cdc7345f93,7.0794578438e-02,1.0000000000e-01,4.663000022458e-01,9.537045e-09,False
20260906-124742,7cfda8cdc7345f93,7.9432823472e-02,1.0000000000e-01,4.662999202282e-01,1.134408e-08,False
20260906-124742,7cfda8cdc7345f93,8.9125093813e-02,1.0000000000e-01,4.662998334818e-01,1.343929e-08,False
20260906-124742,7cfda8cdc7345f93,1.0000000000e-01,1.0000000000e-01,4.662997417237e-01,1.588343e-08,False
20260906-124742,7cfda8cdc7345f93,1.1220184543e-01,1.0000000000e-01,4.662996446990e-01,1.889641e-08,False
20260906-124742,7cfda8cdc7345f93,1.2589254118e-01,1.0000000000e-01,4.662995420781e-01,2.159352e-08,False
20260906-124742,7cfda8cdc7345f93,1.4125375446e-01,1.0000000000e-01,4.662994335870e-01,2.641329e-08,True
20260906-124742,7cfda8cdc7345f93,1.5848931925e-01,1.0000000000e-01,4.662993182027e-01,2.973233e-08,True
20260906-124742,7cfda8cdc7345f93,1.7782794100e-01,1.0000000000e-01,4.662991973449e-01,3.697016e-08,True
20260906-124742,7cfda8cdc7345f93,1.9952623150e-01,1.0000000000e-01,4.662990696982e-01,4.432206e-08,True
20260906-124742,7cfda8cdc7345f93,2.2387211386e-01,1.0000000000e-01,4.662989346270e-01,5.245617e-08,True
20260906-124742,7cfda8cdc7345f93,2.5118864315e-01,1.0000000000e-01,4.662987919582e-01,6.158734e-08,True
20260906-124742,7cfda8cdc7345f93,2.8183829313e-01,1.0000000000e-01,4.662986412806e-01,7.210008e-08,True
20260906-124742,7cfda8cdc7345f93,3.1622776602e-01,1.0000000000e-01,4.662984826274e-01,8.557496e-08,True
20260906-124742,7cfda8cdc7345f93,3.5481338923e-01,1.0000000000e-01,4.662983152478e-01,1.011431e-07,True
20260906-124742,7cfda8cdc7345f93,3.9810717055e-01,1.0000000000e-01,4.662981388985e-01,1.195387e-07,True
20260906-124742,7cfda8cdc7345f93,4.4668359215e-01,1.0000000000e-01,4.662979532193e-01,1.412391e-07,True
20260906-124742,7cfda8cdc7345f93,5.0118723363e-01,1.0000000000e-01,4.662977578669e-01,1.668652e-07,True
20260906-124742,7cfda8cdc7345f93,5.6234132519e-01,1.0000000000e-01,4.662975526251e-01,1.973602e-07,True
20260906-124742,7cfda8cdc7345f93,6.3095734448e-01,1.0000000000e-01,4.662973368331e-01,2.330988e-07,True
20260906-124742,7cfda8cdc7345f93,7.0794578438e-01,1.0000000000e-01,4.662971105652e-01,2.749926e-07,True
20260906-124742,7cfda8cdc7345f93,7.9432823472e-01,1.0000000000e-01,4.662968731888e-01,3.241692e-07,True
20260906-124742,7cfda8cdc7345f93,8.9125093813e-01,1.0000000000e-01,4.662966253819e-01,3.835199e-07,True
20260906-124742,7cfda8cdc7345f93,1.0000000000e+00,1.0000000000e-01,4.662963661067e-01,4.527633e-07,True
20260906-124742,7cfda8cdc7345f93,1.1220184543e+00,1.0000000000e-01,4.662960959562e-01,5.348107e-07,True
20260906-124742,7cfda8cdc7345f93,1.2589254118e+00,1.0000000000e-01,4.662958147490e-01,6.315587e-07,True
20260906-124742,7cfda8cdc7345f93,1.4125375446e+00,1.0000000000e-01,4.662955228991e-01,7.459054e-07,True
20260906-124742,7cfda8cdc7345f93,1.5848931925e+00,1.0000000000e-01,4.662952208363e-01,8.809596e-07,True
20260906-124742,7cfda8cdc7345f93,1.7782794100e+00,1.0000000000e-01,4.662949093165e-01,1.040641e-06,True
20260906-124742,7cfda8cdc7345f93,1.9952623150e+00,1.0000000000e-01,4.662945893215e-01,1.229418e-06,True
20260906-124742,7cfda8cdc7345f93,2.2387211386e+00,1.0000000000e-01,4.662942621912e-01,1.452640e-06,True
20260906-124742,7cfda8cdc7345f93,2.5118864315e+00,1.0000000000e-01,4.662939296671e-01,1.716554e-06,True
20260906-124742,7cfda8cdc7345f93,2.8183829313e+00,1.0000000000e-01,4.662935938010e-01,2.028170e-06,True
20260906-124742,7cfda8cdc7345f93,3.1622776602e+00,1.0000000000e-01,4.662932575757e-01,2.396580e-06,True
20260906-124742,7cfda8cdc7345f93,3.5481338923e+00,1.0000000000e-01,4.662929242740e-01,2.831523e-06,True
20260906-124742,7cfda8cdc7345f93,3.9810717055e+00,1.0000000000e-01,4.662925982053e-01,3.345001e-06,True
20260906-124742,7cfda8cdc7345f93,4.4668359215e+00,1.0000000000e-01,4.662922833124e-01,3.948199e-06,True
20260906-124742,7cfda8cdc7345f93,5.0118723363e+00,1.0000000000e-01,4.662919850969e-01,4.655655e-06,True
20260906-124742,7cfda8cdc7345f93,5.6234132519e+00,1.0000000000e-01,4.662917092336e-01,5.482733e-06,True
20260906-124742,7cfda8cdc7345f93,6.3095734448e+00,1.0000000000e-01,4.662914616736e-01,6.443154e-06,True
20260906-124742,7cfda8cdc7345f93,7.0794578438e+00,1.0000000000e-01,4.662912483218e-01,7.553589e-06,True
20260906-124742,7cfda8cdc7345f93,7.9432823472e+00,1.0000000000e-01,4.662910746364e-01,8.827401e-06,True
20260906-124742,7cfda8cdc7345f93,8.9125093813e+00,1.0000000000e-01,4.662909451710e-01,1.027701e-05,True
20260906-124742,7cfda8cdc7345f93,1.0000000000e+01,1.0000000000e-01,4.662908631193e-01,1.190844e-05,True
20260906-124742,7cfda8cdc7345f93,1.1220184543e+01,1.0000000000e-01,4.662908298713e-01,1.372799e-05,True
20260906-124742,7cfda8cdc7345f93,1.2589254118e+01,1.0000000000e-01,4.662908448369e-01,1.573399e-05,True
20260906-124742,7cfda8cdc7345f93,1.4125375446e+01,1.0000000000e-01,4.662909053726e-01,1.792038e-05,True
20260906-124742,7cfda8cdc7345f93,1.5848931925e+01,1.0000000000e-01,4.662910070172e-01,2.027630e-05,True
20260906-124742,7cfda8cdc7345f93,1.7782794100e+01,1.0000000000e-01,4.662911439003e-01,2.278674e-05,True
20260906-124742,7cfda8cdc7345f93,1.9952623150e+01,1.0000000000e-01,4.662913092593e-01,2.543348e-05,True
20260906-124742,7cfda8cdc7345f93,2.2387211386e+01,1.0000000000e-01,4.662914960268e-01,2.819614e-05,True
20260906-124742,7cfda8cdc7345f93,2.5118864315e+01,1.0000000000e-01,4.662916972913e-01,3.105299e-05,True
20260906-124742,7cfda8cdc7345f93,2.8183829313e+01,1.0000000000e-01,4.662919067815e-01,3.398166e-05,True
20260906-124742,7cfda8cdc7345f93,3.1622776602e+01,1.0000000000e-01,4.662921190796e-01,3.695956e-05,True
20260906-124742,7cfda8cdc7345f93,3.5481338923e+01,1.0000000000e-01,4.662923295376e-01,3.996348e-05,True
20260906-124742,7cfda8cdc7345f93,3.9810717055e+01,1.0000000000e-01,4.662925347248e-01,4.297045e-05,True
20260906-124742,7cfda8cdc7345f93,4.4668359215e+01,1.0000000000e-01,4.662927319305e-01,4.595677e-05,True
20260906-124742,7cfda8cdc7345f93,5.0118723363e+01,1.0000000000e-01,4.662929193730e-01,4.889861e-05,True
20260906-124742,7cfda8cdc7345f93,5.6234132519e+01,1.0000000000e-01,4.662930959040e-01,5.177174e-05,True
20260906-124742,7cfda8cdc7345f93,6.3095734448e+01,1.0000000000e-01,4.662932609687e-01,5.455195e-05,True
20260906-124742,7cfda8cdc7345f93,7.0794578438e+01,1.0000000000e-01,4.662934144475e-01,5.721569e-05,True
20260906-124742,7cfda8cdc7345f93,7.9432823472e+01,1.0000000000e-01,4.662935565630e-01,5.974065e-05,True
20260906-124742,7cfda8cdc7345f93,8.9125093813e+01,1.0000000000e-01,4.662936878153e-01,6.210696e-05,True
20260906-124742,7cfda8cdc7345f93,1.0000000000e+02,1.0000000000e-01,4.662938089051e-01,6.429809e-05,True
20260906-124742,7cfda8cdc7345f93,1.1220184543e+02,1.0000000000e-01,4.662939206879e-01,6.630192e-05,True
20260906-124742,7cfda8cdc7345f93,1.2589254118e+02,1.0000000000e-01,4.662940241417e-01,6.811136e-05,True
20260906-124742,7cfda8cdc7345f93,1.4125375446e+02,1.0000000000e-01,4.662941203691e-01,6.972484e-05,True
20260906-124742,7cfda8cdc7345f93,1.5848931925e+02,1.0000000000e-01,4.662942105531e-01,7.114605e-05,True
20260906-124742,7cfda8cdc7345f93,1.7782794100e+02,1.0000000000e-01,4.662942960064e-01,7.238353e-05,True
20260906-124742,7cfda8cdc7345f93,1.9952623150e+02,1.0000000000e-01,4.662943781710e-01,7.344955e-05,True
20260906-124742,7cfda8cdc7345f93,2.2387211386e+02,1.0000000000e-01,4.662944586552e-01,7.435921e-05,True
20260906-124742,7cfda8cdc7345f93,2.5118864315e+02,1.0000000000e-01,4.662945392794e-01,7.512910e-05,True
20260906-124742,7cfda8cdc7345f93,2.8183829313e+02,1.0000000000e-01,4.662946221402e-01,7.577642e-05,True
20260906-124742,7cfda8cdc7345f93,3.1622776602e+02,1.0000000000e-01,4.662947096651e-01,7.631798e-05,True
20260906-124742,7cfda8cdc7345f93,3.5481338923e+02,1.0000000000e-01,4.662948047660e-01,7.676985e-05,True
20260906-124742,7cfda8cdc7345f93,3.9810717055e+02,1.0000000000e-01,4.662949108987e-01,7.714691e-05,True
20260906-124742,7cfda8cdc7345f93,4.4668359215e+02,1.0000000000e-01,4.662950322532e-01,7.746257e-05,True
20260906-124742,7cfda8cdc7345f93,5.0118723363e+02,1.0000000000e-01,4.662951739372e-01,7.772891e-05,True
20260906-124742,7cfda8cdc7345f93,5.6234132519e+02,1.0000000000e-01,4.662953422166e-01,7.795654e-05,True
20260906-124742,7cfda8cdc7345f93,6.3095734448e+02,1.0000000000e-01,4.662955448160e-01,7.815472e-05,True
20260906-124742,7cfda8cdc7345f93,7.0794578438e+02,1.0000000000e-01,4.662957912642e-01,7.833128e-05,True
20260906-124742,7cfda8cdc7345f93,7.9432823472e+02,1.0000000000e-01,4.662960935369e-01,7.849298e-05,True
20260906-124742,7cfda8cdc7345f93,8.9125093813e+02,1.0000000000e-01,4.662964663110e-01,7.864541e-05,True
20260906-124742,7cfda8cdc7345f93,1.0000000000e+03,1.0000000000e-01,4.662969280808e-01,7.879368e-05,True
