run_id,solver_hash,model,bc_phason,Omega,k,V,r,status,delta_pen
20260906-125819,7cfda8cdc7345f93,A,free,1.0000000000e-03,3.218260250370e-03,3.107268903703e-01,1.977535e-11,accepted,1.989427e+03
20260906-125819,7cfda8cdc7345f93,A,free,1.1220184543e-03,3.610947392760e-03,3.107268902759e-01,2.248500e-11,accepted,1.773078e+03
20260906-125819,7cfda8cdc7345f93,A,free,1.2589254118e-03,4.051549613494e-03,3.107268901758e-01,2.560686e-11,accepted,1.580258e+03
20260906-125819,7cfda8cdc7345f93,A,free,1.4125375446e-03,4.545913436411e-03,3.107268900699e-01,2.920989e-11,accepted,1.408406e+03
20260906-125819,7cfda8cdc7345f93,A,free,1.5848931925e-03,5.100598769155e-03,3.107268899576e-01,3.337558e-11,accepted,1.255243e+03
20260906-125819,7cfda8cdc7345f93,A,free,1.7782794100e-03,5.722965949171e-03,3.107268898387e-01,3.820018e-11,accepted,1.118737e+03
20260906-125819,7cfda8cdc7345f93,A,free,1.9952623150e-03,6.421273410914e-03,3.107268897128e-01,4.379754e-11,accepted,9.970752e+02
20260906-125819,7cfda8cdc7345f93,A,free,2.2387211386e-03,7.204787270257e-03,3.107268895794e-01,5.030242e-11,accepted,8.886442e+02
20260906-125819,7cfda8cdc7345f93,A,free,2.5118864315e-03,8.083904280167e-03,3.107268894403e-01,5.786791e-11,accepted,7.920049e+02
20260906-125819,7cfda8cdc7345f93,A,free,2.8183829313e-03,9.070289789424e-03,3.107268892942e-01,6.668532e-11,accepted,7.058751e+02
20260906-125819,7cfda8cdc7345f93,A,free,3.1622776602e-03,1.017703253467e-02,3.107268891395e-01,7.698130e-11,accepted,6.291119e+02
20260906-125819,7cfda8cdc7345f93,A,free,3.5481338923e-03,1.141881831994e-02,3.107268889758e-01,8.902118e-11,accepted,5.606965e+02
20260906-125819,7cfda8cdc7345f93,A,free,3.9810717055e-03,1.281212488845e-02,3.107268888024e-01,1.031194e-10,resolved_min,4.997213e+02
20260906-125819,7cfda8cdc7345f93,A,free,4.4668359215e-03,1.437544057215e-02,3.107268886189e-01,1.196490e-10,resolved_min,4.453771e+02
20260906-125819,7cfda8cdc7345f93,A,free,5.0118723363e-03,1.612950962076e-02,3.107268884246e-01,1.390519e-10,resolved_min,3.969427e+02
20260906-125819,7cfda8cdc7345f93,A,free,5.6234132519e-03,1.809760746531e-02,3.107268882189e-01,1.618526e-10,resolved_min,3.537756e+02
20260906-125819,7cfda8cdc7345f93,A,free,6.3095734448e-03,2.030584956902e-02,3.107268880012e-01,1.886728e-10,resolved_min,3.153028e+02
20260906-125819,7cfda8cdc7345f93,A,free,7.0794578438e-03,2.278353796363e-02,3.107268877705e-01,2.202497e-10,resolved_min,2.810139e+02
20260906-125819,7cfda8cdc7345f93,A,free,7.9432823472e-03,2.556355006958e-02,3.107268875263e-01,2.574576e-10,resolved_min,2.504539e+02
20260906-125819,7cfda8cdc7345f93,A,free,8.9125093813e-03,2.868277495942e-02,3.107268872676e-01,3.013329e-10,resolved_min,2.232173e+02
20260906-125819,7cfda8cdc7345f93,A,free,1.0000000000e-02,3.218260285343e-02,3.107268869936e-01,3.531045e-10,resolved_min,1.989426e+02
20260906-125819,7cfda8cdc7345f93,A,free,1.1220184543e-02,3.610947434275e-02,3.107268867034e-01,4.142294e-10,resolved_min,1.773078e+02
20260906-125819,7cfda8cdc7345f93,A,free,1.2589254118e-02,4.051549662781e-02,3.107268863958e-01,4.864344e-10,resolved_min,1.580257e+02
20260906-125819,7cfda8cdc7345f93,A,free,1.4125375446e-02,4.545913494929e-02,3.107268860700e-01,5.717665e-10,resolved_min,1.408405e+02
20260906-125819,7cfda8cdc7345f93,A,free,1.5848931925e-02,5.100598838640e-02,3.107268857246e-01,6.726518e-10,resolved_min,1.255243e+02
20260906-125819,7cfda8cdc7345f93,A,free,1.7782794100e-02,5.722966031688e-02,3.107268853585e-01,7.919649e-10,resolved_min,1.118736e+02
20260906-125819,7cfda8cdc7345f93,A,free,1.9952623150e-02,6.421273508815e-02,3.107268849754e-01,9.330968e-10,resolved_min,9.970746e+01
20260906-125819,7cfda8cdc7345f93,A,free,2.2387211386e-02,7.204787386289e-02,3.107268845752e-01,1.100082e-09,resolved_min,8.886436e+01
20260906-125819,7cfda8cdc7345f93,A,free,2.5118864315e-02,8.083904417789e-02,3.107268841504e-01,1.297721e-09,resolved_min,7.920044e+01
20260906-125819,7cfda8cdc7345f93,A,free,2.8183829313e-02,9.070289952739e-02,3.107268836994e-01,1.531676e-09,resolved_min,7.058746e+01
20260906-125819,7cfda8cdc7345f93,A,free,3.1622776602e-02,1.017703272853e-01,3.107268832203e-01,1.808650e-09,resolved_min,6.291114e+01
20260906-125819,7cfda8cdc7345f93,A,free,3.5481338923e-02,1.141881855015e-01,3.107268827114e-01,2.136579e-09,resolved_min,5.606961e+01
20260906-125819,7cfda8cdc7345f93,A,free,3.9810717055e-02,1.281212516182e-01,3.107268821725e-01,2.524851e-09,resolved_min,4.997209e+01
20260906-125819,7cfda8cdc7345f93,A,free,4.4668359215e-02,1.437544089707e-01,3.107268815957e-01,2.984579e-09,resolved_min,4.453766e+01
20260906-125819,7cfda8cdc7345f93,A,free,5.0118723363e-02,1.612951000390e-01,3.107268810436e-01,3.529041e-09,resolved_min,3.969423e+01
20260906-125819,7cfda8cdc7345f93,A,free,5.6234132519e-02,1.809760792280e-01,3.107268803641e-01,4.173445e-09,resolved_min,3.537752e+01
20260906-125819,7cfda8cdc7345f93,A,free,6.3095734448e-02,2.030585011512e-01,3.107268796445e-01,4.936333e-09,resolved_min,3.153024e+01
20260906-125819,7cfda8cdc7345f93,A,free,7.0794578438e-02,2.278353861533e-01,3.107268788826e-01,5.839415e-09,resolved_min,2.810136e+01
20260906-125819,7cfda8cdc7345f93,A,free,7.9432823472e-02,2.556355084708e-01,3.107268780758e-01,6.908339e-09,resolved_min,2.504536e+01
20260906-125819,7cfda8cdc7345f93,A,free,8.9125093813e-02,2.868277588676e-01,3.107268772215e-01,8.173392e-09,resolved_min,2.232170e+01
20260906-125819,7cfda8cdc7345f93,A,free,1.0000000000e-01,3.218260395925e-01,3.107268763169e-01,9.670325e-09,resolved_min,1.989423e+01
20260906-125819,7cfda8cdc7345f93,A,free,1.1220184543e-01,3.610947566107e-01,3.107268753591e-01,1.144132e-08,resolved_min,1.773075e+01
20260906-125819,7cfda8cdc7345f93,A,free,1.2589254118e-01,4.051549819912e-01,3.107268743450e-01,1.353612e-08,resolved_min,1.580254e+01
20260906-125819,7cfda8cdc7345f93,A,free,1.4125375446e-01,4.545913682174e-01,3.107268732712e-01,1.601335e-08,resolved_min,1.408403e+01
20260906-125819,7cfda8cdc7345f93,A,free,1.5848931925e-01,5.100599061726e-01,3.107268721343e-01,1.894205e-08,resolved_min,1.255240e+01
20260906-125819,7cfda8cdc7345f93,A,free,1.7782794100e-01,5.722966297422e-01,3.107268709305e-01,2.240348e-08,resolved_min,1.118734e+01
20260906-125819,7cfda8cdc7345f93,A,free,1.9952623150e-01,6.421273825394e-01,3.107268696560e-01,2.649319e-08,resolved_min,9.970725e+00
20260906-125819,7cfda8cdc7345f93,A,free,2.2387211386e-01,7.204787763506e-01,3.107268683067e-01,3.132339e-08,resolved_min,8.886417e+00
20260906-125819,7cfda8cdc7345f93,A,free,2.5118864315e-01,8.083904867151e-01,3.107268668780e-01,3.702565e-08,resolved_min,7.920026e+00
20260906-125819,7cfda8cdc7345f93,A,free,2.8183829313e-01,9.070290487918e-01,3.107268653654e-01,4.375382e-08,resolved_min,7.058729e+00
20260906-125819,7cfda8cdc7345f93,A,free,3.1622776602e-01,1.017703336577e+00,3.107268637640e-01,5.168686e-08,resolved_min,6.291098e+00
20260906-125819,7cfda8cdc7345f93,A,free,3.5481338923e-01,1.141881930874e+00,3.107268620687e-01,6.103002e-08,resolved_min,5.606945e+00
20260906-125819,7cfda8cdc7345f93,A,free,3.9810717055e-01,1.281212606474e+00,3.107268602743e-01,7.200607e-08,resolved_min,4.997194e+00
20260906-125819,7cfda8cdc7345f93,A,free,4.4668359215e-01,1.437544197123e+00,3.107268583777e-01,8.475334e-08,resolved_min,4.453753e+00
20260906-125819,7cfda8cdc7345f93,A,free,5.0118723363e-01,1.612951128901e+00,3.107268562865e-01,9.672391e-08,resolved_min,3.969410e+00
20260906-125819,7cfda8cdc7345f93,A,free,5.6234132519e-01,1.809760944406e+00,3.107268542448e-01,1.026960e-07,resolved_min,3.537740e+00
20260906-125819,7cfda8cdc7345f93,A,free,6.3095734448e-01,2.030585192239e+00,3.107268519892e-01,1.081157e-07,resolved_min,3.153013e+00
20260906-125819,7cfda8cdc7345f93,A,free,7.0794578438e-01,2.278354076213e+00,3.107268496040e-01,1.136549e-07,resolved_min,2.810125e+00
20260906-125819,7cfda8cdc7345f93,A,free,7.9432823472e-01,2.556355339711e+00,3.107268470799e-01,1.193773e-07,resolved_min,2.504526e+00
20260906-125819,7cfda8cdc7345f93,A,free,8.9125093813e-01,2.868277891567e+00,3.107268444086e-01,1.252969e-07,resolved_min,2.232160e+00
20260906-125819,7cfda8cdc7345f93,A,free,1.0000000000e+00,3.218260755681e+00,3.107268415820e-01,1.314163e-07,resolved_min,1.989414e+00
20260906-125819,7cfda8cdc7345f93,A,free,1.1220184543e+00,3.610947993382e+00,3.107268385915e-01,1.377331e-07,resolved_min,1.773066e+00
20260906-125819,7cfda8cdc7345f93,A,free,1.2589254118e+00,4.051550327343e+00,3.107268354284e-01,1.442409e-07,resolved_min,1.580246e+00
20260906-125819,7cfda8cdc7345f93,A,free,1.4125375446e+00,4.545914284748e+00,3.107268320835e-01,1.509304e-07,resolved_min,1.408395e+00
20260906-125819,7cfda8cdc7345f93,A,free,1.5848931925e+00,5.100599777206e+00,3.107268285475e-01,1.577886e-07,resolved_min,1.255233e+00
20260906-125819,7cfda8cdc7345f93,A,free,1.7782794100e+00,5.722967146857e+00,3.107268248107e-01,1.647989e-07,resolved_min,1.118727e+00
20260906-125819,7cfda8cdc7345f93,A,free,1.9952623150e+00,6.421274833745e+00,3.107268208617e-01,1.719407e-07,resolved_min,9.970661e-01
20260906-125819,7cfda8cdc7345f93,A,free,2.2387211386e+00,7.204788960282e+00,3.107268166923e-01,1.791884e-07,resolved_min,8.886356e-01
20260906-125819,7cfda8cdc7345f93,A,free,2.5118864315e+00,8.083906287229e+00,3.107268122934e-01,1.865113e-07,resolved_min,7.919969e-01
20260906-125819,7cfda8cdc7345f93,A,free,2.8183829313e+00,9.070292172501e+00,3.107268076556e-01,1.938732e-07,resolved_min,7.058675e-01
20260906-125819,7cfda8cdc7345f93,A,free,3.1622776602e+00,1.017703536348e+01,3.107268027696e-01,2.012310e-07,resolved_min,6.291047e-01
20260906-125819,7cfda8cdc7345f93,A,free,3.5481338923e+00,1.141882167689e+01,3.107267976273e-01,2.085349e-07,resolved_min,5.606898e-01
20260906-125819,7cfda8cdc7345f93,A,free,3.9810717055e+00,1.281212887076e+01,3.107267922211e-01,2.157270e-07,resolved_min,4.997149e-01
20260906-125819,7cfda8cdc7345f93,A,free,4.4668359215e+00,1.437544529450e+01,3.107267865448e-01,2.227415e-07,resolved_min,4.453711e-01
20260906-125819,7cfda8cdc7345f93,A,free,5.0118723363e+00,1.612951521807e+01,3.107267805952e-01,2.295036e-07,resolved_min,3.969371e-01
20260906-125819,7cfda8cdc7345f93,A,free,5.6234132519e+00,1.809761409622e+01,3.107267743696e-01,2.359293e-07,resolved_min,3.537702e-01
20260906-125819,7cfda8cdc7345f93,A,free,6.3095734448e+00,2.030585741956e+01,3.107267678696e-01,2.419255e-07,resolved_min,3.152978e-01
20260906-125819,7cfda8cdc7345f93,A,free,7.0794578438e+00,2.278354725136e+01,3.107267611025e-01,2.473899e-07,resolved_min,2.810092e-01
20260906-125819,7cfda8cdc7345f93,A,free,7.9432823472e+00,2.556356104879e+01,3.107267540732e-01,2.522119e-07,resolved_min,2.504495e-01
20260906-125819,7cfda8cdc7345f93,A,free,8.9125093813e+00,2.868278792587e+01,3.107267467992e-01,2.562737e-07,resolved_min,2.232131e-01
20260906-125819,7cfda8cdc7345f93,A,free,1.0000000000e+01,3.218261815012e+01,3.107267393024e-01,2.594525e-07,resolved_min,1.989387e-01
20260906-125819,7cfda8cdc7345f93,A,free,1.1220184543e+01,3.610949236591e+01,3.107267316118e-01,2.616235e-07,resolved_min,1.773041e-01
20260906-125819,7cfda8cdc7345f93,A,free,1.2589254118e+01,4.051551783320e+01,3.107267237647e-01,2.626639e-07,resolved_min,1.580223e-01
20260906-125819,7cfda8cdc7345f93,A,free,1.4125375446e+01,4.545915985858e+01,3.107267158075e-01,2.624580e-07,resolved_min,1.408374e-01
20260906-125819,7cfda8cdc7345f93,A,free,1.5848931925e+01,5.100601759351e+01,3.107267077959e-01,2.609044e-07,resolved_min,1.255213e-01
20260906-125819,7cfda8cdc7345f93,A,free,1.7782794100e+01,5.722969449411e+01,3.107266997943e-01,2.579230e-07,resolved_min,1.118709e-01
20260906-125819,7cfda8cdc7345f93,A,free,1.9952623150e+01,6.421277499294e+01,3.107266918753e-01,2.534632e-07,resolved_min,9.970492e-02
20260906-125819,7cfda8cdc7345f93,A,free,2.2387211386e+01,7.204792034276e+01,3.107266841177e-01,2.475128e-07,resolved_min,8.886201e-02
20260906-125819,7cfda8cdc7345f93,A,free,2.5118864315e+01,8.083909817348e+01,3.107266766038e-01,2.401043e-07,resolved_min,7.919827e-02
20260906-125819,7cfda8cdc7345f93,A,free,2.8183829313e+01,9.070296207821e+01,3.107266694151e-01,2.313202e-07,resolved_min,7.058547e-02
20260906-125819,7cfda8cdc7345f93,A,free,3.1622776602e+01,1.017703995346e+02,3.107266626279e-01,2.212941e-07,resolved_min,6.290931e-02
20260906-125819,7cfda8cdc7345f93,A,free,3.5481338923e+01,1.141882687015e+02,3.107266563092e-01,2.102075e-07,resolved_min,5.606793e-02
20260906-125819,7cfda8cdc7345f93,A,free,3.9810717055e+01,1.281213471407e+02,3.107266505061e-01,1.982810e-07,resolved_min,4.997056e-02
20260906-125819,7cfda8cdc7345f93,A,free,4.4668359215e+01,1.437545183081e+02,3.107266452618e-01,1.857619e-07,resolved_min,4.453628e-02
20260906-125819,7cfda8cdc7345f93,A,free,5.0118723363e+01,1.612952248563e+02,3.107266405895e-01,1.729084e-07,resolved_min,3.969297e-02
20260906-125819,7cfda8cdc7345f93,A,free,5.6234132519e+01,1.809762212698e+02,3.107266364856e-01,1.599729e-07,resolved_min,3.537638e-02
20260906-125819,7cfda8cdc7345f93,A,free,6.3095734448e+01,2.030586623789e+02,3.107266329289e-01,1.471872e-07,resolved_min,3.152922e-02
20260906-125819,7cfda8cdc7345f93,A,free,7.0794578438e+01,2.278355687266e+02,3.107266298852e-01,1.347510e-07,resolved_min,2.810043e-02
20260906-125819,7cfda8cdc7345f93,A,free,7.9432823472e+01,2.556357147761e+02,3.107266273103e-01,1.228253e-07,resolved_min,2.504453e-02
20260906-125819,7cfda8cdc7345f93,A,free,8.9125093813e+01,2.868279915479e+02,3.107266251539e-01,1.115297e-07,resolved_min,2.232095e-02
20260906-125819,7cfda8cdc7345f93,A,free,1.0000000000e+02,3.218263015808e+02,3.107266233642e-01,1.009447e-07,resolved_min,1.989357e-02
20260906-125819,7cfda8cdc7345f93,A,free,1.1220184543e+02,3.610950511664e+02,3.107266218901e-01,9.111553e-08,resolved_min,1.773016e-02
20260906-125819,7cfda8cdc7345f93,A,free,1.2589254118e+02,4.051553127388e+02,3.107266206838e-01,8.205846e-08,resolved_min,1.580202e-02
20260906-125819,7cfda8cdc7345f93,A,free,1.4125375446e+02,4.545917391880e+02,3.107266197019e-01,7.376689e-08,resolved_min,1.408356e-02
20260906-125819,7cfda8cdc7345f93,A,free,1.5848931925e+02,5.100603218688e+02,3.107266188937e-01,6.621755e-08,resolved_min,1.255198e-02
20260906-125819,7cfda8cdc7345f93,A,free,1.7782794100e+02,5.722970951058e+02,3.107266182629e-01,5.937578e-08,resolved_min,1.118697e-02
20260906-125819,7cfda8cdc7345f93,A,free,1.9952623150e+02,6.421279031212e+02,3.107266177455e-01,5.319986e-08,resolved_min,9.970394e-03
20260906-125819,7cfda8cdc7345f93,A,free,2.2387211386e+02,7.204793582780e+02,3.107266173342e-01,4.764452e-08,resolved_min,8.886123e-03
20260906-125819,7cfda8cdc7345f93,A,free,2.5118864315e+02,8.083911367856e+02,3.107266170059e-01,4.266338e-08,resolved_min,7.919765e-03
20260906-125819,7cfda8cdc7345f93,A,free,2.8183829313e+02,9.070297745298e+02,3.107266167448e-01,3.821073e-08,resolved_min,7.058498e-03
20260906-125819,7cfda8cdc7345f93,A,free,3.1622776602e+02,1.017704146302e+03,3.107266165378e-01,3.424256e-08,resolved_min,6.290892e-03
20260906-125819,7cfda8cdc7345f93,A,free,3.5481338923e+02,1.141882833772e+03,3.107266163739e-01,3.071695e-08,resolved_min,5.606764e-03
20260906-125819,7cfda8cdc7345f93,A,free,3.9810717055e+02,1.281213612680e+03,3.107266162437e-01,2.759404e-08,resolved_min,4.997033e-03
20260906-125819,7cfda8cdc7345f93,A,free,4.4668359215e+02,1.437545317828e+03,3.107266161361e-01,2.483545e-08,resolved_min,4.453611e-03
20260906-125819,7cfda8cdc7345f93,A,free,5.0118723363e+02,1.612952375852e+03,3.107266160679e-01,2.240421e-08,resolved_min,3.969285e-03
20260906-125819,7cfda8cdc7345f93,A,free,5.6234132519e+02,1.809762332291e+03,3.107266159520e-01,2.026174e-08,resolved_min,3.537628e-03
20260906-125819,7cfda8cdc7345f93,A,free,6.3095734448e+02,2.030586735914e+03,3.107266157712e-01,1.837698e-08,resolved_min,3.152915e-03
20260906-125819,7cfda8cdc7345f93,A,free,7.0794578438e+02,2.278355790146e+03,3.107266158543e-01,1.670003e-08,resolved_min,2.810038e-03
20260906-125819,7cfda8cdc7345f93,A,free,7.9432823472e+02,2.556357246170e+03,3.107266153487e-01,1.529196e-08,resolved_min,2.504449e-03
20260906-125819,7cfda8cdc7345f93,A,free,8.9125093813e+02,2.868280003873e+03,3.107266155781e-01,1.388544e-08,resolved_min,2.232093e-03
20260906-125819,7cfda8cdc7345f93,A,free,1.0000000000e+03,3.218263094240e+03,3.107266157916e-01,1.264601e-08,resolved_min,1.989355e-03
20260906-125819,7cfda8cdc7345f93,A,clamped,1.0000000000e-03,3.478505374467e-03,2.874797915622e-01,4.752762e-05,resolved_min,7.079098e+02
20260906-125819,7cfda8cdc7345f93,A,clamped,1.1220184543e-03,4.869907407832e-03,2.303983136307e-01,4.480472e-05,resolved_min,3.015779e+02
20260906-125819,7cfda8cdc7345f93,A,clamped,1.2589254118e-03,6.817870196040e-03,1.846508331187e-01,4.148857e-05,resolved_min,1.811643e+02
20260906-125819,7cfda8cdc7345f93,A,clamped,1.4125375446e-03,4.913519440607e-03,2.874797915622e-01,6.715573e-05,resolved_min,5.011618e+02
20260906-125819,7cfda8cdc7345f93,A,clamped,1.5848931925e-03,6.878927052399e-03,2.303983136307e-01,6.330669e-05,resolved_min,2.135008e+02
20260906-125819,7cfda8cdc7345f93,A,clamped,1.7782794100e-03,9.630497626271e-03,1.846508331187e-01,5.862119e-05,resolved_min,1.282545e+02
20260906-125819,7cfda8cdc7345f93,A,clamped,1.9952623150e-03,6.940530686091e-03,2.874797915622e-01,9.489696e-05,resolved_min,3.547954e+02
20260906-125819,7cfda8cdc7345f93,A,clamped,2.2387211386e-03,9.716742728235e-03,2.303983136307e-01,8.945452e-05,resolved_min,1.511470e+02
20260906-125819,7cfda8cdc7345f93,A,clamped,2.5118864315e-03,1.360343947051e-02,1.846508331187e-01,8.283339e-05,resolved_min,9.079725e+01
20260906-125819,7cfda8cdc7345f93,A,clamped,2.8183829313e-03,9.803760173710e-03,2.874797915622e-01,1.341074e-04,resolved_min,2.511759e+02
20260906-125819,7cfda8cdc7345f93,A,clamped,3.1622776602e-03,1.372526391507e-02,2.303983136307e-01,1.264094e-04,resolved_min,1.070039e+02
20260906-125819,7cfda8cdc7345f93,A,clamped,3.5481338923e-03,1.921536898810e-02,1.846508331187e-01,1.170515e-04,resolved_min,6.427953e+01
20260906-125819,7cfda8cdc7345f93,A,clamped,3.9810717055e-03,1.384817932384e-02,2.874797915622e-01,1.895304e-04,resolved_min,1.778189e+02
20260906-125819,7cfda8cdc7345f93,A,clamped,4.4668359215e-03,1.938745058989e-02,2.303983136307e-01,1.786379e-04,resolved_min,7.575295e+01
20260906-125819,7cfda8cdc7345f93,A,clamped,5.0118723363e-03,2.714243012947e-02,1.846508331187e-01,1.654100e-04,resolved_min,4.550642e+01
20260906-125819,7cfda8cdc7345f93,A,clamped,5.6234132519e-03,1.956107321960e-02,2.874797915622e-01,2.678676e-04,resolved_min,1.258861e+02
20260906-125819,7cfda8cdc7345f93,A,clamped,6.3095734448e-03,2.738550185274e-02,2.303983136307e-01,2.524501e-04,resolved_min,5.362898e+01
20260906-125819,7cfda8cdc7345f93,A,clamped,7.0794578438e-03,3.833970161017e-02,1.846508331187e-01,2.337484e-04,resolved_min,3.221608e+01
20260906-125819,7cfda8cdc7345f93,A,clamped,7.9432823472e-03,2.763075033580e-02,2.874797915622e-01,3.785847e-04,resolved_min,8.912057e+01
20260906-125819,7cfda8cdc7345f93,A,clamped,8.9125093813e-03,3.868304954534e-02,2.303983136307e-01,3.567569e-04,resolved_min,3.796641e+01
20260906-125819,7cfda8cdc7345f93,A,clamped,1.0000000000e-02,5.415626797400e-02,1.846508331187e-01,3.303137e-04,resolved_min,2.280724e+01
20260906-125819,7cfda8cdc7345f93,A,clamped,1.1220184543e-02,3.902947223541e-02,2.874797915622e-01,5.350485e-04,resolved_min,6.309253e+01
20260906-125819,7cfda8cdc7345f93,A,clamped,1.2589254118e-02,4.379178810980e-02,2.874797915622e-01,6.004334e-04,resolved_min,5.623128e+01
20260906-125819,7cfda8cdc7345f93,A,clamped,1.4125375446e-02,4.913519440607e-02,2.874797915622e-01,6.738038e-04,resolved_min,5.011618e+01
20260906-125819,7cfda8cdc7345f93,A,clamped,1.5848931925e-02,5.513059487933e-02,2.874797915622e-01,7.561339e-04,resolved_min,4.466609e+01
20260906-125819,7cfda8cdc7345f93,A,clamped,1.7782794100e-02,6.185754485125e-02,2.874797915622e-01,8.485166e-04,resolved_min,3.980869e+01
20260906-125819,7cfda8cdc7345f93,A,clamped,1.9952623150e-02,6.940530686091e-02,2.874797915622e-01,9.521782e-04,resolved_min,3.547954e+01
20260906-125819,7cfda8cdc7345f93,A,clamped,2.2387211386e-02,7.787403512444e-02,2.874797915622e-01,1.068494e-03,resolved_min,3.162117e+01
20260906-125819,7cfda8cdc7345f93,A,clamped,2.5118864315e-02,8.737610452058e-02,2.874797915622e-01,1.199009e-03,resolved_min,2.818240e+01
20260906-125819,7cfda8cdc7345f93,A,clamped,2.8183829313e-02,9.803760173710e-02,2.874797915622e-01,1.345453e-03,resolved_min,2.511759e+01
20260906-125819,7cfda8cdc7345f93,A,clamped,3.1622776602e-02,1.099999983645e-01,2.874797915622e-01,1.509770e-03,resolved_min,2.238607e+01
20260906-125819,7cfda8cdc7345f93,A,clamped,3.5481338923e-02,1.234220281382e-01,2.874797915622e-01,1.694139e-03,resolved_min,1.995161e+01
20260906-125819,7cfda8cdc7345f93,A,clamped,3.9810717055e-02,1.384817932384e-01,2.874797915622e-01,1.901006e-03,resolved_min,1.778189e+01
20260906-125819,7cfda8cdc7345f93,A,clamped,4.4668359215e-02,1.553791275984e-01,2.874797915622e-01,2.133115e-03,resolved_min,1.584813e+01
20260906-125819,7cfda8cdc7345f93,A,clamped,5.0118723363e-02,1.743382485787e-01,2.874797915622e-01,2.393543e-03,resolved_min,1.412466e+01
20260906-125819,7cfda8cdc7345f93,A,clamped,5.6234132519e-02,1.956107321960e-01,2.874797915622e-01,2.685745e-03,resolved_min,1.258861e+01
20260906-125819,7cfda8cdc7345f93,A,clamped,6.3095734448e-02,2.194788513834e-01,2.874797915622e-01,3.013593e-03,resolved_min,1.121961e+01
20260906-125819,7cfda8cdc7345f93,A,clamped,7.0794578438e-02,2.462593215812e-01,2.874797915622e-01,3.381434e-03,resolved_min,9.999492e+00
20260906-125819,7cfda8cdc7345f93,A,clamped,7.9432823472e-02,2.763075033580e-01,2.874797915622e-01,3.794142e-03,resolved_min,8.912057e+00
20260906-125819,7cfda8cdc7345f93,A,clamped,8.9125093813e-02,3.100221178297e-01,2.874797915622e-01,4.257187e-03,resolved_min,7.942879e+00
20260906-125819,7cfda8cdc7345f93,A,clamped,1.0000000000e-01,3.478505374467e-01,2.874797915622e-01,4.776701e-03,resolved_min,7.079098e+00
20260906-125819,7cfda8cdc7345f93,A,clamped,1.1220184543e-01,3.902947223541e-01,2.874797915622e-01,5.359565e-03,resolved_min,6.309253e+00
20260906-125819,7cfda8cdc7345f93,A,clamped,1.2589254118e-01,4.379178810980e-01,2.874797915622e-01,6.013492e-03,resolved_min,5.623128e+00
20260906-125819,7cfda8cdc7345f93,A,clamped,1.4125375446e-01,4.913519440607e-01,2.874797915622e-01,6.747133e-03,resolved_min,5.011618e+00
20260906-125819,7cfda8cdc7345f93,A,clamped,1.5848931925e-01,5.513059487933e-01,2.874797915622e-01,7.570185e-03,resolved_min,4.466609e+00
20260906-125819,7cfda8cdc7345f93,A,clamped,1.7782794100e-01,6.185754485125e-01,2.874797915622e-01,8.493517e-03,resolved_min,3.980869e+00
20260906-125819,7cfda8cdc7345f93,A,clamped,1.9952623150e-01,6.940530686091e-01,2.874797915622e-01,9.529304e-03,resolved_min,3.547954e+00
20260906-125819,7cfda8cdc7345f93,A,clamped,2.2387211386e-01,7.787403512444e-01,2.874797915622e-01,1.069118e-02,resolved_min,3.162117e+00
20260906-125819,7cfda8cdc7345f93,A,clamped,2.5118864315e-01,8.737610452058e-01,2.874797915622e-01,1.199437e-02,resolved_min,2.818240e+00
20260906-125819,7cfda8cdc7345f93,A,clamped,2.8183829313e-01,9.803760173710e-01,2.874797915622e-01,1.345591e-02,resolved_min,2.511759e+00
20260906-125819,7cfda8cdc7345f93,A,clamped,3.1622776602e-01,1.099999983645e+00,2.874797915622e-01,1.509470e-02,resolved_min,2.238607e+00
20260906-125819,7cfda8cdc7345f93,A,clamped,3.5481338923e-01,1.234220281382e+00,2.874797915622e-01,1.693159e-02,resolved_min,1.995161e+00
20260906-125819,7cfda8cdc7345f93,A,clamped,3.9810717055e-01,1.384817932384e+00,2.874797915622e-01,1.898912e-02,resolved_min,1.778189e+00
20260906-125819,7cfda8cdc7345f93,A,clamped,4.4668359215e-01,1.553791275984e+00,2.874797915622e-01,2.129010e-02,resolved_min,1.584813e+00
20260906-125819,7cfda8cdc7345f93,A,clamped,5.0118723363e-01,1.743382485787e+00,2.874797915622e-01,2.385045e-02,resolved_min,1.412466e+00
20260906-125819,7cfda8cdc7345f93,A,clamped,5.6234132519e-01,1.956107321960e+00,2.874797915622e-01,2.662237e-02,resolved_min,1.258861e+00
20260906-125819,7cfda8cdc7345f93,A,clamped,6.3095734448e-01,2.194788513834e+00,2.874797915622e-01,2.866018e-02,resolved_min,1.121961e+00
20260906-125819,7cfda8cdc7345f93,A,clamped,7.0794578438e-01,2.462593215812e+00,2.874797915622e-01,2.898859e-02,resolved_min,9.999492e-01
20260906-125819,7cfda8cdc7345f93,A,clamped,7.9432823472e-01,2.763075033580e+00,2.874797915622e-01,2.905806e-02,resolved_min,8.912057e-01
20260906-125819,7cfda8cdc7345f93,A,clamped,8.9125093813e-01,3.100221178297e+00,2.874797915622e-01,2.908553e-02,resolved_min,7.942879e-01
20260906-125819,7cfda8cdc7345f93,A,clamped,1.0000000000e+00,3.478505374467e+00,2.874797915622e-01,2.909862e-02,resolved_min,7.079098e-01
20260906-125819,7cfda8cdc7345f93,A,clamped,1.1220184543e+00,3.902947223541e+00,2.874797915622e-01,2.910482e-02,resolved_min,6.309253e-01
20260906-125819,7cfda8cdc7345f93,A,clamped,1.2589254118e+00,4.379178810980e+00,2.874797915622e-01,2.910698e-02,resolved_min,5.623128e-01
20260906-125819,7cfda8cdc7345f93,A,clamped,1.4125375446e+00,4.913519440607e+00,2.874797915622e-01,2.910642e-02,resolved_min,5.011618e-01
20260906-125819,7cfda8cdc7345f93,A,clamped,1.5848931925e+00,5.513059487933e+00,2.874797915622e-01,2.910381e-02,resolved_min,4.466609e-01
20260906-125819,7cfda8cdc7345f93,A,clamped,1.7782794100e+00,6.185754485125e+00,2.874797915622e-01,2.909951e-02,resolved_min,3.980869e-01
20260906-125819,7cfda8cdc7345f93,A,clamped,1.9952623150e+00,6.940530686091e+00,2.874797915622e-01,2.909370e-02,resolved_min,3.547954e-01
20260906-125819,7cfda8cdc7345f93,A,clamped,2.2387211386e+00,7.787403512444e+00,2.874797915622e-01,2.908645e-02,resolved_min,3.162117e-01
20260906-125819,7cfda8cdc7345f93,A,clamped,2.5118864315e+00,8.737610452058e+00,2.874797915622e-01,2.907774e-02,resolved_min,2.818240e-01
20260906-125819,7cfda8cdc7345f93,A,clamped,2.8183829313e+00,9.803760173710e+00,2.874797915622e-01,2.906751e-02,resolved_min,2.511759e-01
20260906-125819,7cfda8cdc7345f93,A,clamped,3.1622776602e+00,1.099999983645e+01,2.874797915622e-01,2.905560e-02,resolved_min,2.238607e-01
20260906-125819,7cfda8cdc7345f93,A,clamped,3.5481338923e+00,1.234220281382e+01,2.874797915622e-01,2.904177e-02,resolved_min,1.995161e-01
20260906-125819,7cfda8cdc7345f93,A,clamped,3.9810717055e+00,1.384817932384e+01,2.874797915622e-01,2.902567e-02,resolved_min,1.778189e-01
20260906-125819,7cfda8cdc7345f93,A,clamped,4.4668359215e+00,1.553791275984e+01,2.874797915622e-01,2.900671e-02,resolved_min,1.584813e-01
20260906-125819,7cfda8cdc7345f93,A,clamped,5.0118723363e+00,1.743382485787e+01,2.874797915622e-01,2.898323e-02,resolved_min,1.412466e-01
20260906-125819,7cfda8cdc7345f93,A,clamped,5.6234132519e+00,1.956107321960e+01,2.874797915622e-01,2.769724e-02,resolved_min,1.258861e-01
20260906-125819,7cfda8cdc7345f93,A,clamped,6.3095734448e+00,2.194788513834e+01,2.874797915622e-01,2.468797e-02,resolved_min,1.121961e-01
20260906-125819,7cfda8cdc7345f93,A,clamped,7.0794578438e+00,2.462593215812e+01,2.874797915622e-01,2.200381e-02,resolved_min,9.999492e-02
20260906-125819,7cfda8cdc7345f93,A,clamped,7.9432823472e+00,2.763075033580e+01,2.874797915622e-01,1.961127e-02,resolved_min,8.912057e-02
20260906-125819,7cfda8cdc7345f93,A,clamped,8.9125093813e+00,3.100221178297e+01,2.874797915622e-01,1.747880e-02,resolved_min,7.942879e-02
20260906-125819,7cfda8cdc7345f93,A,clamped,1.0000000000e+01,3.478505374467e+01,2.874797915622e-01,1.557818e-02,resolved_min,7.079098e-02
20260906-125819,7cfda8cdc7345f93,A,clamped,1.1220184543e+01,3.902947223541e+01,2.874797915622e-01,1.388420e-02,resolved_min,6.309253e-02
20260906-125819,7cfda8cdc7345f93,A,clamped,1.2589254118e+01,4.379178810980e+01,2.874797915622e-01,1.237442e-02,resolved_min,5.623128e-02
20260906-125819,7cfda8cdc7345f93,A,clamped,1.4125375446e+01,4.913519440607e+01,2.874797915622e-01,1.102880e-02,resolved_min,5.011618e-02
20260906-125819,7cfda8cdc7345f93,A,clamped,1.5848931925e+01,5.513059487933e+01,2.874797915622e-01,9.829505e-03,resolved_min,4.466609e-02
20260906-125819,7cfda8cdc7345f93,A,clamped,1.7782794100e+01,6.185754485125e+01,2.874797915622e-01,8.760622e-03,resolved_min,3.980869e-02
20260906-125819,7cfda8cdc7345f93,A,clamped,1.9952623150e+01,6.940530686091e+01,2.874797915622e-01,7.807972e-03,resolved_min,3.547954e-02
20260906-125819,7cfda8cdc7345f93,A,clamped,2.2387211386e+01,7.787403512444e+01,2.874797915622e-01,6.958919e-03,resolved_min,3.162117e-02
20260906-125819,7cfda8cdc7345f93,A,clamped,2.5118864315e+01,8.737610452058e+01,2.874797915622e-01,6.202198e-03,resolved_min,2.818240e-02
20260906-125819,7cfda8cdc7345f93,A,clamped,2.8183829313e+01,9.803760173710e+01,2.874797915622e-01,5.527770e-03,resolved_min,2.511759e-02
20260906-125819,7cfda8cdc7345f93,A,clamped,3.1622776602e+01,1.099999983645e+02,2.874797915622e-01,4.926688e-03,resolved_min,2.238607e-02
20260906-125819,7cfda8cdc7345f93,A,clamped,3.5481338923e+01,1.234220281382e+02,2.874797915622e-01,4.390977e-03,resolved_min,1.995161e-02
20260906-125819,7cfda8cdc7345f93,A,clamped,3.9810717055e+01,1.384817932384e+02,2.874797915622e-01,3.913529e-03,resolved_min,1.778189e-02
20260906-125819,7cfda8cdc7345f93,A,clamped,4.4668359215e+01,1.553791275984e+02,2.874797915622e-01,3.488010e-03,resolved_min,1.584813e-02
20260906-125819,7cfda8cdc7345f93,A,clamped,5.0118723363e+01,1.743382485787e+02,2.874797915622e-01,3.108775e-03,resolved_min,1.412466e-02
20260906-125819,7cfda8cdc7345f93,A,clamped,5.6234132519e+01,1.956107321960e+02,2.874797915622e-01,2.770794e-03,resolved_min,1.258861e-02
20260906-125819,7cfda8cdc7345f93,A,clamped,6.3095734448e+01,2.194788513834e+02,2.874797915622e-01,2.469581e-03,resolved_min,1.121961e-02
20260906-125819,7cfda8cdc7345f93,A,clamped,7.0794578438e+01,2.462593215812e+02,2.874797915622e-01,2.201142e-03,resolved_min,9.999492e-03
20260906-125819,7cfda8cdc7345f93,A,clamped,7.9432823472e+01,2.763075033580e+02,2.874797915622e-01,1.961917e-03,resolved_min,8.912057e-03
20260906-125819,7cfda8cdc7345f93,A,clamped,8.9125093813e+01,3.100221178297e+02,2.874797915622e-01,1.748734e-03,resolved_min,7.942879e-03
20260906-125819,7cfda8cdc7345f93,A,clamped,1.0000000000e+02,3.478505374467e+02,2.874797915622e-01,1.558768e-03,resolved_min,7.079098e-03
20260906-125819,7cfda8cdc7345f93,A,clamped,1.1220184543e+02,3.902947223541e+02,2.874797915622e-01,1.389500e-03,resolved_min,6.309253e-03
20260906-125819,7cfda8cdc7345f93,A,clamped,1.2589254118e+02,5.464125982329e+02,2.303983136307e-01,4.773726e-04,resolved_min,2.687816e-03
20260906-125819,7cfda8cdc7345f93,A,clamped,1.4125375446e+02,7.649776178992e+02,1.846508331187e-01,1.912894e-04,resolved_min,1.614629e-03
20260906-125819,7cfda8cdc7345f93,A,clamped,1.5848931925e+02,5.513059487933e+02,2.874797915622e-01,9.846926e-04,resolved_min,4.466609e-03
20260906-125819,7cfda8cdc7345f93,A,clamped,1.7782794100e+02,7.718283098589e+02,2.303983136307e-01,3.382541e-04,resolved_min,1.902828e-03
20260906-125819,7cfda8cdc7345f93,A,clamped,1.9952623150e+02,1.080559606079e+03,1.846508331187e-01,1.355289e-04,resolved_min,1.143070e-03
20260906-125819,7cfda8cdc7345f93,A,clamped,2.2387211386e+02,7.787403512444e+02,2.874797915622e-01,6.989745e-04,resolved_min,3.162117e-03
20260906-125819,7cfda8cdc7345f93,A,clamped,2.5118864315e+02,1.090236465678e+03,2.303983136307e-01,2.400304e-04,resolved_min,1.347099e-03
20260906-125819,7cfda8cdc7345f93,A,clamped,2.8183829313e+02,1.526331012789e+03,1.846508331187e-01,9.614922e-05,resolved_min,8.092314e-04
20260906-125819,7cfda8cdc7345f93,A,clamped,3.1622776602e+02,1.099999983645e+03,2.874797915622e-01,4.983840e-04,resolved_min,2.238607e-03
20260906-125819,7cfda8cdc7345f93,A,clamped,3.5481338923e+02,1.539999940288e+03,2.303983136307e-01,1.710022e-04,resolved_min,9.536732e-04
20260906-125819,7cfda8cdc7345f93,A,clamped,3.9810717055e+02,2.155999861087e+03,1.846508331187e-01,6.845110e-05,resolved_min,5.728919e-04
20260906-125819,7cfda8cdc7345f93,A,clamped,4.4668359215e+02,1.553791275984e+03,2.874797915622e-01,3.592067e-04,resolved_min,1.584813e-03
20260906-125819,7cfda8cdc7345f93,A,clamped,5.0118723363e+02,2.175307734373e+03,2.303983136307e-01,1.229651e-04,resolved_min,6.751489e-04
20260906-125819,7cfda8cdc7345f93,A,clamped,5.6234132519e+02,3.045430749986e+03,1.846508331187e-01,4.912699e-05,resolved_min,4.055764e-04
20260906-125819,7cfda8cdc7345f93,A,clamped,6.3095734448e+02,2.194788513834e+03,2.874797915622e-01,2.640152e-04,resolved_min,1.121961e-03
20260906-125819,7cfda8cdc7345f93,A,clamped,7.0794578438e+02,3.072703845910e+03,2.303983136307e-01,8.991943e-05,resolved_min,4.779688e-04
20260906-125819,7cfda8cdc7345f93,A,clamped,7.9432823472e+02,4.301785273904e+03,1.846508331187e-01,3.577141e-05,resolved_min,2.871261e-04
20260906-125819,7cfda8cdc7345f93,A,clamped,8.9125093813e+02,3.100221178297e+03,2.874797915622e-01,1.982205e-04,resolved_min,7.942879e-04
20260906-125819,7cfda8cdc7345f93,A,clamped,1.0000000000e+03,4.340309545855e+03,2.303983136307e-01,6.703920e-05,resolved_min,3.383760e-04
20260906-125819,7cfda8cdc7345f93,C,free,1.0000000000e-03,2.144536488115e-03,4.663012289797e-01,1.958333e-10,resolved_min,1.292032e+03
20260906-125819,7cfda8cdc7345f93,C,free,1.1220184543e-03,2.406209561371e-03,4.663012201077e-01,2.197304e-10,resolved_min,1.151525e+03
20260906-125819,7cfda8cdc7345f93,C,free,1.2589254118e-03,2.699811592876e-03,4.663012097274e-01,2.464164e-10,resolved_min,1.026297e+03
20260906-125819,7cfda8cdc7345f93,C,free,1.4125375446e-03,3.029238501911e-03,4.663011987111e-01,2.764663e-10,resolved_min,9.146881e+02
20260906-125819,7cfda8cdc7345f93,C,free,1.5848931925e-03,3.398861587279e-03,4.663011869600e-01,3.101009e-10,resolved_min,8.152165e+02
20260906-125819,7cfda8cdc7345f93,C,free,1.7782794100e-03,3.813585525245e-03,4.663011746471e-01,3.478501e-10,resolved_min,7.265623e+02
20260906-125819,7cfda8cdc7345f93,C,free,1.9952623150e-03,4.278913451596e-03,4.663011620916e-01,3.902399e-10,resolved_min,6.475492e+02
20260906-125819,7cfda8cdc7345f93,C,free,2.2387211386e-03,4.801020006192e-03,4.663011476064e-01,4.377111e-10,resolved_min,5.771287e+02
20260906-125819,7cfda8cdc7345f93,C,free,2.5118864315e-03,5.386833215146e-03,4.663011330010e-01,4.910006e-10,resolved_min,5.143664e+02
20260906-125819,7cfda8cdc7345f93,C,free,2.8183829313e-03,6.044126479347e-03,4.663011174393e-01,5.507235e-10,resolved_min,4.584294e+02
20260906-125819,7cfda8cdc7345f93,C,free,3.1622776602e-03,6.781621693717e-03,4.663011006789e-01,6.177199e-10,resolved_min,4.085755e+02
20260906-125819,7cfda8cdc7345f93,C,free,3.5481338923e-03,7.609104972236e-03,4.663010834102e-01,6.928777e-10,resolved_min,3.641432e+02
20260906-125819,7cfda8cdc7345f93,C,free,3.9810717055e-03,8.537556515840e-03,4.663010661363e-01,7.770909e-10,resolved_min,3.245429e+02
20260906-125819,7cfda8cdc7345f93,C,free,4.4668359215e-03,9.579296401547e-03,4.663010449064e-01,8.715805e-10,resolved_min,2.892491e+02
20260906-125819,7cfda8cdc7345f93,C,free,5.0118723363e-03,1.074814780837e-02,4.663010246629e-01,9.774793e-10,resolved_min,2.577934e+02
20260906-125819,7cfda8cdc7345f93,C,free,5.6234132519e-03,1.205962076217e-02,4.663010025608e-01,1.096280e-09,resolved_min,2.297585e+02
20260906-125819,7cfda8cdc7345f93,C,free,6.3095734448e-03,1.353111775546e-02,4.663009781475e-01,1.229441e-09,resolved_min,2.047724e+02
20260906-125819,7cfda8cdc7345f93,C,free,7.0794578438e-03,1.518216463435e-02,4.663009534110e-01,1.378779e-09,resolved_min,1.825035e+02
20260906-125819,7cfda8cdc7345f93,C,free,7.9432823472e-03,1.703466984561e-02,4.663009274165e-01,1.546161e-09,resolved_min,1.626564e+02
20260906-125819,7cfda8cdc7345f93,C,free,8.9125093813e-03,1.911321506926e-02,4.663008996152e-01,1.733871e-09,resolved_min,1.449676e+02
20260906-125819,7cfda8cdc7345f93,C,free,1.0000000000e-02,2.144538136374e-02,4.663008705877e-01,1.944219e-09,resolved_min,1.292024e+02
20260906-125819,7cfda8cdc7345f93,C,free,1.1220184543e-02,2.406211527242e-02,4.663008391402e-01,2.180081e-09,resolved_min,1.151517e+02
20260906-125819,7cfda8cdc7345f93,C,free,1.2589254118e-02,2.699813928445e-02,4.663008063371e-01,2.444416e-09,resolved_min,1.026290e+02
20260906-125819,7cfda8cdc7345f93,C,free,1.4125375446e-02,3.029241277875e-02,4.663007713977e-01,2.740709e-09,resolved_min,9.146817e+01
20260906-125819,7cfda8cdc7345f93,C,free,1.5848931925e-02,3.398864885745e-02,4.663007344329e-01,3.072775e-09,resolved_min,8.152104e+01
20260906-125819,7cfda8cdc7345f93,C,free,1.7782794100e-02,3.813589445924e-02,4.663006952517e-01,3.444906e-09,resolved_min,7.265566e+01
20260906-125819,7cfda8cdc7345f93,C,free,1.9952623150e-02,4.278918120983e-02,4.663006532386e-01,3.861935e-09,resolved_min,6.475438e+01
20260906-125819,7cfda8cdc7345f93,C,free,2.2387211386e-02,4.801025544837e-02,4.663006096637e-01,4.329214e-09,resolved_min,5.771236e+01
20260906-125819,7cfda8cdc7345f93,C,free,2.5118864315e-02,5.386839800615e-02,4.663005629428e-01,4.852762e-09,resolved_min,5.143616e+01
20260906-125819,7cfda8cdc7345f93,C,free,2.8183829313e-02,6.044134302946e-02,4.663005138537e-01,5.439323e-09,resolved_min,4.584249e+01
20260906-125819,7cfda8cdc7345f93,C,free,3.1622776602e-02,6.781630989640e-02,4.663004614965e-01,6.096389e-09,resolved_min,4.085712e+01
20260906-125819,7cfda8cdc7345f93,C,free,3.5481338923e-02,7.609116023533e-02,4.663004061658e-01,6.832391e-09,resolved_min,3.641392e+01
20260906-125819,7cfda8cdc7345f93,C,free,3.9810717055e-02,8.537569673937e-02,4.663003474734e-01,7.656710e-09,resolved_min,3.245391e+01
20260906-125819,7cfda8cdc7345f93,C,free,4.4668359215e-02,9.579312003338e-02,4.663002854436e-01,8.579861e-09,resolved_min,2.892454e+01
20260906-125819,7cfda8cdc7345f93,C,free,5.0118723363e-02,1.074816637062e-01,4.663002193540e-01,9.613568e-09,resolved_min,2.577900e+01
20260906-125819,7cfda8cdc7345f93,C,free,5.6234132519e-02,1.205964281157e-01,4.663001499934e-01,1.077092e-08,resolved_min,2.297553e+01
20260906-125819,7cfda8cdc7345f93,C,free,6.3095734448e-02,1.353114395109e-01,4.663000754118e-01,1.206654e-08,resolved_min,2.047694e+01
20260906-125819,7cfda8cdc7345f93,C,free,7.0794578438e-02,1.518219574797e-01,4.662999977978e-01,1.351676e-08,resolved_min,1.825007e+01
20260906-125819,7cfda8cdc7345f93,C,free,7.9432823472e-02,1.703470683227e-01,4.662999149591e-01,1.513977e-08,resolved_min,1.626537e+01
20260906-125819,7cfda8cdc7345f93,C,free,8.9125093813e-02,1.911325902479e-01,4.662998272445e-01,1.695590e-08,resolved_min,1.449650e+01
20260906-125819,7cfda8cdc7345f93,C,free,1.0000000000e-01,2.144543362071e-01,4.662997343333e-01,1.898777e-08,resolved_min,1.292000e+01
20260906-125819,7cfda8cdc7345f93,C,free,1.1220184543e-01,2.406217736223e-01,4.662996359022e-01,2.126062e-08,resolved_min,1.151495e+01
20260906-125819,7cfda8cdc7345f93,C,free,1.2589254118e-01,2.699821306639e-01,4.662995320091e-01,2.380256e-08,resolved_min,1.026269e+01
20260906-125819,7cfda8cdc7345f93,C,free,1.4125375446e-01,3.029250052423e-01,4.662994207075e-01,2.664487e-08,resolved_min,9.146614e+00
20260906-125819,7cfda8cdc7345f93,C,free,1.5848931925e-01,3.398875313400e-01,4.662993038352e-01,2.982236e-08,resolved_min,8.151912e+00
20260906-125819,7cfda8cdc7345f93,C,free,1.7782794100e-01,3.813601837409e-01,4.662991801072e-01,3.337379e-08,resolved_min,7.265385e+00
20260906-125819,7cfda8cdc7345f93,C,free,1.9952623150e-01,4.278932841362e-01,4.662990490717e-01,3.734219e-08,resolved_min,6.475267e+00
20260906-125819,7cfda8cdc7345f93,C,free,2.2387211386e-01,4.801043043106e-01,4.662989101468e-01,4.177541e-08,resolved_min,5.771075e+00
20260906-125819,7cfda8cdc7345f93,C,free,2.5118864315e-01,5.386860593333e-01,4.662987630715e-01,4.672652e-08,resolved_min,5.143463e+00
20260906-125819,7cfda8cdc7345f93,C,free,2.8183829313e-01,6.044159010855e-01,4.662986076645e-01,5.225445e-08,resolved_min,4.584105e+00
20260906-125819,7cfda8cdc7345f93,C,free,3.1622776602e-01,6.781660349648e-01,4.662984427306e-01,5.842449e-08,resolved_min,4.085576e+00
20260906-125819,7cfda8cdc7345f93,C,free,3.5481338923e-01,7.609150906227e-01,4.662982685009e-01,6.530897e-08,resolved_min,3.641263e+00
20260906-125819,7cfda8cdc7345f93,C,free,3.9810717055e-01,8.537611131908e-01,4.662980831554e-01,7.298792e-08,resolved_min,3.245270e+00
20260906-125819,7cfda8cdc7345f93,C,free,4.4668359215e-01,9.579361267964e-01,4.662978873600e-01,8.154984e-08,resolved_min,2.892340e+00
20260906-125819,7cfda8cdc7345f93,C,free,5.0118723363e-01,1.074822490137e+00,4.662976800601e-01,9.109246e-08,resolved_min,2.577792e+00
20260906-125819,7cfda8cdc7345f93,C,free,5.6234132519e-01,1.205971236658e+00,4.662974605834e-01,1.017236e-07,resolved_min,2.297451e+00
20260906-125819,7cfda8cdc7345f93,C,free,6.3095734448e-01,1.353122657403e+00,4.662972281399e-01,1.135620e-07,resolved_min,2.047598e+00
20260906-125819,7cfda8cdc7345f93,C,free,7.0794578438e-01,1.518229392883e+00,4.662969823286e-01,1.267385e-07,resolved_min,1.824916e+00
20260906-125819,7cfda8cdc7345f93,C,free,7.9432823472e-01,1.703482348704e+00,4.662967217293e-01,1.413966e-07,resolved_min,1.626451e+00
20260906-125819,7cfda8cdc7345f93,C,free,8.9125093813e-01,1.911339759786e+00,4.662964465478e-01,1.576940e-07,resolved_min,1.449570e+00
20260906-125819,7cfda8cdc7345f93,C,free,1.0000000000e+00,2.144559823638e+00,4.662961550326e-01,1.758032e-07,resolved_min,1.291924e+00
20260906-125819,7cfda8cdc7345f93,C,free,1.1220184543e+00,2.406237290193e+00,4.662958465795e-01,1.959129e-07,resolved_min,1.151423e+00
20260906-125819,7cfda8cdc7345f93,C,free,1.2589254118e+00,2.699844534435e+00,4.662955202558e-01,2.182290e-07,resolved_min,1.026201e+00
20260906-125819,7cfda8cdc7345f93,C,free,1.4125375446e+00,3.029277634490e+00,4.662951749751e-01,2.429755e-07,resolved_min,9.145974e-01
20260906-125819,7cfda8cdc7345f93,C,free,1.5848931925e+00,3.398908070921e+00,4.662948098010e-01,2.703956e-07,resolved_min,8.151309e-01
20260906-125819,7cfda8cdc7345f93,C,free,1.7782794100e+00,3.813640734779e+00,4.662944240714e-01,3.007528e-07,resolved_min,7.264816e-01
20260906-125819,7cfda8cdc7345f93,C,free,1.9952623150e+00,4.278979026772e+00,4.662940160457e-01,3.343315e-07,resolved_min,6.474731e-01
20260906-125819,7cfda8cdc7345f93,C,free,2.2387211386e+00,4.801097873442e+00,4.662935848386e-01,3.714376e-07,resolved_min,5.770569e-01
20260906-125819,7cfda8cdc7345f93,C,free,2.5118864315e+00,5.386925678125e+00,4.662931292537e-01,4.123991e-07,resolved_min,5.142986e-01
20260906-125819,7cfda8cdc7345f93,C,free,2.8183829313e+00,6.044236259936e+00,4.662926480796e-01,4.575659e-07,resolved_min,4.583655e-01
20260906-125819,7cfda8cdc7345f93,C,free,3.1622776602e+00,6.781752014292e+00,4.662921400701e-01,5.073099e-07,resolved_min,4.085153e-01
20260906-125819,7cfda8cdc7345f93,C,free,3.5481338923e+00,7.609259661227e+00,4.662916039540e-01,5.620236e-07,resolved_min,3.640864e-01
20260906-125819,7cfda8cdc7345f93,C,free,3.9810717055e+00,8.537740117573e+00,4.662910384612e-01,6.221194e-07,resolved_min,3.244893e-01
20260906-125819,7cfda8cdc7345f93,C,free,4.4668359215e+00,9.579514217428e+00,4.662904423048e-01,6.880268e-07,resolved_min,2.891986e-01
20260906-125819,7cfda8cdc7345f93,C,free,5.0118723363e+00,1.074840621326e+01,4.662898142136e-01,7.601897e-07,resolved_min,2.577458e-01
20260906-125819,7cfda8cdc7345f93,C,free,5.6234132519e+00,1.205992723487e+01,4.662891526943e-01,8.390624e-07,resolved_min,2.297137e-01
20260906-125819,7cfda8cdc7345f93,C,free,6.3095734448e+00,1.353148109485e+01,4.662884573074e-01,9.251040e-07,resolved_min,2.047302e-01
20260906-125819,7cfda8cdc7345f93,C,free,7.0794578438e+00,1.518259530863e+01,4.662877261715e-01,1.018772e-06,resolved_min,1.824638e-01
20260906-125819,7cfda8cdc7345f93,C,free,7.9432823472e+00,1.703518016525e+01,4.662869585287e-01,1.120514e-06,resolved_min,1.626190e-01
20260906-125819,7cfda8cdc7345f93,C,free,8.9125093813e+00,1.911381951703e+01,4.662861535026e-01,1.230758e-06,resolved_min,1.449324e-01
20260906-125819,7cfda8cdc7345f93,C,free,1.0000000000e+01,2.144609700820e+01,4.662853103844e-01,1.349901e-06,resolved_min,1.291693e-01
20260906-125819,7cfda8cdc7345f93,C,free,1.1220184543e+01,2.406296211447e+01,4.662844287267e-01,1.478294e-06,resolved_min,1.151206e-01
20260906-125819,7cfda8cdc7345f93,C,free,1.2589254118e+01,2.699914085065e+01,4.662835083376e-01,1.616231e-06,resolved_min,1.025998e-01
20260906-125819,7cfda8cdc7345f93,C,free,1.4125375446e+01,3.029359658451e+01,4.662825494102e-01,1.763928e-06,resolved_min,9.144074e-02
20260906-125819,7cfda8cdc7345f93,C,free,1.5848931925e+01,3.399004708155e+01,4.662815525553e-01,1.921509e-06,resolved_min,8.149531e-02
20260906-125819,7cfda8cdc7345f93,C,free,1.7782794100e+01,3.813754463227e+01,4.662805188917e-01,2.088989e-06,resolved_min,7.263153e-02
20260906-125819,7cfda8cdc7345f93,C,free,1.9952623150e+01,4.279112695903e+01,4.662794501484e-01,2.266257e-06,resolved_min,6.473178e-02
20260906-125819,7cfda8cdc7345f93,C,free,2.2387211386e+01,4.801254753676e+01,4.662783487701e-01,2.453069e-06,resolved_min,5.769122e-02
20260906-125819,7cfda8cdc7345f93,C,free,2.5118864315e+01,5.387109503175e+01,4.662772178715e-01,2.649037e-06,resolved_min,5.141639e-02
20260906-125819,7cfda8cdc7345f93,C,free,2.8183829313e+01,6.044451262441e+01,4.662760619442e-01,2.853638e-06,resolved_min,4.582404e-02
20260906-125819,7cfda8cdc7345f93,C,free,3.1622776602e+01,6.782002970232e+01,4.662748857599e-01,3.066233e-06,resolved_min,4.083993e-02
20260906-125819,7cfda8cdc7345f93,C,free,3.5481338923e+01,7.609551912664e+01,4.662736956207e-01,3.286107e-06,resolved_min,3.639791e-02
20260906-125819,7cfda8cdc7345f93,C,free,3.9810717055e+01,8.538079590547e+01,4.662724987880e-01,3.512536e-06,resolved_min,3.243903e-02
20260906-125819,7cfda8cdc7345f93,C,free,4.4668359215e+01,9.579907420739e+01,4.662713036078e-01,3.744889e-06,resolved_min,2.891075e-02
20260906-125819,7cfda8cdc7345f93,C,free,5.0118723363e+01,1.074886021558e+02,4.662701194132e-01,3.982768e-06,resolved_min,2.576623e-02
20260906-125819,7cfda8cdc7345f93,C,free,5.6234132519e+01,1.206044960792e+02,4.662689563589e-01,4.226196e-06,resolved_min,2.296374e-02
20260906-125819,7cfda8cdc7345f93,C,free,6.3095734448e+01,1.353207985727e+02,4.662678251497e-01,4.475843e-06,resolved_min,2.046607e-02
20260906-125819,7cfda8cdc7345f93,C,free,7.0794578438e+01,1.518327876916e+02,4.662667366828e-01,4.733308e-06,resolved_min,1.824008e-02
20260906-125819,7cfda8cdc7345f93,C,free,7.9432823472e+01,1.703595679605e+02,4.662657015591e-01,5.001413e-06,resolved_min,1.625621e-02
20260906-125819,7cfda8cdc7345f93,C,free,8.9125093813e+01,1.911469775997e+02,4.662647295425e-01,5.284523e-06,resolved_min,1.448813e-02
20260906-125819,7cfda8cdc7345f93,C,free,1.0000000000e+02,2.144708505578e+02,4.662638290467e-01,5.588841e-06,resolved_min,1.291237e-02
20260906-125819,7cfda8cdc7345f93,C,free,1.1220184543e+02,2.406406767173e+02,4.662630065739e-01,5.922659e-06,resolved_min,1.150800e-02
20260906-125819,7cfda8cdc7345f93,C,free,1.2589254118e+02,2.700037087495e+02,4.662622664055e-01,6.296535e-06,resolved_min,1.025639e-02
20260906-125819,7cfda8cdc7345f93,C,free,1.4125375446e+02,3.029495701963e+02,4.662616103754e-01,6.723365e-06,resolved_min,9.140918e-03
20260906-125819,7cfda8cdc7345f93,C,free,1.5848931925e+02,3.399154258008e+02,4.662610379412e-01,7.218335e-06,resolved_min,8.146773e-03
20260906-125819,7cfda8cdc7345f93,C,free,1.7782794100e+02,3.813917826780e+02,4.662605464524e-01,7.798713e-06,resolved_min,7.260759e-03
20260906-125819,7cfda8cdc7345f93,C,free,1.9952623150e+02,4.279289992252e+02,4.662601316063e-01,8.483441e-06,resolved_min,6.471112e-03
20260906-125819,7cfda8cdc7345f93,C,free,2.2387211386e+02,4.801445881178e+02,4.662597879827e-01,9.292444e-06,resolved_min,5.767349e-03
20260906-125819,7cfda8cdc7345f93,C,free,2.5118864315e+02,5.387314101870e+02,4.662595096576e-01,1.024553e-05,resolved_min,5.140130e-03
20260906-125819,7cfda8cdc7345f93,C,free,2.8183829313e+02,6.044668679810e+02,4.662592907165e-01,1.136070e-05,resolved_min,4.581126e-03
20260906-125819,7cfda8cdc7345f93,C,free,3.1622776602e+02,6.782232208432e+02,4.662591257546e-01,1.265188e-05,resolved_min,4.082918e-03
20260906-125819,7cfda8cdc7345f93,C,free,3.5481338923e+02,7.609791585689e+02,4.662590101690e-01,1.412599e-05,resolved_min,3.638894e-03
20260906-125819,7cfda8cdc7345f93,C,free,3.9810717055e+02,8.538327868297e+02,4.662589405025e-01,1.578009e-05,resolved_min,3.243160e-03
20260906-125819,7cfda8cdc7345f93,C,free,4.4668359215e+02,9.580161967684e+02,4.662589146799e-01,1.759934e-05,resolved_min,2.890464e-03
20260906-125819,7cfda8cdc7345f93,C,free,5.0118723363e+02,1.074911811925e+03,4.662589321909e-01,1.955730e-05,resolved_min,2.576124e-03
20260906-125819,7cfda8cdc7345f93,C,free,5.6234132519e+02,1.206070729059e+03,4.662589943040e-01,2.161937e-05,resolved_min,2.295970e-03
20260906-125819,7cfda8cdc7345f93,C,free,6.3095734448e+02,1.353233295357e+03,4.662591045056e-01,2.374907e-05,resolved_min,2.046282e-03
20260906-125819,7cfda8cdc7345f93,C,free,7.0794578438e+02,1.518352195874e+03,4.662592686388e-01,2.591521e-05,resolved_min,1.823749e-03
20260906-125819,7cfda8cdc7345f93,C,free,7.9432823472e+02,1.703618355063e+03,4.662594954813e-01,2.809745e-05,resolved_min,1.625416e-03
20260906-125819,7cfda8cdc7345f93,C,free,8.9125093813e+02,1.911489996786e+03,4.662597971384e-01,3.028830e-05,resolved_min,1.448651e-03
20260906-125819,7cfda8cdc7345f93,C,free,1.0000000000e+03,2.144725245566e+03,4.662601897690e-01,3.249170e-05,resolved_min,1.291110e-03
20260906-125819,7cfda8cdc7345f93,C,clamped,1.0000000000e-03,2.144536483309e-03,4.663012300247e-01,3.298854e-10,resolved_min,1.292032e+03
20260906-125819,7cfda8cdc7345f93,C,clamped,1.1220184543e-03,2.406209562352e-03,4.663012199176e-01,3.921164e-10,resolved_min,1.151525e+03
20260906-125819,7cfda8cdc7345f93,C,clamped,1.2589254118e-03,2.699811592624e-03,4.663012097710e-01,4.657853e-10,resolved_min,1.026297e+03
20260906-125819,7cfda8cdc7345f93,C,clamped,1.4125375446e-03,3.029238504108e-03,4.663011983728e-01,5.535099e-10,resolved_min,9.146881e+02
20260906-125819,7cfda8cdc7345f93,C,clamped,1.5848931925e-03,3.398861588994e-03,4.663011867248e-01,6.576056e-10,resolved_min,8.152165e+02
20260906-125819,7cfda8cdc7345f93,C,clamped,1.7782794100e-03,3.813585525439e-03,4.663011746234e-01,7.813979e-10,resolved_min,7.265623e+02
20260906-125819,7cfda8cdc7345f93,C,clamped,1.9952623150e-03,4.278913460329e-03,4.663011611400e-01,9.284985e-10,resolved_min,6.475492e+02
20260906-125819,7cfda8cdc7345f93,C,clamped,2.2387211386e-03,4.801020007256e-03,4.663011475030e-01,1.103200e-09,resolved_min,5.771287e+02
20260906-125819,7cfda8cdc7345f93,C,clamped,2.5118864315e-03,5.386833214494e-03,4.663011330573e-01,1.310708e-09,resolved_min,5.143664e+02
20260906-125819,7cfda8cdc7345f93,C,clamped,2.8183829313e-03,6.044126479541e-03,4.663011174244e-01,1.557285e-09,resolved_min,4.584294e+02
20260906-125819,7cfda8cdc7345f93,C,clamped,3.1622776602e-03,6.781621697381e-03,4.663011004270e-01,1.850088e-09,resolved_min,4.085755e+02
20260906-125819,7cfda8cdc7345f93,C,clamped,3.5481338923e-03,7.609104977751e-03,4.663010830723e-01,2.198130e-09,resolved_min,3.641432e+02
20260906-125819,7cfda8cdc7345f93,C,clamped,3.9810717055e-03,8.537556543847e-03,4.663010646066e-01,2.611277e-09,resolved_min,3.245429e+02
20260906-125819,7cfda8cdc7345f93,C,clamped,4.4668359215e-03,9.579296399785e-03,4.663010449922e-01,3.102316e-09,resolved_min,2.892491e+02
20260906-125819,7cfda8cdc7345f93,C,clamped,5.0118723363e-03,1.074814782197e-02,4.663010240730e-01,3.685406e-09,resolved_min,2.577934e+02
20260906-125819,7cfda8cdc7345f93,C,clamped,5.6234132519e-03,1.205962077260e-02,4.663010021577e-01,4.377966e-09,resolved_min,2.297585e+02
20260906-125819,7cfda8cdc7345f93,C,clamped,6.3095734448e-03,1.353111774144e-02,4.663009786309e-01,5.200558e-09,resolved_min,2.047724e+02
20260906-125819,7cfda8cdc7345f93,C,clamped,7.0794578438e-03,1.518216460247e-02,4.663009543902e-01,6.177634e-09,resolved_min,1.825035e+02
20260906-125819,7cfda8cdc7345f93,C,clamped,7.9432823472e-03,1.703466983554e-02,4.663009276921e-01,7.337924e-09,resolved_min,1.626564e+02
20260906-125819,7cfda8cdc7345f93,C,clamped,8.9125093813e-03,1.911321505252e-02,4.663009000238e-01,8.715892e-09,resolved_min,1.449676e+02
20260906-125819,7cfda8cdc7345f93,C,clamped,1.0000000000e-02,2.144538136508e-02,4.663008705587e-01,1.035210e-08,resolved_min,1.292024e+02
20260906-125819,7cfda8cdc7345f93,C,clamped,1.1220184543e-02,2.406211525171e-02,4.663008395417e-01,1.229527e-08,resolved_min,1.151517e+02
20260906-125819,7cfda8cdc7345f93,C,clamped,1.2589254118e-02,2.699813927758e-02,4.663008064559e-01,1.460241e-08,resolved_min,1.026290e+02
20260906-125819,7cfda8cdc7345f93,C,clamped,1.4125375446e-02,3.029241278921e-02,4.663007712366e-01,1.734170e-08,resolved_min,9.146817e+01
20260906-125819,7cfda8cdc7345f93,C,clamped,1.5848931925e-02,3.398864885432e-02,4.663007344758e-01,2.059397e-08,resolved_min,8.152104e+01
20260906-125819,7cfda8cdc7345f93,C,clamped,1.7782794100e-02,3.813589447749e-02,4.663006950285e-01,2.445502e-08,resolved_min,7.265566e+01
20260906-125819,7cfda8cdc7345f93,C,clamped,1.9952623150e-02,4.278918115927e-02,4.663006537896e-01,2.903849e-08,resolved_min,6.475438e+01
20260906-125819,7cfda8cdc7345f93,C,clamped,2.2387211386e-02,4.801025539437e-02,4.663006101881e-01,3.447906e-08,resolved_min,5.771236e+01
20260906-125819,7cfda8cdc7345f93,C,clamped,2.5118864315e-02,5.386839798093e-02,4.663005631612e-01,4.093667e-08,resolved_min,5.143616e+01
20260906-125819,7cfda8cdc7345f93,C,clamped,2.8183829313e-02,6.044134303800e-02,4.663005137878e-01,4.860076e-08,resolved_min,4.584249e+01
20260906-125819,7cfda8cdc7345f93,C,clamped,3.1622776602e-02,6.781630989567e-02,4.663004615016e-01,5.769590e-08,resolved_min,4.085712e+01
20260906-125819,7cfda8cdc7345f93,C,clamped,3.5481338923e-02,7.609116023595e-02,4.663004061620e-01,6.848845e-08,resolved_min,3.641392e+01
20260906-125819,7cfda8cdc7345f93,C,clamped,3.9810717055e-02,8.537569673823e-02,4.663003474796e-01,8.129392e-08,resolved_min,3.245391e+01
20260906-125819,7cfda8cdc7345f93,C,clamped,4.4668359215e-02,9.579312005239e-02,4.663002853511e-01,9.648624e-08,resolved_min,2.892454e+01
20260906-125819,7cfda8cdc7345f93,C,clamped,5.0118723363e-02,1.074816636925e-01,4.663002194132e-01,1.145083e-07,resolved_min,2.577900e+01
20260906-125819,7cfda8cdc7345f93,C,clamped,5.6234132519e-02,1.205964281188e-01,4.663001499815e-01,1.358849e-07,resolved_min,2.297553e+01
20260906-125819,7cfda8cdc7345f93,C,clamped,6.3095734448e-02,1.353114395163e-01,4.663000753932e-01,1.612371e-07,resolved_min,2.047694e+01
20260906-125819,7cfda8cdc7345f93,C,clamped,7.0794578438e-02,1.518219577851e-01,4.662999968596e-01,1.913006e-07,resolved_min,1.825007e+01
20260906-125819,7cfda8cdc7345f93,C,clamped,7.9432823472e-02,1.703470683317e-01,4.662999149346e-01,2.269461e-07,resolved_min,1.626537e+01
20260906-125819,7cfda8cdc7345f93,C,clamped,8.9125093813e-02,1.911325902496e-01,4.662998272404e-01,2.692037e-07,resolved_min,1.449650e+01
20260906-125819,7cfda8cdc7345f93,C,clamped,1.0000000000e-01,2.144543362133e-01,4.662997343197e-01,3.192926e-07,resolved_min,1.292000e+01
20260906-125819,7cfda8cdc7345f93,C,clamped,1.1220184543e-01,2.406217736200e-01,4.662996359066e-01,3.786543e-07,resolved_min,1.151495e+01
20260906-125819,7cfda8cdc7345f93,C,clamped,1.2589254118e-01,2.699821306691e-01,4.662995320002e-01,4.489930e-07,resolved_min,1.026269e+01
20260906-125819,7cfda8cdc7345f93,C,clamped,1.4125375446e-01,3.029250048867e-01,4.662994212547e-01,5.323235e-07,resolved_min,9.146614e+00
20260906-125819,7cfda8cdc7345f93,C,clamped,1.5848931925e-01,3.398875309709e-01,4.662993043416e-01,6.310259e-07,resolved_min,8.151912e+00
20260906-125819,7cfda8cdc7345f93,C,clamped,1.7782794100e-01,3.813601834151e-01,4.662991805055e-01,7.479116e-07,resolved_min,7.265385e+00
20260906-125819,7cfda8cdc7345f93,C,clamped,1.9952623150e-01,4.278932839356e-01,4.662990492903e-01,8.862999e-07,resolved_min,6.475267e+00
20260906-125819,7cfda8cdc7345f93,C,clamped,2.2387211386e-01,4.801043042360e-01,4.662989102193e-01,1.050108e-06,resolved_min,5.771075e+00
20260906-125819,7cfda8cdc7345f93,C,clamped,2.5118864315e-01,5.386860584686e-01,4.662987638200e-01,1.243956e-06,resolved_min,5.143463e+00
20260906-125819,7cfda8cdc7345f93,C,clamped,2.8183829313e-01,6.044159013880e-01,4.662986074311e-01,1.473293e-06,resolved_min,4.584105e+00
20260906-125819,7cfda8cdc7345f93,C,clamped,3.1622776602e-01,6.781660353442e-01,4.662984424697e-01,1.744538e-06,resolved_min,4.085576e+00
20260906-125819,7cfda8cdc7345f93,C,clamped,3.5481338923e-01,7.609150916984e-01,4.662982678417e-01,2.065253e-06,resolved_min,3.641263e+00
20260906-125819,7cfda8cdc7345f93,C,clamped,3.9810717055e-01,8.537611132474e-01,4.662980831245e-01,2.444339e-06,resolved_min,3.245270e+00
20260906-125819,7cfda8cdc7345f93,C,clamped,4.4668359215e-01,9.579361264578e-01,4.662978875248e-01,2.892265e-06,resolved_min,2.892340e+00
20260906-125819,7cfda8cdc7345f93,C,clamped,5.0118723363e-01,1.074822489464e+00,4.662976803518e-01,3.421342e-06,resolved_min,2.577792e+00
20260906-125819,7cfda8cdc7345f93,C,clamped,5.6234132519e-01,1.205971236593e+00,4.662974606087e-01,4.046027e-06,resolved_min,2.297451e+00
20260906-125819,7cfda8cdc7345f93,C,clamped,6.3095734448e-01,1.353122657237e+00,4.662972281970e-01,4.783292e-06,resolved_min,2.047598e+00
20260906-125819,7cfda8cdc7345f93,C,clamped,7.0794578438e-01,1.518229393886e+00,4.662969820208e-01,5.653044e-06,resolved_min,1.824916e+00
20260906-125819,7cfda8cdc7345f93,C,clamped,7.9432823472e-01,1.703482347907e+00,4.662967219473e-01,6.678606e-06,resolved_min,1.626451e+00
20260906-125819,7cfda8cdc7345f93,C,clamped,8.9125093813e-01,1.911339760278e+00,4.662964464277e-01,7.842594e-06,resolved_min,1.449570e+00
20260906-125819,7cfda8cdc7345f93,C,clamped,1.0000000000e+00,2.144559824674e+00,4.662961548073e-01,8.600569e-06,resolved_min,1.291924e+00
20260906-125819,7cfda8cdc7345f93,C,clamped,1.1220184543e+00,2.406237291545e+00,4.662958463176e-01,9.080177e-06,resolved_min,1.151423e+00
20260906-125819,7cfda8cdc7345f93,C,clamped,1.2589254118e+00,2.699844538146e+00,4.662955196148e-01,9.558153e-06,resolved_min,1.026201e+00
20260906-125819,7cfda8cdc7345f93,C,clamped,1.4125375446e+00,3.029277635969e+00,4.662951747475e-01,1.005136e-05,resolved_min,9.145974e-01
20260906-125819,7cfda8cdc7345f93,C,clamped,1.5848931925e+00,3.398908073137e+00,4.662948094970e-01,1.056278e-05,resolved_min,8.151309e-01
20260906-125819,7cfda8cdc7345f93,C,clamped,1.7782794100e+00,3.813640738596e+00,4.662944236046e-01,1.109339e-05,resolved_min,7.264816e-01
20260906-125819,7cfda8cdc7345f93,C,clamped,1.9952623150e+00,4.278979031634e+00,4.662940155159e-01,1.164354e-05,resolved_min,6.474730e-01
20260906-125819,7cfda8cdc7345f93,C,clamped,2.2387211386e+00,4.801097879858e+00,4.662935842155e-01,1.221330e-05,resolved_min,5.770569e-01
20260906-125819,7cfda8cdc7345f93,C,clamped,2.5118864315e+00,5.386925686388e+00,4.662931285384e-01,1.280249e-05,resolved_min,5.142986e-01
20260906-125819,7cfda8cdc7345f93,C,clamped,2.8183829313e+00,6.044236270762e+00,4.662926472444e-01,1.341076e-05,resolved_min,4.583655e-01
20260906-125819,7cfda8cdc7345f93,C,clamped,3.1622776602e+00,6.781752028294e+00,4.662921391073e-01,1.403754e-05,resolved_min,4.085153e-01
20260906-125819,7cfda8cdc7345f93,C,clamped,3.5481338923e+00,7.609259679415e+00,4.662916028394e-01,1.468203e-05,resolved_min,3.640864e-01
20260906-125819,7cfda8cdc7345f93,C,clamped,3.9810717055e+00,8.537740141276e+00,4.662910371667e-01,1.534319e-05,resolved_min,3.244893e-01
20260906-125819,7cfda8cdc7345f93,C,clamped,4.4668359215e+00,9.579514248410e+00,4.662904407967e-01,1.601972e-05,resolved_min,2.891986e-01
20260906-125819,7cfda8cdc7345f93,C,clamped,5.0118723363e+00,1.074840625387e+01,4.662898124516e-01,1.671001e-05,resolved_min,2.577458e-01
20260906-125819,7cfda8cdc7345f93,C,clamped,5.6234132519e+00,1.205992728138e+01,4.662891508960e-01,1.741211e-05,resolved_min,2.297137e-01
20260906-125819,7cfda8cdc7345f93,C,clamped,6.3095734448e+00,1.353148116434e+01,4.662884549129e-01,1.812374e-05,resolved_min,2.047302e-01
20260906-125819,7cfda8cdc7345f93,C,clamped,7.0794578438e+00,1.518259539976e+01,4.662877233727e-01,1.884221e-05,resolved_min,1.824638e-01
20260906-125819,7cfda8cdc7345f93,C,clamped,7.9432823472e+00,1.703518028477e+01,4.662869552573e-01,1.956443e-05,resolved_min,1.626190e-01
20260906-125819,7cfda8cdc7345f93,C,clamped,8.9125093813e+00,1.911381967387e+01,4.662861496763e-01,2.028686e-05,resolved_min,1.449324e-01
20260906-125819,7cfda8cdc7345f93,C,clamped,1.0000000000e+01,2.144609721429e+01,4.662853059034e-01,2.100549e-05,resolved_min,1.291693e-01
20260906-125819,7cfda8cdc7345f93,C,clamped,1.1220184543e+01,2.406296238541e+01,4.662844234765e-01,2.171586e-05,resolved_min,1.151206e-01
20260906-125819,7cfda8cdc7345f93,C,clamped,1.2589254118e+01,2.699914120728e+01,4.662835021785e-01,2.241300e-05,resolved_min,1.025998e-01
20260906-125819,7cfda8cdc7345f93,C,clamped,1.4125375446e+01,3.029359705394e+01,4.662825421846e-01,2.309151e-05,resolved_min,9.144073e-02
20260906-125819,7cfda8cdc7345f93,C,clamped,1.5848931925e+01,3.399004770070e+01,4.662815440616e-01,2.374553e-05,resolved_min,8.149530e-02
20260906-125819,7cfda8cdc7345f93,C,clamped,1.7782794100e+01,3.813754544956e+01,4.662805088993e-01,2.436883e-05,resolved_min,7.263152e-02
20260906-125819,7cfda8cdc7345f93,C,clamped,1.9952623150e+01,4.279112803717e+01,4.662794384003e-01,2.495488e-05,resolved_min,6.473177e-02
20260906-125819,7cfda8cdc7345f93,C,clamped,2.2387211386e+01,4.801254896196e+01,4.662783349291e-01,2.549698e-05,resolved_min,5.769120e-02
20260906-125819,7cfda8cdc7345f93,C,clamped,2.5118864315e+01,5.387109691517e+01,4.662772015697e-01,2.598842e-05,resolved_min,5.141638e-02
20260906-125819,7cfda8cdc7345f93,C,clamped,2.8183829313e+01,6.044451511832e+01,4.662760427059e-01,2.642271e-05,resolved_min,4.582402e-02
20260906-125819,7cfda8cdc7345f93,C,clamped,3.1622776602e+01,6.782003300487e+01,4.662748630543e-01,2.679384e-05,resolved_min,4.083991e-02
20260906-125819,7cfda8cdc7345f93,C,clamped,3.5481338923e+01,7.609552350368e+01,4.662736688005e-01,2.709662e-05,resolved_min,3.639789e-02
20260906-125819,7cfda8cdc7345f93,C,clamped,3.9810717055e+01,8.538080170937e+01,4.662724670923e-01,2.732708e-05,resolved_min,3.243902e-02
20260906-125819,7cfda8cdc7345f93,C,clamped,4.4668359215e+01,9.579908190708e+01,4.662712661320e-01,2.748288e-05,resolved_min,2.891073e-02
20260906-125819,7cfda8cdc7345f93,C,clamped,5.0118723363e+01,1.074886123793e+02,4.662700750649e-01,2.756377e-05,resolved_min,2.576621e-02
20260906-125819,7cfda8cdc7345f93,C,clamped,5.6234132519e+01,1.206045096585e+02,4.662689038601e-01,2.757203e-05,resolved_min,2.296372e-02
20260906-125819,7cfda8cdc7345f93,C,clamped,6.3095734448e+01,1.353208166211e+02,4.662677629615e-01,2.751272e-05,resolved_min,2.046605e-02
20260906-125819,7cfda8cdc7345f93,C,clamped,7.0794578438e+01,1.518328116893e+02,4.662666629876e-01,2.739386e-05,resolved_min,1.824005e-02
20260906-125819,7cfda8cdc7345f93,C,clamped,7.9432823472e+01,1.703595998891e+02,4.662656141721e-01,2.722619e-05,resolved_min,1.625618e-02
20260906-125819,7cfda8cdc7345f93,C,clamped,8.9125093813e+01,1.911470200885e+02,4.662646258996e-01,2.702254e-05,resolved_min,1.448810e-02
20260906-125819,7cfda8cdc7345f93,C,clamped,1.0000000000e+02,2.144709071284e+02,4.662637060612e-01,2.679660e-05,resolved_min,1.291234e-02
20260906-125819,7cfda8cdc7345f93,C,clamped,1.1220184543e+02,2.406407520586e+02,4.662628605934e-01,2.656110e-05,resolved_min,1.150797e-02
20260906-125819,7cfda8cdc7345f93,C,clamped,1.2589254118e+02,2.700038091178e+02,4.662620930822e-01,2.632526e-05,resolved_min,1.025636e-02
20260906-125819,7cfda8cdc7345f93,C,clamped,1.4125375446e+02,3.029497039334e+02,4.662614045444e-01,2.609200e-05,resolved_min,9.140887e-03
20260906-125819,7cfda8cdc7345f93,C,clamped,1.5848931925e+02,3.399156040403e+02,4.662607934507e-01,2.585508e-05,resolved_min,8.146740e-03
20260906-125819,7cfda8cdc7345f93,C,clamped,1.7782794100e+02,3.813920202663e+02,4.662602559952e-01,2.559721e-05,resolved_min,7.260724e-03
20260906-125819,7cfda8cdc7345f93,C,clamped,1.9952623150e+02,4.279293159449e+02,4.662597865171e-01,2.529023e-05,resolved_min,6.471075e-03
20260906-125819,7cfda8cdc7345f93,C,clamped,2.2387211386e+02,4.801450103172e+02,4.662593779928e-01,2.489831e-05,resolved_min,5.767311e-03
20260906-125819,7cfda8cdc7345f93,C,clamped,2.5118864315e+02,5.387319729374e+02,4.662590226107e-01,2.438450e-05,resolved_min,5.140088e-03
20260906-125819,7cfda8cdc7345f93,C,clamped,2.8183829313e+02,6.044676179310e+02,4.662587122386e-01,2.371937e-05,resolved_min,4.581082e-03
20260906-125819,7cfda8cdc7345f93,C,clamped,3.1622776602e+02,6.782242199907e+02,4.662584388702e-01,2.288828e-05,resolved_min,4.082872e-03
20260906-125819,7cfda8cdc7345f93,C,clamped,3.5481338923e+02,7.609804891641e+02,4.662581949024e-01,2.189439e-05,resolved_min,3.638846e-03
20260906-125819,7cfda8cdc7345f93,C,clamped,3.9810717055e+02,8.538345579387e+02,4.662579733416e-01,2.075580e-05,resolved_min,3.243109e-03
20260906-125819,7cfda8cdc7345f93,C,clamped,4.4668359215e+02,9.580185530038e+02,4.662577679215e-01,1.949903e-05,resolved_min,2.890409e-03
20260906-125819,7cfda8cdc7345f93,C,clamped,5.0118723363e+02,1.074914945042e+03,4.662575731585e-01,1.815257e-05,resolved_min,2.576067e-03
20260906-125819,7cfda8cdc7345f93,C,clamped,5.6234132519e+02,1.206074893382e+03,4.662573844094e-01,1.674336e-05,resolved_min,2.295909e-03
20260906-125819,7cfda8cdc7345f93,C,clamped,6.3095734448e+02,1.353238829072e+03,4.662571978612e-01,1.529679e-05,resolved_min,2.046218e-03
20260906-125819,7cfda8cdc7345f93,C,clamped,7.0794578438e+02,1.518359549072e+03,4.662570106117e-01,1.383848e-05,resolved_min,1.823681e-03
20260906-125819,7cfda8cdc7345f93,C,clamped,7.9432823472e+02,1.703628128155e+03,4.662568207210e-01,1.239538e-05,resolved_min,1.625344e-03
20260906-125819,7cfda8cdc7345f93,C,clamped,8.9125093813e+02,1.911502991515e+03,4.662566274236e-01,1.099510e-05,resolved_min,1.448576e-03
20260906-125819,7cfda8cdc7345f93,C,clamped,1.0000000000e+03,2.144742534107e+03,4.662564312953e-01,9.663505e-06,resolved_min,1.291030e-03
