run_id,solver_hash,model,bc_phason,bc_thermal,Omega,k,V,r,status,n_ad,n_grazing,condB,jump,root_flags,max_root_res,k_comp,r_comp,P_w,delta_pen,delta_pen_weighted,rel_xtol,n_scan
20260906-170036,8c0abbabe66776dd,A,free,isothermal,1.0000000000e-03,3.218260250370e-03,3.107268903703e-01,1.977535e-11,accepted,5,0,5.056801e+10,0,0,2.075e-17,3.218260250370e-03,1.977535e-11,9.909513e-01,1.989427e+03,1.320748e+03,1e-15,160
20260906-170036,8c0abbabe66776dd,A,free,isothermal,1.1220184543e-03,3.610947392760e-03,3.107268902759e-01,2.248500e-11,accepted,5,0,4.447409e+10,0,0,3.647e-17,3.610947392760e-03,2.248500e-11,9.909513e-01,1.773078e+03,1.177118e+03,1e-15,160
20260906-170036,8c0abbabe66776dd,A,free,isothermal,1.2589254118e-03,4.051549613494e-03,3.107268901758e-01,2.560686e-11,accepted,5,0,3.905203e+10,0,0,1.319e-17,4.051549613494e-03,2.560686e-11,9.909513e-01,1.580258e+03,1.049107e+03,1e-15,160
20260906-170036,8c0abbabe66776dd,A,free,isothermal,1.4125375446e-03,4.545913436411e-03,3.107268900699e-01,2.920989e-11,accepted,5,0,3.423497e+10,0,0,1.907e-17,4.545913436411e-03,2.920989e-11,9.909513e-01,1.408406e+03,9.350179e+02,1e-15,160
20260906-170036,8c0abbabe66776dd,A,free,isothermal,1.5848931925e-03,5.100598769155e-03,3.107268899576e-01,3.337558e-11,accepted,5,0,2.996202e+10,0,0,1.641e-17,5.100598769155e-03,3.337558e-11,9.909513e-01,1.255243e+03,8.333355e+02,1e-15,160
20260906-170036,8c0abbabe66776dd,A,free,isothermal,1.7782794100e-03,5.722965949171e-03,3.107268898387e-01,3.820018e-11,accepted,5,0,2.617789e+10,0,0,4.283e-17,5.722965949171e-03,3.820018e-11,9.909513e-01,1.118737e+03,7.427109e+02,1e-15,160
20260906-170036,8c0abbabe66776dd,A,free,isothermal,1.9952623150e-03,6.421273410914e-03,3.107268897128e-01,4.379754e-11,accepted,5,0,2.283233e+10,0,0,2.254e-17,6.421273410914e-03,4.379754e-11,9.909513e-01,9.970752e+02,6.619417e+02,1e-15,160
20260906-170036,8c0abbabe66776dd,A,free,isothermal,2.2387211386e-03,7.204787270257e-03,3.107268895794e-01,5.030242e-11,accepted,5,0,1.987976e+10,0,0,4.608e-18,7.204787270257e-03,5.030242e-11,9.909513e-01,8.886442e+02,5.899561e+02,1e-15,160
20260906-170036,8c0abbabe66776dd,A,free,isothermal,2.5118864315e-03,8.083904280167e-03,3.107268894403e-01,5.786791e-11,accepted,5,0,1.728073e+10,0,0,2.304e-17,8.083904280224e-03,5.787437e-11,9.909513e-01,7.920049e+02,5.257988e+02,1e-15,160
20260906-170036,8c0abbabe66776dd,A,free,isothermal,2.8183829313e-03,9.070289789424e-03,3.107268892942e-01,6.668532e-11,accepted,5,0,1.499580e+10,0,0,8.960e-17,9.070289789591e-03,6.670237e-11,9.909513e-01,7.058751e+02,4.686186e+02,1e-15,160
20260906-170036,8c0abbabe66776dd,A,free,isothermal,3.1622776602e-03,1.017703253467e-02,3.107268891395e-01,7.698130e-11,accepted,5,0,1.299017e+10,0,0,1.128e-17,1.017703253498e-02,7.701042e-11,9.909513e-01,6.291119e+02,4.176567e+02,1e-15,160
20260906-170036,8c0abbabe66776dd,A,free,isothermal,3.5481338923e-03,1.141881831994e-02,3.107268889758e-01,8.902118e-11,accepted,5,0,1.123328e+10,0,0,3.409e-17,1.141881832045e-02,8.906393e-11,9.909513e-01,5.606965e+02,3.722369e+02,1e-15,160
20260906-170036,8c0abbabe66776dd,A,free,isothermal,3.9810717055e-03,1.281212488845e-02,3.107268888024e-01,1.031194e-10,resolved_min,5,0,9.697493e+09,0,0,2.631e-17,1.281212488920e-02,1.031776e-10,9.909513e-01,4.997213e+02,3.317564e+02,1e-15,160
20260906-170036,8c0abbabe66776dd,A,free,isothermal,4.4668359215e-03,1.437544057215e-02,3.107268886189e-01,1.196490e-10,resolved_min,5,0,8.357783e+09,0,0,3.650e-17,1.437544057322e-02,1.197245e-10,9.909512e-01,4.453771e+02,2.956781e+02,1e-15,160
20260906-170036,8c0abbabe66776dd,A,free,isothermal,5.0118723363e-03,1.612950962076e-02,3.107268884246e-01,1.390519e-10,resolved_min,5,0,7.191558e+09,0,0,8.464e-18,1.612950962224e-02,1.391469e-10,9.909512e-01,3.969427e+02,2.635233e+02,1e-15,160
20260906-170036,8c0abbabe66776dd,A,free,isothermal,5.6234132519e-03,1.809760746531e-02,3.107268882189e-01,1.618526e-10,resolved_min,5,0,6.178460e+09,0,0,3.382e-17,1.809760746731e-02,1.619695e-10,9.909512e-01,3.537756e+02,2.348654e+02,1e-15,160
20260906-170036,8c0abbabe66776dd,A,free,isothermal,6.3095734448e-03,2.030584956902e-02,3.107268880012e-01,1.886728e-10,resolved_min,5,0,5.300181e+09,0,0,5.578e-17,2.030584957167e-02,1.888141e-10,9.909512e-01,3.153028e+02,2.093239e+02,1e-15,160
20260906-170036,8c0abbabe66776dd,A,free,isothermal,7.0794578438e-03,2.278353796363e-02,3.107268877705e-01,2.202497e-10,resolved_min,5,0,4.540300e+09,0,0,5.498e-17,2.278353796709e-02,2.204181e-10,9.909512e-01,2.810139e+02,1.865601e+02,1e-15,160
20260906-170036,8c0abbabe66776dd,A,free,isothermal,7.9432823472e-03,2.556355006958e-02,3.107268875263e-01,2.574576e-10,resolved_min,5,0,3.884135e+09,0,0,3.766e-17,2.556355007404e-02,2.576559e-10,9.909512e-01,2.504539e+02,1.662718e+02,1e-15,160
20260906-170036,8c0abbabe66776dd,A,free,isothermal,8.9125093813e-03,2.868277495942e-02,3.107268872676e-01,3.013329e-10,resolved_min,5,0,3.318589e+09,0,0,4.872e-17,2.868277496512e-02,3.015641e-10,9.909512e-01,2.232173e+02,1.481898e+02,1e-15,160
20260906-170036,8c0abbabe66776dd,A,free,isothermal,1.0000000000e-02,3.218260285343e-02,3.107268869936e-01,3.531045e-10,resolved_min,5,0,2.832023e+09,0,0,3.880e-17,3.218260286066e-02,3.533718e-10,9.909512e-01,1.989426e+02,1.320743e+02,1e-15,160
20260906-170036,8c0abbabe66776dd,A,free,isothermal,1.1220184543e-02,3.610947434275e-02,3.107268867034e-01,4.142294e-10,resolved_min,5,0,2.414121e+09,0,0,1.698e-17,3.610947435185e-02,4.145358e-10,9.909511e-01,1.773078e+02,1.177113e+02,1e-15,160
20260906-170036,8c0abbabe66776dd,A,free,isothermal,1.2589254118e-02,4.051549662781e-02,3.107268863958e-01,4.864344e-10,resolved_min,5,0,2.055776e+09,0,0,1.538e-17,4.051549663919e-02,4.867830e-10,9.909511e-01,1.580257e+02,1.049103e+02,1e-15,160
20260906-170036,8c0abbabe66776dd,A,free,isothermal,1.4125375446e-02,4.545913494929e-02,3.107268860700e-01,5.717665e-10,resolved_min,5,0,1.748966e+09,0,0,1.172e-16,4.545913496342e-02,5.721603e-10,9.909511e-01,1.408405e+02,9.350132e+01,1e-15,160
20260906-170036,8c0abbabe66776dd,A,free,isothermal,1.5848931925e-02,5.100598838640e-02,3.107268857246e-01,6.726518e-10,resolved_min,5,0,1.486653e+09,0,0,7.034e-17,5.100598840386e-02,6.730935e-10,9.909511e-01,1.255243e+02,8.333310e+01,1e-15,160
20260906-170036,8c0abbabe66776dd,A,free,isothermal,1.7782794100e-02,5.722966031688e-02,3.107268853585e-01,7.919649e-10,resolved_min,5,0,1.262682e+09,0,0,9.177e-18,5.722966033833e-02,7.924569e-10,9.909511e-01,1.118736e+02,7.427067e+01,1e-15,160
20260906-170036,8c0abbabe66776dd,A,free,isothermal,1.9952623150e-02,6.421273508815e-02,3.107268849754e-01,9.330968e-10,resolved_min,5,0,1.071700e+09,0,0,1.141e-17,6.421273511539e-02,9.336562e-10,9.909510e-01,9.970746e+01,6.619376e+01,1e-15,160
20260906-170036,8c0abbabe66776dd,A,free,isothermal,2.2387211386e-02,7.204787386289e-02,3.107268845752e-01,1.100082e-09,resolved_min,5,0,9.090231e+08,0,0,9.562e-18,7.204787389762e-02,1.100703e-09,9.909510e-01,8.886436e+01,5.899522e+01,1e-15,160
20260906-170036,8c0abbabe66776dd,A,free,isothermal,2.5118864315e-02,8.083904417789e-02,3.107268841504e-01,1.297721e-09,resolved_min,5,0,7.705815e+08,0,0,1.204e-17,8.083904422117e-02,1.298387e-09,9.909510e-01,7.920044e+01,5.257951e+01,1e-15,160
20260906-170036,8c0abbabe66776dd,A,free,isothermal,2.8183829313e-02,9.070289952739e-02,3.107268836994e-01,1.531676e-09,resolved_min,5,0,6.528795e+08,0,0,6.742e-18,9.070289958084e-02,1.532376e-09,9.909510e-01,7.058746e+01,4.686151e+01,1e-15,160
20260906-170036,8c0abbabe66776dd,A,free,isothermal,3.1622776602e-02,1.017703272853e-01,3.107268832203e-01,1.808650e-09,resolved_min,5,0,5.528985e+08,0,0,7.166e-18,1.017703273508e-01,1.809372e-09,9.909509e-01,6.291114e+01,4.176533e+01,1e-15,160
20260906-170036,8c0abbabe66776dd,A,free,isothermal,3.5481338923e-02,1.141881855015e-01,3.107268827114e-01,2.136579e-09,resolved_min,5,0,4.680380e+08,0,0,1.530e-17,1.141881855811e-01,2.137306e-09,9.909509e-01,5.606961e+01,3.722336e+01,1e-15,160
20260906-170036,8c0abbabe66776dd,A,free,isothermal,3.9810717055e-02,1.281212516182e-01,3.107268821725e-01,2.524851e-09,resolved_min,5,0,3.960629e+08,0,0,6.020e-18,1.281212517149e-01,2.525566e-09,9.909509e-01,4.997209e+01,3.317532e+01,1e-15,160
20260906-170036,8c0abbabe66776dd,A,free,isothermal,4.4668359215e-02,1.437544089707e-01,3.107268815957e-01,2.984579e-09,resolved_min,5,0,3.350556e+08,0,0,1.496e-17,1.437544089292e-01,2.984752e-09,9.909508e-01,4.453766e+01,2.956751e+01,1e-15,160
20260906-170036,8c0abbabe66776dd,A,free,isothermal,5.0118723363e-02,1.612951000390e-01,3.107268810436e-01,3.529041e-09,resolved_min,5,0,2.833631e+08,0,0,1.394e-17,1.612951000390e-01,3.529041e-09,9.909508e-01,3.969423e+01,2.635205e+01,1e-15,160
20260906-170036,8c0abbabe66776dd,A,free,isothermal,5.6234132519e-02,1.809760792280e-01,3.107268803641e-01,4.173445e-09,resolved_min,5,0,2.396102e+08,0,0,9.687e-18,1.809760792280e-01,4.173445e-09,9.909508e-01,3.537752e+01,2.348626e+01,1e-15,160
20260906-170036,8c0abbabe66776dd,A,free,isothermal,6.3095734448e-02,2.030585011512e-01,3.107268796445e-01,4.936333e-09,resolved_min,5,0,2.025795e+08,0,0,1.047e-17,2.030585011512e-01,4.936333e-09,9.909507e-01,3.153024e+01,2.093213e+01,1e-15,160
20260906-170036,8c0abbabe66776dd,A,free,isothermal,7.0794578438e-02,2.278353861533e-01,3.107268788826e-01,5.839415e-09,resolved_min,5,0,1.712500e+08,0,0,2.149e-17,2.278353861533e-01,5.839415e-09,9.909507e-01,2.810136e+01,1.865575e+01,1e-15,160
20260906-170036,8c0abbabe66776dd,A,free,isothermal,7.9432823472e-02,2.556355084708e-01,3.107268780758e-01,6.908339e-09,resolved_min,5,0,1.447526e+08,0,0,4.373e-17,2.556355084708e-01,6.908339e-09,9.909507e-01,2.504536e+01,1.662693e+01,1e-15,160
20260906-170036,8c0abbabe66776dd,A,free,isothermal,8.9125093813e-02,2.868277588676e-01,3.107268772215e-01,8.173392e-09,resolved_min,5,0,1.223482e+08,0,0,1.780e-17,2.868277588676e-01,8.173392e-09,9.909506e-01,2.232170e+01,1.481875e+01,1e-15,160
20260906-170036,8c0abbabe66776dd,A,free,isothermal,1.0000000000e-01,3.218260395925e-01,3.107268763169e-01,9.670325e-09,resolved_min,5,0,1.034091e+08,0,0,6.122e-17,3.218260395925e-01,9.670325e-09,9.909506e-01,1.989423e+01,1.320720e+01,1e-15,160
20260906-170036,8c0abbabe66776dd,A,free,isothermal,1.1220184543e-01,3.610947566107e-01,3.107268753591e-01,1.144132e-08,resolved_min,5,0,8.740250e+07,0,0,2.088e-17,3.610947566622e-01,1.144122e-08,9.909505e-01,1.773075e+01,1.177091e+01,1e-15,160
20260906-170036,8c0abbabe66776dd,A,free,isothermal,1.2589254118e-01,4.051549819912e-01,3.107268743450e-01,1.353612e-08,resolved_min,5,0,7.387641e+07,0,0,2.050e-17,4.051549820527e-01,1.353603e-08,9.909505e-01,1.580254e+01,1.049081e+01,1e-15,160
20260906-170036,8c0abbabe66776dd,A,free,isothermal,1.4125375446e-01,4.545913682174e-01,3.107268732712e-01,1.601335e-08,resolved_min,5,0,6.244790e+07,0,0,3.714e-17,4.545913682896e-01,1.601326e-08,9.909504e-01,1.408403e+01,9.349925e+00,1e-15,160
20260906-170036,8c0abbabe66776dd,A,free,isothermal,1.5848931925e-01,5.100599061726e-01,3.107268721343e-01,1.894205e-08,resolved_min,5,0,5.279260e+07,0,0,1.808e-17,5.100599062558e-01,1.894197e-08,9.909503e-01,1.255240e+01,8.333110e+00,1e-15,160
20260906-170036,8c0abbabe66776dd,A,free,isothermal,1.7782794100e-01,5.722966297422e-01,3.107268709305e-01,2.240348e-08,resolved_min,5,0,4.463592e+07,0,0,4.047e-17,5.722966298367e-01,2.240341e-08,9.909503e-01,1.118734e+01,7.426873e+00,1e-15,160
20260906-170036,8c0abbabe66776dd,A,free,isothermal,1.9952623150e-01,6.421273825394e-01,3.107268696560e-01,2.649319e-08,resolved_min,5,0,3.774555e+07,0,0,3.192e-17,6.421273826215e-01,2.649313e-08,9.909502e-01,9.970725e+00,6.619189e+00,1e-15,160
20260906-170036,8c0abbabe66776dd,A,free,isothermal,2.2387211386e-01,7.204787763506e-01,3.107268683067e-01,3.132339e-08,resolved_min,5,0,3.192503e+07,0,0,6.966e-17,7.204787764105e-01,3.132334e-08,9.909501e-01,8.886417e+00,5.899340e+00,1e-15,160
20260906-170036,8c0abbabe66776dd,A,free,isothermal,2.5118864315e-01,8.083904867151e-01,3.107268668780e-01,3.702565e-08,resolved_min,5,0,2.700831e+07,0,0,9.073e-17,8.083904867512e-01,3.702562e-08,9.909501e-01,7.920026e+00,5.257775e+00,1e-15,160
20260906-170036,8c0abbabe66776dd,A,free,isothermal,2.8183829313e-01,9.070290487918e-01,3.107268653654e-01,4.375382e-08,resolved_min,5,0,2.285515e+07,0,0,4.152e-17,9.070290489184e-01,4.375379e-08,9.909500e-01,7.058729e+00,4.685980e+00,1e-15,160
20260906-170036,8c0abbabe66776dd,A,free,isothermal,3.1622776602e-01,1.017703336577e+00,3.107268637640e-01,5.168686e-08,resolved_min,5,0,1.934728e+07,0,0,2.426e-17,1.017703336698e+00,5.168684e-08,9.909499e-01,6.291098e+00,4.176367e+00,1e-15,160
20260906-170036,8c0abbabe66776dd,A,free,isothermal,3.5481338923e-01,1.141881930874e+00,3.107268620687e-01,6.103002e-08,resolved_min,5,0,1.638538e+07,0,0,3.071e-17,1.141881930965e+00,6.102999e-08,9.909498e-01,5.606945e+00,3.722175e+00,1e-15,160
20260906-170036,8c0abbabe66776dd,A,free,isothermal,3.9810717055e-01,1.281212606474e+00,3.107268602743e-01,7.200607e-08,resolved_min,5,0,1.388772e+07,0,0,4.166e-17,1.281212606635e+00,7.200607e-08,9.909497e-01,4.997194e+00,3.317376e+00,1e-15,160
20260906-170036,8c0abbabe66776dd,A,free,isothermal,4.4668359215e-01,1.437544197123e+00,3.107268583777e-01,8.475334e-08,resolved_min,5,0,1.179895e+07,0,0,1.355e-16,1.437544197124e+00,8.475334e-08,9.909496e-01,4.453753e+00,2.956598e+00,1e-15,160
20260906-170036,8c0abbabe66776dd,A,free,isothermal,5.0118723363e-01,1.612951128901e+00,3.107268562865e-01,9.672391e-08,resolved_min,5,0,1.033871e+07,0,0,5.576e-17,1.612951128685e+00,9.672375e-08,9.909495e-01,3.969410e+00,2.635056e+00,1e-15,160
20260906-170036,8c0abbabe66776dd,A,free,isothermal,5.6234132519e-01,1.809760944406e+00,3.107268542448e-01,1.026960e-07,resolved_min,5,0,9.737476e+06,0,0,5.528e-17,1.809760944583e+00,1.026960e-07,9.909494e-01,3.537740e+00,2.348481e+00,1e-15,160
20260906-170036,8c0abbabe66776dd,A,free,isothermal,6.3095734448e-01,2.030585192239e+00,3.107268519892e-01,1.081157e-07,resolved_min,5,0,9.249350e+06,0,0,3.691e-17,2.030585192272e+00,1.081157e-07,9.909493e-01,3.153013e+00,2.093071e+00,1e-15,160
20260906-170036,8c0abbabe66776dd,A,free,isothermal,7.0794578438e-01,2.278354076213e+00,3.107268496040e-01,1.136549e-07,resolved_min,5,0,8.798561e+06,0,0,8.724e-17,2.278354076461e+00,1.136549e-07,9.909491e-01,2.810125e+00,1.865437e+00,1e-15,160
20260906-170036,8c0abbabe66776dd,A,free,isothermal,7.9432823472e-01,2.556355339711e+00,3.107268470799e-01,1.193773e-07,resolved_min,5,0,8.376805e+06,0,0,1.064e-16,2.556355339979e+00,1.193773e-07,9.909490e-01,2.504526e+00,1.662559e+00,1e-15,160
20260906-170036,8c0abbabe66776dd,A,free,isothermal,8.9125093813e-01,2.868277891567e+00,3.107268444086e-01,1.252969e-07,resolved_min,5,0,7.981045e+06,0,0,6.490e-17,2.868277891617e+00,1.252969e-07,9.909489e-01,2.232160e+00,1.481743e+00,1e-15,160
20260906-170036,8c0abbabe66776dd,A,free,isothermal,1.0000000000e+00,3.218260755681e+00,3.107268415820e-01,1.314163e-07,resolved_min,5,0,7.609404e+06,0,0,1.051e-16,3.218260755765e+00,1.314163e-07,9.909487e-01,1.989414e+00,1.320592e+00,1e-15,160
20260906-170036,8c0abbabe66776dd,A,free,isothermal,1.1220184543e+00,3.610947993382e+00,3.107268385915e-01,1.377331e-07,resolved_min,5,0,7.260420e+06,0,0,6.072e-17,3.610947993502e+00,1.377331e-07,9.909485e-01,1.773066e+00,1.176965e+00,1e-15,160
20260906-170036,8c0abbabe66776dd,A,free,isothermal,1.2589254118e+00,4.051550327343e+00,3.107268354284e-01,1.442409e-07,resolved_min,5,0,6.932846e+06,0,0,2.795e-17,4.051550327497e+00,1.442409e-07,9.909484e-01,1.580246e+00,1.048958e+00,1e-15,160
20260906-170036,8c0abbabe66776dd,A,free,isothermal,1.4125375446e+00,4.545914284748e+00,3.107268320835e-01,1.509304e-07,resolved_min,5,0,6.625571e+06,0,0,1.768e-16,4.545914284934e+00,1.509304e-07,9.909482e-01,1.408395e+00,9.348723e-01,1e-15,160
20260906-170036,8c0abbabe66776dd,A,free,isothermal,1.5848931925e+00,5.100599777206e+00,3.107268285475e-01,1.577886e-07,resolved_min,5,0,6.337594e+06,0,0,1.547e-16,5.100599777424e+00,1.577886e-07,9.909480e-01,1.255233e+00,8.331933e-01,1e-15,160
20260906-170036,8c0abbabe66776dd,A,free,isothermal,1.7782794100e+00,5.722967146857e+00,3.107268248107e-01,1.647989e-07,resolved_min,5,0,6.068000e+06,0,0,7.160e-17,5.722967147190e+00,1.647989e-07,9.909478e-01,1.118727e+00,7.425720e-01,1e-15,160
20260906-170036,8c0abbabe66776dd,A,free,isothermal,1.9952623150e+00,6.421274833745e+00,3.107268208617e-01,1.719407e-07,resolved_min,5,0,5.815960e+06,0,0,4.173e-17,6.421274834225e+00,1.719407e-07,9.909476e-01,9.970661e-01,6.618059e-01,1e-15,160
20260906-170036,8c0abbabe66776dd,A,free,isothermal,2.2387211386e+00,7.204788960282e+00,3.107268166923e-01,1.791884e-07,resolved_min,5,0,5.580720e+06,0,0,7.908e-17,7.204788960164e+00,1.791884e-07,9.909474e-01,8.886356e-01,5.898233e-01,1e-15,160
20260906-170036,8c0abbabe66776dd,A,free,isothermal,2.5118864315e+00,8.083906287229e+00,3.107268122934e-01,1.865113e-07,resolved_min,5,0,5.361604e+06,0,0,2.209e-17,8.083906287102e+00,1.865113e-07,9.909472e-01,7.919969e-01,5.256689e-01,1e-15,160
20260906-170036,8c0abbabe66776dd,A,free,isothermal,2.8183829313e+00,9.070292172501e+00,3.107268076556e-01,1.938732e-07,resolved_min,5,0,5.158010e+06,0,0,7.418e-17,9.070292172366e+00,1.938732e-07,9.909469e-01,7.058675e-01,4.684915e-01,1e-15,160
20260906-170036,8c0abbabe66776dd,A,free,isothermal,3.1622776602e+00,1.017703536348e+01,3.107268027696e-01,2.012310e-07,resolved_min,5,0,4.969412e+06,0,0,1.489e-17,1.017703536334e+01,2.012310e-07,9.909467e-01,6.291047e-01,4.175322e-01,1e-15,160
20260906-170036,8c0abbabe66776dd,A,free,isothermal,3.5481338923e+00,1.141882167689e+01,3.107267976273e-01,2.085349e-07,resolved_min,5,0,4.795361e+06,0,0,7.833e-17,1.141882167674e+01,2.085349e-07,9.909464e-01,5.606898e-01,3.721150e-01,1e-15,160
20260906-170036,8c0abbabe66776dd,A,free,isothermal,3.9810717055e+00,1.281212887076e+01,3.107267922211e-01,2.157270e-07,resolved_min,5,0,4.635488e+06,0,0,3.357e-17,1.281212887061e+01,2.157270e-07,9.909461e-01,4.997149e-01,3.316370e-01,1e-15,160
20260906-170036,8c0abbabe66776dd,A,free,isothermal,4.4668359215e+00,1.437544529450e+01,3.107267865448e-01,2.227415e-07,resolved_min,5,0,4.489508e+06,0,0,1.106e-16,1.437544529432e+01,2.227415e-07,9.909458e-01,4.453711e-01,2.955611e-01,1e-15,160
20260906-170036,8c0abbabe66776dd,A,free,isothermal,5.0118723363e+00,1.612951521807e+01,3.107267805952e-01,2.295036e-07,resolved_min,5,0,4.357230e+06,0,0,2.669e-17,1.612951521791e+01,2.295036e-07,9.909455e-01,3.969371e-01,2.634087e-01,1e-15,160
20260906-170036,8c0abbabe66776dd,A,free,isothermal,5.6234132519e+00,1.809761409622e+01,3.107267743696e-01,2.359293e-07,resolved_min,5,0,4.238557e+06,0,0,1.171e-16,1.809761409605e+01,2.359293e-07,9.909452e-01,3.537702e-01,2.347530e-01,1e-15,160
20260906-170036,8c0abbabe66776dd,A,free,isothermal,6.3095734448e+00,2.030585741956e+01,3.107267678696e-01,2.419255e-07,resolved_min,5,0,4.133504e+06,0,0,5.833e-17,2.030585741939e+01,2.419255e-07,9.909449e-01,3.152978e-01,2.092137e-01,1e-15,160
20260906-170036,8c0abbabe66776dd,A,free,isothermal,7.0794578438e+00,2.278354725136e+01,3.107267611025e-01,2.473899e-07,resolved_min,5,0,4.042202e+06,0,0,4.148e-17,2.278354725134e+01,2.473899e-07,9.909445e-01,2.810092e-01,1.864520e-01,1e-15,160
20260906-170036,8c0abbabe66776dd,A,free,isothermal,7.9432823472e+00,2.556356104879e+01,3.107267540732e-01,2.522119e-07,resolved_min,5,0,3.964920e+06,0,0,8.856e-17,2.556356104879e+01,2.522119e-07,9.909442e-01,2.504495e-01,1.661658e-01,1e-15,160
20260906-170036,8c0abbabe66776dd,A,free,isothermal,8.9125093813e+00,2.868278792587e+01,3.107267467992e-01,2.562737e-07,resolved_min,5,0,3.902078e+06,0,0,1.171e-16,2.868278792594e+01,2.562737e-07,9.909438e-01,2.232131e-01,1.480859e-01,1e-15,160
20260906-170036,8c0abbabe66776dd,A,free,isothermal,1.0000000000e+01,3.218261815012e+01,3.107267393024e-01,2.594525e-07,resolved_min,5,0,3.854270e+06,0,0,3.309e-17,3.218261815012e+01,2.594525e-07,9.909434e-01,1.989387e-01,1.319724e-01,1e-15,160
20260906-170036,8c0abbabe66776dd,A,free,isothermal,1.1220184543e+01,3.610949236591e+01,3.107267316118e-01,2.616235e-07,resolved_min,5,0,3.822286e+06,0,0,1.872e-17,3.610949236591e+01,2.616235e-07,9.909431e-01,1.773041e-01,1.176113e-01,1e-15,160
20260906-170036,8c0abbabe66776dd,A,free,isothermal,1.2589254118e+01,4.051551783320e+01,3.107267237647e-01,2.626639e-07,resolved_min,5,0,3.807147e+06,0,0,3.281e-17,4.051551783320e+01,2.626639e-07,9.909427e-01,1.580223e-01,1.048122e-01,1e-15,160
20260906-170036,8c0abbabe66776dd,A,free,isothermal,1.4125375446e+01,4.545915985858e+01,3.107267158075e-01,2.624580e-07,resolved_min,5,0,3.810133e+06,0,0,9.912e-17,4.545915985858e+01,2.624580e-07,9.909423e-01,1.408374e-01,9.340509e-02,1e-15,160
20260906-170036,8c0abbabe66776dd,A,free,isothermal,1.5848931925e+01,5.100601759351e+01,3.107267077959e-01,2.609044e-07,resolved_min,5,0,3.832821e+06,0,0,8.353e-17,5.100601759351e+01,2.609044e-07,9.909419e-01,1.255213e-01,8.323866e-02,1e-15,160
20260906-170036,8c0abbabe66776dd,A,free,isothermal,1.7782794100e+01,5.722969449411e+01,3.107266997943e-01,2.579230e-07,resolved_min,5,0,3.877127e+06,0,0,7.883e-17,5.722969449411e+01,2.579230e-07,9.909415e-01,1.118709e-01,7.417798e-02,1e-15,160
20260906-170036,8c0abbabe66776dd,A,free,isothermal,1.9952623150e+01,6.421277499294e+01,3.107266918753e-01,2.534632e-07,resolved_min,5,0,3.945345e+06,0,0,6.722e-17,6.421277499263e+01,2.534632e-07,9.909411e-01,9.970492e-02,6.610277e-02,1e-15,160
20260906-170036,8c0abbabe66776dd,A,free,isothermal,2.2387211386e+01,7.204792034276e+01,3.107266841177e-01,2.475128e-07,resolved_min,5,0,4.040195e+06,0,0,1.097e-16,7.204792034212e+01,2.475128e-07,9.909407e-01,8.886201e-02,5.890587e-02,1e-15,160
20260906-170036,8c0abbabe66776dd,A,free,isothermal,2.5118864315e+01,8.083909817348e+01,3.107266766038e-01,2.401043e-07,resolved_min,5,0,4.164857e+06,0,0,7.981e-17,8.083909817357e+01,2.401043e-07,9.909404e-01,7.919827e-02,5.249174e-02,1e-15,160
20260906-170036,8c0abbabe66776dd,A,free,isothermal,2.8183829313e+01,9.070296207821e+01,3.107266694151e-01,2.313202e-07,resolved_min,5,0,4.323013e+06,0,0,2.012e-16,9.070296207850e+01,2.313202e-07,9.909400e-01,7.058547e-02,4.677527e-02,1e-15,160
20260906-170036,8c0abbabe66776dd,A,free,isothermal,3.1622776602e+01,1.017703995346e+02,3.107266626279e-01,2.212941e-07,resolved_min,5,0,4.518873e+06,0,0,1.443e-16,1.017703995352e+02,2.212941e-07,9.909397e-01,6.290931e-02,4.168057e-02,1e-15,160
20260906-170036,8c0abbabe66776dd,A,free,isothermal,3.5481338923e+01,1.141882687015e+02,3.107266563092e-01,2.102075e-07,resolved_min,5,0,4.757205e+06,0,0,2.317e-16,1.141882687028e+02,2.102075e-07,9.909394e-01,5.606793e-02,3.714002e-02,1e-15,160
20260906-170036,8c0abbabe66776dd,A,free,isothermal,3.9810717055e+01,1.281213471407e+02,3.107266505061e-01,1.982810e-07,resolved_min,5,0,5.043348e+06,0,0,6.237e-17,1.281213471407e+02,1.982810e-07,9.909392e-01,4.997056e-02,3.309335e-02,1e-15,160
20260906-170036,8c0abbabe66776dd,A,free,isothermal,4.4668359215e+01,1.437545183081e+02,3.107266452618e-01,1.857619e-07,resolved_min,5,0,5.383235e+06,0,0,5.953e-17,1.437545183081e+02,1.857619e-07,9.909389e-01,4.453628e-02,2.948687e-02,1e-15,160
20260906-170036,8c0abbabe66776dd,A,free,isothermal,5.0118723363e+01,1.612952248563e+02,3.107266405895e-01,1.729084e-07,resolved_min,5,0,5.783408e+06,0,0,5.208e-17,1.612952248551e+02,1.729084e-07,9.909387e-01,3.969297e-02,2.627270e-02,1e-15,160
20260906-170036,8c0abbabe66776dd,A,free,isothermal,5.6234132519e+01,1.809762212698e+02,3.107266364856e-01,1.599729e-07,resolved_min,5,0,6.251058e+06,0,0,5.997e-17,1.809762212698e+02,1.599729e-07,9.909385e-01,3.537638e-02,2.340820e-02,1e-15,160
20260906-170036,8c0abbabe66776dd,A,free,isothermal,6.3095734448e+01,2.030586623789e+02,3.107266329289e-01,1.471872e-07,resolved_min,5,0,6.794069e+06,0,0,3.171e-17,2.030586623789e+02,1.471872e-07,9.909384e-01,3.152922e-02,2.085534e-02,1e-15,160
20260906-170036,8c0abbabe66776dd,A,free,isothermal,7.0794578438e+01,2.278355687266e+02,3.107266298852e-01,1.347510e-07,resolved_min,5,0,7.421094e+06,0,0,1.194e-16,2.278355687266e+02,1.347510e-07,9.909382e-01,2.810043e-02,1.858026e-02,1e-15,160
20260906-170036,8c0abbabe66776dd,A,free,isothermal,7.9432823472e+01,2.556357147761e+02,3.107266273103e-01,1.228253e-07,resolved_min,5,0,8.141648e+06,0,0,4.861e-17,2.556357147761e+02,1.228253e-07,9.909381e-01,2.504453e-02,1.655276e-02,1e-15,160
20260906-170036,8c0abbabe66776dd,A,free,isothermal,8.9125093813e+01,2.868279915479e+02,3.107266251539e-01,1.115297e-07,resolved_min,5,0,8.966222e+06,0,0,6.092e-17,2.868279915479e+02,1.115297e-07,9.909380e-01,2.232095e-02,1.474594e-02,1e-15,160
20260906-170036,8c0abbabe66776dd,A,free,isothermal,1.0000000000e+02,3.218263015808e+02,3.107266233642e-01,1.009447e-07,resolved_min,5,0,9.906417e+06,0,0,4.664e-17,3.218263015808e+02,1.009447e-07,9.909379e-01,1.989357e-02,1.313581e-02,1e-15,160
20260906-170036,8c0abbabe66776dd,A,free,isothermal,1.1220184543e+02,3.610950511664e+02,3.107266218901e-01,9.111553e-08,resolved_min,5,0,1.097508e+07,0,0,2.019e-16,3.610950511694e+02,9.111553e-08,9.909378e-01,1.773016e-02,1.170100e-02,1e-15,160
20260906-170036,8c0abbabe66776dd,A,free,isothermal,1.2589254118e+02,4.051553127388e+02,3.107266206838e-01,8.205846e-08,resolved_min,5,0,1.218643e+07,0,0,4.356e-17,4.051553127388e+02,8.205846e-08,9.909378e-01,1.580202e-02,1.042245e-02,1e-15,160
20260906-170036,8c0abbabe66776dd,A,free,isothermal,1.4125375446e+02,4.545917391880e+02,3.107266197019e-01,7.376689e-08,resolved_min,5,0,1.355622e+07,0,0,1.631e-17,4.545917391880e+02,7.376689e-08,9.909377e-01,1.408356e-02,9.283147e-03,1e-15,160
20260906-170036,8c0abbabe66776dd,A,free,isothermal,1.5848931925e+02,5.100603218688e+02,3.107266188937e-01,6.621755e-08,resolved_min,5,0,1.510174e+07,0,0,9.853e-17,5.100603218487e+02,6.621756e-08,9.909377e-01,1.255198e-02,8.267946e-03,1e-15,160
20260906-170036,8c0abbabe66776dd,A,free,isothermal,1.7782794100e+02,5.722970951058e+02,3.107266182629e-01,5.937578e-08,resolved_min,5,0,1.684188e+07,0,0,1.101e-16,5.722970951058e+02,5.937578e-08,9.909377e-01,1.118697e-02,7.363324e-03,1e-15,160
20260906-170036,8c0abbabe66776dd,A,free,isothermal,1.9952623150e+02,6.421279031212e+02,3.107266177455e-01,5.319986e-08,resolved_min,5,0,1.879704e+07,0,0,8.503e-17,6.421279031212e+02,5.319986e-08,9.909377e-01,9.970394e-03,6.557223e-03,1e-15,160
20260906-170036,8c0abbabe66776dd,A,free,isothermal,2.2387211386e+02,7.204793582780e+02,3.107266173342e-01,4.764452e-08,resolved_min,5,0,2.098877e+07,0,0,8.205e-17,7.204793582780e+02,4.764452e-08,9.909376e-01,8.886123e-03,5.838889e-03,1e-15,160
20260906-170036,8c0abbabe66776dd,A,free,isothermal,2.5118864315e+02,8.083911367856e+02,3.107266170059e-01,4.266338e-08,resolved_min,5,0,2.343931e+07,0,0,1.132e-16,8.083911367856e+02,4.266338e-08,9.909376e-01,7.919765e-03,5.198736e-03,1e-15,160
20260906-170036,8c0abbabe66776dd,A,free,isothermal,2.8183829313e+02,9.070297745298e+02,3.107266167448e-01,3.821073e-08,resolved_min,5,0,2.617066e+07,0,0,4.652e-17,9.070297745298e+02,3.821073e-08,9.909376e-01,7.058498e-03,4.628216e-03,1e-15,160
20260906-170036,8c0abbabe66776dd,A,free,isothermal,3.1622776602e+02,1.017704146302e+03,3.107266165378e-01,3.424256e-08,resolved_min,5,0,2.920343e+07,0,0,6.142e-17,1.017704146302e+03,3.424256e-08,9.909376e-01,6.290892e-03,4.119709e-03,1e-15,160
20260906-170036,8c0abbabe66776dd,A,free,isothermal,3.5481338923e+02,1.141882833772e+03,3.107266163739e-01,3.071695e-08,resolved_min,5,0,3.255532e+07,0,0,8.868e-17,1.141882833772e+03,3.071695e-08,9.909376e-01,5.606764e-03,3.666425e-03,1e-15,160
20260906-170036,8c0abbabe66776dd,A,free,isothermal,3.9810717055e+02,1.281213612680e+03,3.107266162437e-01,2.759404e-08,resolved_min,5,0,3.623972e+07,0,0,9.670e-17,1.281213612680e+03,2.759404e-08,9.909376e-01,4.997033e-03,3.262310e-03,1e-15,160
20260906-170036,8c0abbabe66776dd,A,free,isothermal,4.4668359215e+02,1.437545317828e+03,3.107266161361e-01,2.483545e-08,resolved_min,5,0,4.026503e+07,0,0,4.373e-17,1.437545317828e+03,2.483545e-08,9.909376e-01,4.453611e-03,2.901974e-03,1e-15,160
20260906-170036,8c0abbabe66776dd,A,free,isothermal,5.0118723363e+02,1.612952375852e+03,3.107266160679e-01,2.240421e-08,resolved_min,5,0,4.463447e+07,0,0,1.127e-16,1.612952376104e+03,2.240352e-08,9.909376e-01,3.969285e-03,2.580613e-03,1e-15,160
20260906-170036,8c0abbabe66776dd,A,free,isothermal,5.6234132519e+02,1.809762332291e+03,3.107266159520e-01,2.026174e-08,resolved_min,5,0,4.935410e+07,0,0,6.407e-17,1.809762332291e+03,2.026174e-08,9.909376e-01,3.537628e-03,2.293956e-03,1e-15,160
20260906-170036,8c0abbabe66776dd,A,free,isothermal,6.3095734448e+02,2.030586735914e+03,3.107266157712e-01,1.837698e-08,resolved_min,5,0,5.441591e+07,0,0,1.143e-16,2.030586735914e+03,1.837698e-08,9.909376e-01,3.152915e-03,2.038208e-03,1e-15,160
20260906-170036,8c0abbabe66776dd,A,free,isothermal,7.0794578438e+02,2.278355790146e+03,3.107266158543e-01,1.670003e-08,resolved_min,5,0,5.988012e+07,0,0,1.598e-16,2.278355790146e+03,1.670003e-08,9.909376e-01,2.810038e-03,1.809999e-03,1e-15,160
20260906-170036,8c0abbabe66776dd,A,free,isothermal,7.9432823472e+02,2.556357246170e+03,3.107266153487e-01,1.529196e-08,resolved_min,5,0,6.539382e+07,0,0,1.467e-16,2.556357246170e+03,1.529196e-08,9.909376e-01,2.504449e-03,1.606343e-03,1e-15,160
20260906-170036,8c0abbabe66776dd,A,free,isothermal,8.9125093813e+02,2.868280003873e+03,3.107266155781e-01,1.388544e-08,resolved_min,5,0,7.201787e+07,0,0,3.419e-17,2.868280003873e+03,1.388544e-08,9.909376e-01,2.232093e-03,1.424594e-03,1e-15,160
20260906-170036,8c0abbabe66776dd,A,free,isothermal,1.0000000000e+03,3.218263094240e+03,3.107266157916e-01,1.264601e-08,resolved_min,5,0,7.907635e+07,0,0,7.243e-17,3.218263094240e+03,1.264601e-08,9.909376e-01,1.989355e-03,1.262403e-03,1e-15,160
20260906-170036,8c0abbabe66776dd,B,free,isothermal,1.0000000000e-03,2.144536483537e-03,4.663012299753e-01,1.958188e-10,resolved_min,5,0,5.106761e+09,0,0,4.712e-17,2.144536483537e-03,1.958188e-10,1.257335e-17,1.292032e+03,9.514925e+02,1e-15,160
20260906-170036,8c0abbabe66776dd,B,free,isothermal,1.1220184543e-03,2.406209563931e-03,4.663012196115e-01,2.197294e-10,resolved_min,5,0,4.551052e+09,0,0,4.230e-17,2.406209563931e-03,2.197294e-10,1.555594e-17,1.151525e+03,8.480184e+02,1e-15,160
20260906-170036,8c0abbabe66776dd,B,free,isothermal,1.2589254118e-03,2.699811593538e-03,4.663012096130e-01,2.464208e-10,resolved_min,5,0,4.058100e+09,0,0,4.241e-17,2.699811593538e-03,2.464208e-10,1.935746e-17,1.026297e+03,7.557970e+02,1e-15,160
20260906-170036,8c0abbabe66776dd,B,free,isothermal,1.4125375446e-03,3.029238502181e-03,4.663011986695e-01,2.764545e-10,resolved_min,5,0,3.617232e+09,0,0,3.799e-17,3.029238501567e-03,2.764454e-10,2.421106e-17,9.146881e+02,6.736047e+02,1e-15,160
20260906-170036,8c0abbabe66776dd,B,free,isothermal,1.5848931925e-03,3.398861587497e-03,4.663011869301e-01,3.101078e-10,resolved_min,5,0,3.224685e+09,0,0,3.725e-17,3.398861586841e-03,3.101139e-10,3.041552e-17,8.152165e+02,6.003506e+02,1e-15,160
20260906-170036,8c0abbabe66776dd,B,free,isothermal,1.7782794100e-03,3.813585527890e-03,4.663011743236e-01,3.478559e-10,resolved_min,5,0,2.874754e+09,0,0,2.846e-17,3.813585527890e-03,3.478559e-10,3.835347e-17,7.265623e+02,5.350629e+02,1e-15,160
20260906-170036,8c0abbabe66776dd,B,free,isothermal,1.9952623150e-03,4.278913459065e-03,4.663011612777e-01,3.902337e-10,resolved_min,5,0,2.562567e+09,0,0,4.602e-17,4.278913459065e-03,3.902337e-10,4.851409e-17,6.475492e+02,4.768752e+02,1e-15,160
20260906-170036,8c0abbabe66776dd,B,free,isothermal,2.2387211386e-03,4.801020008664e-03,4.663011473663e-01,4.377148e-10,resolved_min,5,0,2.284593e+09,0,0,1.211e-16,4.801020006564e-03,4.377131e-10,6.152404e-17,5.771287e+02,4.250153e+02,1e-15,160
20260906-170036,8c0abbabe66776dd,B,free,isothermal,2.5118864315e-03,5.386833217077e-03,4.663011328337e-01,4.909851e-10,resolved_min,5,0,2.036722e+09,0,0,2.502e-17,5.386833233603e-03,4.909934e-10,7.818290e-17,5.143664e+02,3.787952e+02,1e-15,160
20260906-170036,8c0abbabe66776dd,B,free,isothermal,2.8183829313e-03,6.044126481776e-03,4.663011172520e-01,5.507334e-10,resolved_min,5,0,1.815761e+09,0,0,4.431e-17,6.044126481776e-03,5.507334e-10,9.951322e-17,4.584294e+02,3.376015e+02,1e-15,160
20260906-170036,8c0abbabe66776dd,B,free,isothermal,3.1622776602e-03,6.781621693606e-03,4.663011006866e-01,6.177110e-10,resolved_min,5,0,1.618880e+09,0,0,5.249e-17,6.781621685109e-03,6.177175e-10,1.268187e-16,4.085755e+02,3.008875e+02,1e-15,160
20260906-170036,8c0abbabe66776dd,B,free,isothermal,3.5481338923e-03,7.609104966974e-03,4.663010837327e-01,6.928362e-10,resolved_min,5,0,1.443343e+09,0,0,8.033e-17,7.609104957317e-03,6.928546e-10,1.617591e-16,3.641432e+02,2.681662e+02,1e-15,160
20260906-170036,8c0abbabe66776dd,B,free,isothermal,3.9810717055e-03,8.537556543019e-03,4.663010646518e-01,7.771088e-10,resolved_min,5,0,1.286821e+09,0,0,2.992e-17,8.537556543019e-03,7.771088e-10,2.064599e-16,3.245429e+02,2.390032e+02,1e-15,160
20260906-170036,8c0abbabe66776dd,B,free,isothermal,4.4668359215e-03,9.579296400659e-03,4.663010449497e-01,8.715588e-10,resolved_min,5,0,1.147370e+09,0,0,3.849e-17,9.579296400659e-03,8.715588e-10,2.636118e-16,2.892491e+02,2.130118e+02,1e-15,160
20260906-170036,8c0abbabe66776dd,B,free,isothermal,5.0118723363e-03,1.074814780864e-02,4.663010246515e-01,9.774940e-10,resolved_min,5,0,1.023024e+09,0,0,4.322e-17,1.074814781857e-02,9.774892e-10,3.366450e-16,2.577934e+02,1.898468e+02,1e-15,160
20260906-170036,8c0abbabe66776dd,B,free,isothermal,5.6234132519e-03,1.205962077631e-02,4.663010020142e-01,1.096265e-09,resolved_min,5,0,9.121883e+08,0,0,1.547e-17,1.205962077631e-02,1.096265e-09,4.299395e-16,2.297585e+02,1.692011e+02,1e-15,160
20260906-170036,8c0abbabe66776dd,B,free,isothermal,6.3095734448e-03,1.353111773803e-02,4.663009787482e-01,1.229441e-09,resolved_min,5,0,8.133777e+08,0,0,2.741e-17,1.353111773157e-02,1.229443e-09,5.490301e-16,2.047724e+02,1.508005e+02,1e-15,160
20260906-170036,8c0abbabe66776dd,B,free,isothermal,7.0794578438e-03,1.518216463426e-02,4.663009534139e-01,1.378778e-09,resolved_min,5,0,7.252798e+08,0,0,4.753e-17,1.518216463426e-02,1.378778e-09,7.009837e-16,1.825035e+02,1.344010e+02,1e-15,160
20260906-170036,8c0abbabe66776dd,B,free,isothermal,7.9432823472e-03,1.703466983549e-02,4.663009276937e-01,1.546176e-09,resolved_min,5,0,6.467571e+08,0,0,3.795e-17,1.703466983549e-02,1.546176e-09,8.947292e-16,1.626564e+02,1.197850e+02,1e-15,160
20260906-170036,8c0abbabe66776dd,B,free,isothermal,8.9125093813e-03,1.911321506342e-02,4.663008997578e-01,1.733863e-09,resolved_min,5,0,5.767467e+08,0,0,4.358e-17,1.911321506141e-02,1.733863e-09,1.141659e-15,1.449676e+02,1.067584e+02,1e-15,160
20260906-170036,8c0abbabe66776dd,B,free,isothermal,1.0000000000e-02,2.144538136398e-02,4.663008705826e-01,1.944220e-09,resolved_min,5,0,5.143451e+08,0,0,4.094e-17,2.144538136346e-02,1.944218e-09,1.456172e-15,1.292024e+02,9.514842e+01,1e-15,160
20260906-170036,8c0abbabe66776dd,B,free,isothermal,1.1220184543e-02,2.406211525865e-02,4.663008394071e-01,2.180071e-09,resolved_min,5,0,4.587006e+08,0,0,3.831e-17,2.406211525865e-02,2.180071e-09,1.856569e-15,1.151517e+02,8.480104e+01,1e-15,160
20260906-170036,8c0abbabe66776dd,B,free,isothermal,1.2589254118e-02,2.699813928457e-02,4.663008063351e-01,2.444415e-09,resolved_min,5,0,4.090958e+08,0,0,2.882e-17,2.699813927826e-02,2.444420e-09,2.366027e-15,1.026290e+02,7.557894e+01,1e-15,160
20260906-170036,8c0abbabe66776dd,B,free,isothermal,1.4125375446e-02,3.029241281166e-02,4.663007708910e-01,2.740708e-09,resolved_min,5,0,3.648693e+08,0,0,5.257e-17,3.029241277162e-02,2.740719e-09,3.013936e-15,9.146817e+01,6.735972e+01,1e-15,160
20260906-170036,8c0abbabe66776dd,B,free,isothermal,1.5848931925e-02,3.398864885282e-02,4.663007344964e-01,3.072769e-09,resolved_min,5,0,3.254393e+08,0,0,2.754e-17,3.398864885282e-02,3.072769e-09,3.837429e-15,8.152104e+01,6.003435e+01,1e-15,160
20260906-170036,8c0abbabe66776dd,B,free,isothermal,1.7782794100e-02,3.813589445872e-02,4.663006952581e-01,3.444914e-09,resolved_min,5,0,2.902830e+08,0,0,5.651e-17,3.813589445872e-02,3.444914e-09,4.883704e-15,7.265566e+01,5.350560e+01,1e-15,160
20260906-170036,8c0abbabe66776dd,B,free,isothermal,1.9952623150e-02,4.278918115934e-02,4.663006537888e-01,3.861935e-09,resolved_min,5,0,2.589376e+08,0,0,2.651e-17,4.278918119232e-02,3.861937e-09,6.212361e-15,6.475438e+01,4.768685e+01,1e-15,160
20260906-170036,8c0abbabe66776dd,B,free,isothermal,2.2387211386e-02,4.801025544840e-02,4.663006096634e-01,4.329216e-09,resolved_min,5,0,2.309887e+08,0,0,2.801e-17,4.801025544840e-02,4.329216e-09,7.898898e-15,5.771236e+01,4.250089e+01,1e-15,160
20260906-170036,8c0abbabe66776dd,B,free,isothermal,2.5118864315e-02,5.386839798401e-02,4.663005631345e-01,4.852770e-09,resolved_min,5,0,2.060679e+08,0,0,3.672e-17,5.386839801988e-02,4.852764e-09,1.003875e-14,5.143616e+01,3.787889e+01,1e-15,160
20260906-170036,8c0abbabe66776dd,B,free,isothermal,2.8183829313e-02,6.044134303498e-02,4.663005138111e-01,5.439319e-09,resolved_min,5,0,1.838465e+08,0,0,1.891e-17,6.044134303498e-02,5.439319e-09,1.275271e-14,4.584249e+01,3.375954e+01,1e-15,160
20260906-170036,8c0abbabe66776dd,B,free,isothermal,3.1622776602e-02,6.781630989307e-02,4.663004615195e-01,6.096387e-09,resolved_min,5,0,1.640316e+08,0,0,2.170e-17,6.781630989487e-02,6.096389e-09,1.619347e-14,4.085712e+01,3.008816e+01,1e-15,160
20260906-170036,8c0abbabe66776dd,B,free,isothermal,3.5481338923e-02,7.609116023710e-02,4.663004061549e-01,6.832392e-09,resolved_min,5,0,1.463616e+08,0,0,3.807e-17,7.609116028256e-02,6.832395e-09,2.055402e-14,3.641392e+01,2.681604e+01,1e-15,160
20260906-170036,8c0abbabe66776dd,B,free,isothermal,3.9810717055e-02,8.537569674148e-02,4.663003474619e-01,7.656709e-09,resolved_min,5,0,1.306044e+08,0,0,7.104e-17,8.537569673690e-02,7.656708e-09,2.607835e-14,3.245391e+01,2.389976e+01,1e-15,160
20260906-170036,8c0abbabe66776dd,B,free,isothermal,4.4668359215e-02,9.579312003830e-02,4.663002854196e-01,8.579864e-09,resolved_min,5,0,1.165520e+08,0,0,3.570e-17,9.579312003830e-02,8.579864e-09,3.307463e-14,2.892454e+01,2.130063e+01,1e-15,160
20260906-170036,8c0abbabe66776dd,B,free,isothermal,5.0118723363e-02,1.074816637055e-01,4.663002193570e-01,9.613568e-09,resolved_min,5,0,1.040197e+08,0,0,4.765e-17,1.074816636963e-01,9.613567e-09,4.193240e-14,2.577900e+01,1.898415e+01,1e-15,160
20260906-170036,8c0abbabe66776dd,B,free,isothermal,5.6234132519e-02,1.205964282088e-01,4.663001496337e-01,1.077092e-08,resolved_min,5,0,9.284258e+07,0,0,1.413e-16,1.205964281885e-01,1.077092e-08,5.314333e-14,2.297553e+01,1.691959e+01,1e-15,160
20260906-170036,8c0abbabe66776dd,B,free,isothermal,6.3095734448e-02,1.353114395107e-01,4.663000754125e-01,1.206654e-08,resolved_min,5,0,8.287377e+07,0,0,8.931e-17,1.353114393399e-01,1.206654e-08,6.732874e-14,2.047694e+01,1.507955e+01,1e-15,160
20260906-170036,8c0abbabe66776dd,B,free,isothermal,7.0794578438e-02,1.518219574809e-01,4.662999977941e-01,1.351676e-08,resolved_min,5,0,7.398224e+07,0,0,5.203e-17,1.518219574809e-01,1.351676e-08,8.527212e-14,1.825007e+01,1.343961e+01,1e-15,160
20260906-170036,8c0abbabe66776dd,B,free,isothermal,7.9432823472e-02,1.703470683307e-01,4.662999149372e-01,1.513977e-08,resolved_min,5,0,6.605119e+07,0,0,4.854e-17,1.703470683307e-01,1.513977e-08,1.079642e-13,1.626537e+01,1.197801e+01,1e-15,160
20260906-170036,8c0abbabe66776dd,B,free,isothermal,8.9125093813e-02,1.911325902601e-01,4.662998272146e-01,1.695590e-08,resolved_min,5,0,5.897651e+07,0,0,2.932e-17,1.911325902786e-01,1.695590e-08,1.366542e-13,1.449650e+01,1.067537e+01,1e-15,160
20260906-170036,8c0abbabe66776dd,B,free,isothermal,1.0000000000e-01,2.144543362080e-01,4.662997343313e-01,1.898778e-08,resolved_min,5,0,5.266546e+07,0,0,5.293e-17,2.144543362224e-01,1.898778e-08,1.729190e-13,1.292000e+01,9.514382e+00,1e-15,160
20260906-170036,8c0abbabe66776dd,B,free,isothermal,1.1220184543e-01,2.406217736296e-01,4.662996358879e-01,2.126062e-08,resolved_min,5,0,4.703531e+07,0,0,8.468e-17,2.406217736248e-01,2.126062e-08,2.187483e-13,1.151495e+01,8.479654e+00,1e-15,160
20260906-170036,8c0abbabe66776dd,B,free,isothermal,1.2589254118e-01,2.699821306645e-01,4.662995320082e-01,2.380256e-08,resolved_min,5,0,4.201228e+07,0,0,1.153e-16,2.699821310238e-01,2.380256e-08,2.766520e-13,1.026269e+01,7.557452e+00,1e-15,160
20260906-170036,8c0abbabe66776dd,B,free,isothermal,1.4125375446e-01,3.029250048718e-01,4.662994212778e-01,2.664486e-08,resolved_min,5,0,3.753069e+07,0,0,6.659e-17,3.029250050592e-01,2.664486e-08,3.497985e-13,9.146614e+00,6.735539e+00,1e-15,160
20260906-170036,8c0abbabe66776dd,B,free,isothermal,1.5848931925e-01,3.398875313515e-01,4.662993038194e-01,2.982236e-08,resolved_min,5,0,3.353188e+07,0,0,3.551e-17,3.398875313515e-01,2.982236e-08,4.421820e-13,8.151912e+00,6.003010e+00,1e-15,160
20260906-170036,8c0abbabe66776dd,B,free,isothermal,1.7782794100e-01,3.813601833960e-01,4.662991805288e-01,3.337378e-08,resolved_min,5,0,2.996364e+07,0,0,6.276e-17,3.813601833960e-01,3.337378e-08,5.588377e-13,7.265385e+00,5.350143e+00,1e-15,160
20260906-170036,8c0abbabe66776dd,B,free,isothermal,1.9952623150e-01,4.278932838544e-01,4.662990493788e-01,3.734219e-08,resolved_min,5,0,2.677936e+07,0,0,4.130e-17,4.278932838544e-01,3.734219e-08,7.061225e-13,6.475267e+00,4.768276e+00,1e-15,160
20260906-170036,8c0abbabe66776dd,B,free,isothermal,2.2387211386e-01,4.801043043171e-01,4.662989101405e-01,4.177541e-08,resolved_min,5,0,2.393753e+07,0,0,6.498e-17,4.801043043171e-01,4.177541e-08,8.920480e-13,5.771075e+00,4.249686e+00,1e-15,160
20260906-170036,8c0abbabe66776dd,B,free,isothermal,2.5118864315e-01,5.386860593166e-01,4.662987630859e-01,4.672652e-08,resolved_min,5,0,2.140112e+07,0,0,2.697e-17,5.386860593166e-01,4.672652e-08,1.126713e-12,5.143463e+00,3.787493e+00,1e-15,160
20260906-170036,8c0abbabe66776dd,B,free,isothermal,2.8183829313e-01,6.044159013150e-01,4.662986074875e-01,5.225445e-08,resolved_min,5,0,1.913713e+07,0,0,2.774e-17,6.044159013150e-01,5.225445e-08,1.422853e-12,4.584105e+00,3.375564e+00,1e-15,160
20260906-170036,8c0abbabe66776dd,B,free,isothermal,3.1622776602e-01,6.781660346166e-01,4.662984429700e-01,5.842449e-08,resolved_min,5,0,1.711611e+07,0,0,1.868e-17,6.781660349750e-01,5.842449e-08,1.796521e-12,4.085576e+00,3.008433e+00,1e-15,160
20260906-170036,8c0abbabe66776dd,B,free,isothermal,3.5481338923e-01,7.609150912965e-01,4.662982680880e-01,6.530897e-08,resolved_min,5,0,1.531183e+07,0,0,5.127e-17,7.609150913076e-01,6.530897e-08,2.267960e-12,3.641263e+00,2.681227e+00,1e-15,160
20260906-170036,8c0abbabe66776dd,B,free,isothermal,3.9810717055e-01,8.537611131107e-01,4.662980831992e-01,7.298792e-08,resolved_min,5,0,1.370090e+07,0,0,3.616e-17,8.537611131833e-01,7.298792e-08,2.862670e-12,3.245270e+00,2.389605e+00,1e-15,160
20260906-170036,8c0abbabe66776dd,B,free,isothermal,4.4668359215e-01,9.579361268023e-01,4.662978873571e-01,8.154984e-08,resolved_min,5,0,1.226244e+07,0,0,3.043e-17,9.579361275969e-01,8.154984e-08,3.612803e-12,2.892340e+00,2.129697e+00,1e-15,160
20260906-170036,8c0abbabe66776dd,B,free,isothermal,5.0118723363e-01,1.074822490148e+00,4.662976800552e-01,9.109246e-08,resolved_min,5,0,1.097786e+07,0,0,4.802e-17,1.074822490148e+00,9.109246e-08,4.558872e-12,2.577792e+00,1.898055e+00,1e-15,160
20260906-170036,8c0abbabe66776dd,B,free,isothermal,5.6234132519e-01,1.205971236660e+00,4.662974605826e-01,1.017236e-07,resolved_min,5,0,9.830562e+06,0,0,4.362e-17,1.205971236651e+00,1.017236e-07,5.751932e-12,2.297451e+00,1.691604e+00,1e-15,160
20260906-170036,8c0abbabe66776dd,B,free,isothermal,6.3095734448e-01,1.353122657069e+00,4.662972282549e-01,1.135620e-07,resolved_min,5,0,8.805761e+06,0,0,2.564e-17,1.353122657069e+00,1.135620e-07,7.256320e-12,2.047598e+00,1.507604e+00,1e-15,160
20260906-170036,8c0abbabe66776dd,B,free,isothermal,7.0794578438e-01,1.518229392895e+00,4.662969823251e-01,1.267385e-07,resolved_min,5,0,7.890263e+06,0,0,2.216e-17,1.518229392895e+00,1.267385e-07,9.153100e-12,1.824916e+00,1.343615e+00,1e-15,160
20260906-170036,8c0abbabe66776dd,B,free,isothermal,7.9432823472e-01,1.703482347616e+00,4.662967220269e-01,1.413966e-07,resolved_min,5,0,7.072305e+06,0,0,3.325e-17,1.703482347616e+00,1.413966e-07,1.154441e-11,1.626451e+00,1.197460e+00,1e-15,160
20260906-170036,8c0abbabe66776dd,B,free,isothermal,8.9125093813e-01,1.911339760045e+00,4.662964464846e-01,1.576940e-07,resolved_min,5,0,6.341395e+06,0,0,4.901e-17,1.911339759769e+00,1.576940e-07,1.455894e-11,1.449570e+00,1.067200e+00,1e-15,160
20260906-170036,8c0abbabe66776dd,B,free,isothermal,1.0000000000e+00,2.144559823676e+00,4.662961550245e-01,1.758032e-07,resolved_min,5,0,5.688178e+06,0,0,2.795e-17,2.144559823676e+00,1.758032e-07,1.835880e-11,1.291924e+00,9.511061e-01,1e-15,160
20260906-170036,8c0abbabe66776dd,B,free,isothermal,1.1220184543e+00,2.406237290237e+00,4.662958465710e-01,1.959129e-07,resolved_min,5,0,5.104308e+06,0,0,2.968e-17,2.406237290208e+00,1.959129e-07,2.314823e-11,1.151423e+00,8.476376e-01,1e-15,160
20260906-170036,8c0abbabe66776dd,B,free,isothermal,1.2589254118e+00,2.699844534475e+00,4.662955202489e-01,2.182290e-07,resolved_min,5,0,4.582342e+06,0,0,3.967e-17,2.699844534440e+00,2.182290e-07,2.918451e-11,1.026201e+00,7.554218e-01,1e-15,160
20260906-170036,8c0abbabe66776dd,B,free,isothermal,1.4125375446e+00,3.029277633791e+00,4.662951750827e-01,2.429755e-07,resolved_min,5,0,4.115642e+06,0,0,5.137e-17,3.029277633791e+00,2.429755e-07,3.679174e-11,9.145974e-01,6.732347e-01,1e-15,160
20260906-170036,8c0abbabe66776dd,B,free,isothermal,1.5848931925e+00,3.398908069189e+00,4.662948100386e-01,2.703956e-07,resolved_min,5,0,3.698285e+06,0,0,1.546e-17,3.398908069190e+00,2.703956e-07,4.637813e-11,8.151309e-01,5.999860e-01,1e-15,160
20260906-170036,8c0abbabe66776dd,B,free,isothermal,1.7782794100e+00,3.813640737093e+00,4.662944237884e-01,3.007528e-07,resolved_min,5,0,3.324990e+06,0,0,4.313e-17,3.813640734897e+00,3.007528e-07,5.845791e-11,7.264816e-01,5.347034e-01,1e-15,160
20260906-170036,8c0abbabe66776dd,B,free,isothermal,1.9952623150e+00,4.278979026930e+00,4.662940160284e-01,3.343315e-07,resolved_min,5,0,2.991043e+06,0,0,2.249e-17,4.278979026894e+00,3.343315e-07,7.367862e-11,6.474731e-01,4.765208e-01,1e-15,160
20260906-170036,8c0abbabe66776dd,B,free,isothermal,2.2387211386e+00,4.801097873684e+00,4.662935848151e-01,3.714376e-07,resolved_min,5,0,2.692242e+06,0,0,4.759e-17,4.801097873684e+00,3.714376e-07,9.285602e-11,5.770569e-01,4.246660e-01,1e-15,160
20260906-170036,8c0abbabe66776dd,B,free,isothermal,2.5118864315e+00,5.386925678455e+00,4.662931292250e-01,4.123991e-07,resolved_min,5,0,2.424836e+06,0,0,1.816e-17,5.386925678453e+00,4.123991e-07,1.170174e-10,5.142986e-01,3.784508e-01,1e-15,160
20260906-170036,8c0abbabe66776dd,B,free,isothermal,2.8183829313e+00,6.044236260457e+00,4.662926480394e-01,4.575659e-07,resolved_min,5,0,2.185478e+06,0,0,4.647e-17,6.044236260424e+00,4.575659e-07,1.474565e-10,4.583655e-01,3.372620e-01,1e-15,160
20260906-170036,8c0abbabe66776dd,B,free,isothermal,3.1622776602e+00,6.781752015008e+00,4.662921400208e-01,5.073098e-07,resolved_min,5,0,1.971182e+06,0,0,2.950e-17,6.781752014931e+00,5.073098e-07,1.858026e-10,4.085153e-01,3.005530e-01,1e-15,160
20260906-170036,8c0abbabe66776dd,B,free,isothermal,3.5481338923e+00,7.609259662136e+00,4.662916038983e-01,5.620236e-07,resolved_min,5,0,1.779285e+06,0,0,3.152e-17,7.609259662070e+00,5.620236e-07,2.341075e-10,3.640864e-01,2.678367e-01,1e-15,160
20260906-170036,8c0abbabe66776dd,B,free,isothermal,3.9810717055e+00,8.537740118786e+00,4.662910383949e-01,6.221193e-07,resolved_min,5,0,1.607409e+06,0,0,2.665e-17,8.537740118861e+00,6.221193e-07,2.949550e-10,3.244893e-01,2.386787e-01,1e-15,160
20260906-170036,8c0abbabe66776dd,B,free,isothermal,4.4668359215e+00,9.579514219248e+00,4.662904422162e-01,6.880267e-07,resolved_min,5,0,1.453432e+06,0,0,3.271e-17,9.579514219248e+00,6.880267e-07,3.715987e-10,2.891986e-01,2.126922e-01,1e-15,160
20260906-170036,8c0abbabe66776dd,B,free,isothermal,5.0118723363e+00,1.074840621573e+01,4.662898141062e-01,7.601897e-07,resolved_min,5,0,1.315461e+06,0,0,2.840e-17,1.074840621573e+01,7.601897e-07,4.681355e-10,2.577458e-01,1.895323e-01,1e-15,160
20260906-170036,8c0abbabe66776dd,B,free,isothermal,5.6234132519e+00,1.205992723201e+01,4.662891528050e-01,8.390624e-07,resolved_min,5,0,1.191807e+06,0,0,3.683e-17,1.205992723201e+01,8.390624e-07,5.897242e-10,2.297137e-01,1.688917e-01,1e-15,160
20260906-170036,8c0abbabe66776dd,B,free,isothermal,6.3095734448e+00,1.353148110005e+01,4.662884571281e-01,9.251040e-07,resolved_min,5,0,1.080960e+06,0,0,7.103e-17,1.353148110005e+01,9.251040e-07,7.428602e-10,2.047302e-01,1.504963e-01,1e-15,160
20260906-170036,8c0abbabe66776dd,B,free,isothermal,7.0794578438e+00,1.518259531572e+01,4.662877259538e-01,1.018772e-06,resolved_min,5,0,9.815739e+05,0,0,3.146e-17,1.518259531585e+01,1.018772e-06,9.357219e-10,1.824638e-01,1.341020e-01,1e-15,160
20260906-170036,8c0abbabe66776dd,B,free,isothermal,7.9432823472e+00,1.703518017546e+01,4.662869582491e-01,1.120514e-06,resolved_min,5,0,8.924475e+05,0,0,1.160e-16,1.703518017546e+01,1.120514e-06,1.178606e-09,1.626190e-01,1.194912e-01,1e-15,160
20260906-170036,8c0abbabe66776dd,B,free,isothermal,8.9125093813e+00,1.911381953163e+01,4.662861531463e-01,1.230758e-06,resolved_min,5,0,8.125074e+05,0,0,2.159e-17,1.911381953163e+01,1.230758e-06,1.484478e-09,1.449324e-01,1.064701e-01,1e-15,160
20260906-170036,8c0abbabe66776dd,B,free,isothermal,1.0000000000e+01,2.144609702838e+01,4.662853099455e-01,1.349901e-06,resolved_min,5,0,7.407952e+05,0,0,7.899e-17,2.144609702838e+01,1.349901e-06,1.869658e-09,1.291693e-01,9.486561e-02,1e-15,160
20260906-170036,8c0abbabe66776dd,B,free,isothermal,1.1220184543e+01,2.406296214327e+01,4.662844281687e-01,1.478294e-06,resolved_min,5,0,6.764554e+05,0,0,7.887e-17,2.406296214330e+01,1.478294e-06,2.354695e-09,1.151206e-01,8.452382e-02,1e-15,160
20260906-170036,8c0abbabe66776dd,B,free,isothermal,1.2589254118e+01,2.699914089132e+01,4.662835076353e-01,1.616231e-06,resolved_min,5,0,6.187236e+05,0,0,3.821e-17,2.699914089132e+01,1.616231e-06,2.965457e-09,1.025998e-01,7.530740e-02,1e-15,160
20260906-170036,8c0abbabe66776dd,B,free,isothermal,1.4125375446e+01,3.029359664167e+01,4.662825485304e-01,1.763927e-06,resolved_min,5,0,5.669169e+05,0,0,6.336e-17,3.029359664167e+01,1.763927e-06,3.734506e-09,9.144074e-02,6.709398e-02,1e-15,160
20260906-170036,8c0abbabe66776dd,B,free,isothermal,1.5848931925e+01,3.399004716296e+01,4.662815514384e-01,1.921508e-06,resolved_min,5,0,5.204247e+05,0,0,1.842e-17,3.399004716296e+01,1.921508e-06,4.702835e-09,8.149531e-02,5.977449e-02,1e-15,160
20260906-170036,8c0abbabe66776dd,B,free,isothermal,1.7782794100e+01,3.813754474693e+01,4.662805174897e-01,2.088987e-06,resolved_min,5,0,4.787009e+05,0,0,2.466e-17,3.813754474727e+01,2.088987e-06,5.922040e-09,7.263153e-02,5.325172e-02,1e-15,160
20260906-170036,8c0abbabe66776dd,B,free,isothermal,1.9952623150e+01,4.279112712057e+01,4.662794483882e-01,2.266255e-06,resolved_min,5,0,4.412565e+05,0,0,4.083e-17,4.279112712094e+01,2.266255e-06,7.457067e-09,6.473178e-02,4.743902e-02,1e-15,160
20260906-170036,8c0abbabe66776dd,B,free,isothermal,2.2387211386e+01,4.801254776546e+01,4.662783465490e-01,2.453066e-06,resolved_min,5,0,4.076530e+05,0,0,4.580e-17,4.801254776546e+01,2.453066e-06,9.389657e-09,5.769122e-02,4.225917e-02,1e-15,160
20260906-170036,8c0abbabe66776dd,B,free,isothermal,2.5118864315e+01,5.387109534119e+01,4.662772151932e-01,2.649033e-06,resolved_min,5,0,3.774962e+05,0,0,3.534e-17,5.387109534070e+01,2.649033e-06,1.182269e-08,5.141639e-02,3.764333e-02,1e-15,160
20260906-170036,8c0abbabe66776dd,B,free,isothermal,2.8183829313e+01,6.044451308021e+01,4.662760584281e-01,2.853633e-06,resolved_min,5,0,3.504305e+05,0,0,4.815e-17,6.044451308021e+01,2.853633e-06,1.488562e-08,4.582404e-02,3.353014e-02,1e-15,160
20260906-170036,8c0abbabe66776dd,B,free,isothermal,3.1622776602e+01,6.782003034696e+01,4.662748813279e-01,3.066226e-06,resolved_min,5,0,3.261338e+05,0,0,4.985e-17,6.782003034696e+01,3.066226e-06,1.874139e-08,4.083993e-02,2.986492e-02,1e-15,160
20260906-170036,8c0abbabe66776dd,B,free,isothermal,3.5481338923e+01,7.609552003788e+01,4.662736900371e-01,3.286098e-06,resolved_min,5,0,3.043123e+05,0,0,2.611e-17,7.609552003788e+01,3.286098e-06,2.359499e-08,3.639791e-02,2.659889e-02,1e-15,160
20260906-170036,8c0abbabe66776dd,B,free,isothermal,3.9810717055e+01,8.538079719172e+01,4.662724917636e-01,3.512524e-06,resolved_min,5,0,2.846956e+05,0,0,3.252e-17,8.538079719169e+01,3.512524e-06,2.970435e-08,3.243903e-02,2.368859e-02,1e-15,160
20260906-170036,8c0abbabe66776dd,B,free,isothermal,4.4668359215e+01,9.579907599934e+01,4.662712948860e-01,3.744873e-06,resolved_min,5,0,2.670318e+05,0,0,8.054e-17,9.579907602508e+01,3.744873e-06,3.739397e-08,2.891075e-02,2.109528e-02,1e-15,160
20260906-170036,8c0abbabe66776dd,B,free,isothermal,5.0118723363e+01,1.074886047231e+02,4.662701082765e-01,3.982747e-06,resolved_min,5,0,2.510830e+05,0,0,5.260e-17,1.074886047231e+02,3.982747e-06,4.707208e-08,2.576623e-02,1.878440e-02,1e-15,160
20260906-170036,8c0abbabe66776dd,B,free,isothermal,5.6234132519e+01,1.206044997054e+02,4.662689423398e-01,4.226167e-06,resolved_min,5,0,2.366211e+05,0,0,6.443e-17,1.206044997043e+02,4.226167e-06,5.925214e-08,2.296374e-02,1.672514e-02,1e-15,160
20260906-170036,8c0abbabe66776dd,B,free,isothermal,6.3095734448e+01,1.353208036934e+02,4.662678075057e-01,4.475805e-06,resolved_min,5,0,2.234235e+05,0,0,5.927e-17,1.353208036934e+02,4.475805e-06,7.457991e-08,2.046607e-02,1.489002e-02,1e-15,160
20260906-170036,8c0abbabe66776dd,B,free,isothermal,7.0794578438e+01,1.518327949248e+02,4.662667144702e-01,4.733257e-06,resolved_min,5,0,2.112710e+05,0,0,4.112e-17,1.518327949235e+02,4.733257e-06,9.386752e-08,1.824008e-02,1.325455e-02,1e-15,160
20260906-170036,8c0abbabe66776dd,B,free,isothermal,7.9432823472e+01,1.703595781776e+02,4.662656735956e-01,5.001345e-06,resolved_min,5,0,1.999462e+05,0,0,1.174e-16,1.703595781776e+02,5.001345e-06,1.181361e-07,1.625621e-02,1.179688e-02,1e-15,160
20260906-170036,8c0abbabe66776dd,B,free,isothermal,8.9125093813e+01,1.911469920615e+02,4.662646942658e-01,5.284434e-06,resolved_min,5,0,1.892350e+05,0,0,5.825e-17,1.911469920300e+02,5.284434e-06,1.486696e-07,1.448813e-02,1.049751e-02,1e-15,160
20260906-170036,8c0abbabe66776dd,B,free,isothermal,1.0000000000e+02,2.144708709456e+02,4.662637847233e-01,5.588724e-06,resolved_min,5,0,1.789317e+05,0,0,8.764e-17,2.144708709456e+02,5.588724e-06,1.870821e-07,1.291236e-02,9.339079e-03,1e-15,160
20260906-170036,8c0abbabe66776dd,B,free,isothermal,1.1220184543e+02,2.406407055106e+02,4.662629507844e-01,5.922505e-06,resolved_min,5,0,1.688475e+05,0,0,1.025e-16,2.406407055128e+02,5.922505e-06,2.354024e-07,1.150800e-02,8.306074e-03,1e-15,160
20260906-170036,8c0abbabe66776dd,B,free,isothermal,1.2589254118e+02,2.700037494239e+02,4.662621961658e-01,6.296332e-06,resolved_min,5,0,1.588226e+05,0,0,1.534e-16,2.700037494239e+02,6.296332e-06,2.961805e-07,1.025639e-02,7.384682e-03,1e-15,160
20260906-170036,8c0abbabe66776dd,B,free,isothermal,1.4125375446e+02,3.029496276499e+02,4.662615219502e-01,6.723097e-06,resolved_min,5,0,1.487410e+05,0,0,3.908e-17,3.029496276499e+02,6.723097e-06,3.726215e-07,9.140916e-03,6.562585e-03,1e-15,160
20260906-170036,8c0abbabe66776dd,B,free,isothermal,1.5848931925e+02,3.399155069548e+02,4.662609266225e-01,7.217979e-06,resolved_min,5,0,1.385429e+05,0,0,1.588e-16,3.399155069547e+02,7.217979e-06,4.687525e-07,8.146771e-03,5.828810e-03,1e-15,160
20260906-170036,8c0abbabe66776dd,B,free,isothermal,1.7782794100e+02,3.813918973046e+02,4.662604063187e-01,7.798236e-06,resolved_min,5,0,1.282341e+05,0,0,7.016e-17,3.813918973088e+02,7.798236e-06,5.896338e-07,7.260756e-03,5.173585e-03,1e-15,160
20260906-170036,8c0abbabe66776dd,B,free,isothermal,1.9952623150e+02,4.279291611415e+02,4.662599551866e-01,8.482800e-06,resolved_min,5,0,1.178856e+05,0,0,8.571e-17,4.279291611416e+02,8.482800e-06,7.416231e-07,6.471109e-03,4.588228e-03,1e-15,160
20260906-170036,8c0abbabe66776dd,B,free,isothermal,2.2387211386e+02,4.801448168296e+02,4.662595658849e-01,9.291578e-06,resolved_min,5,0,1.076244e+05,0,0,1.183e-16,4.801448168376e+02,9.291578e-06,9.327064e-07,5.767347e-03,4.065037e-03,1e-15,160
20260906-170036,8c0abbabe66776dd,B,free,isothermal,2.5118864315e+02,5.387317332379e+02,4.662592300648e-01,1.024435e-05,resolved_min,5,0,9.761482e+04,0,0,6.408e-17,5.387317332380e+02,1.024435e-05,1.172914e-06,5.140126e-03,3.597205e-03,1e-15,160
20260906-170036,8c0abbabe66776dd,B,free,isothermal,2.8183829313e+02,6.044673242614e+02,4.662589387621e-01,1.135908e-05,resolved_min,5,0,8.803526e+04,0,0,6.142e-17,6.044673242707e+02,1.135908e-05,1.474843e-06,4.581122e-03,3.178753e-03,1e-15,160
20260906-170036,8c0abbabe66776dd,B,free,isothermal,3.1622776602e+02,6.782238653448e+02,4.662586826785e-01,1.264966e-05,resolved_min,5,0,7.905354e+04,0,0,1.655e-16,6.782238653448e+02,1.264966e-05,1.854306e-06,4.082915e-03,2.804458e-03,1e-15,160
20260906-170036,8c0abbabe66776dd,B,free,isothermal,3.5481338923e+02,7.609800688864e+02,4.662584524097e-01,1.412293e-05,resolved_min,5,0,7.080684e+04,0,0,1.205e-16,7.609800688714e+02,1.412293e-05,2.331155e-06,3.638890e-03,2.469804e-03,1e-15,160
20260906-170036,8c0abbabe66776dd,B,free,isothermal,3.9810717055e+02,8.538340725567e+02,4.662582383969e-01,1.577586e-05,resolved_min,5,0,6.338797e+04,0,0,8.361e-17,8.538340725374e+02,1.577586e-05,2.930296e-06,3.243155e-03,2.170907e-03,1e-15,160
20260906-170036,8c0abbabe66776dd,B,free,isothermal,4.4668359215e+02,9.580180127170e+02,4.662580308737e-01,1.759352e-05,resolved_min,5,0,5.683912e+04,0,0,2.958e-16,9.580180127170e+02,1.759352e-05,3.682970e-06,2.890458e-03,1.904443e-03,1e-15,160
20260906-170036,8c0abbabe66776dd,B,free,isothermal,5.0118723363e+02,1.074914376693e+03,4.662578196873e-01,1.954930e-05,resolved_min,5,0,5.115272e+04,0,0,1.691e-16,1.074914376693e+03,1.954930e-05,4.628341e-06,2.576118e-03,1.667542e-03,1e-15,160
20260906-170036,8c0abbabe66776dd,B,free,isothermal,5.6234132519e+02,1.206074351282e+03,4.662575939805e-01,2.160844e-05,resolved_min,5,0,4.627822e+04,0,0,9.968e-17,1.206074351282e+03,2.160844e-05,5.815470e-06,2.295963e-03,1.457667e-03,1e-15,160
20260906-170036,8c0abbabe66776dd,B,free,isothermal,6.3095734448e+02,1.353238411008e+03,4.662573419049e-01,2.373421e-05,resolved_min,5,0,4.213328e+04,0,0,3.880e-17,1.353238411008e+03,2.373421e-05,7.305749e-06,2.046275e-03,1.272492e-03,1e-15,160
20260906-170036,8c0abbabe66776dd,B,free,isothermal,7.0794578438e+02,1.518359420142e+03,4.662570502037e-01,2.589515e-05,resolved_min,5,0,3.861727e+04,0,0,1.601e-16,1.518359420205e+03,2.589515e-05,9.175889e-06,1.823740e-03,1.109805e-03,1e-15,160
20260906-170036,8c0abbabe66776dd,B,free,isothermal,7.9432823472e+02,1.703628556716e+03,4.662567034303e-01,2.807056e-05,resolved_min,5,0,3.562451e+04,0,0,1.633e-16,1.703628556716e+03,2.807056e-05,1.152152e-05,1.625406e-03,9.674439e-04,1e-15,160
20260906-170036,8c0abbabe66776dd,B,free,isothermal,8.9125093813e+02,1.911504401619e+03,4.662562834691e-01,3.025247e-05,resolved_min,5,0,3.305515e+04,0,0,4.126e-17,1.911504401713e+03,3.025247e-05,1.446145e-05,1.448640e-03,8.432922e-04,1e-15,160
20260906-170036,8c0abbabe66776dd,B,free,isothermal,1.0000000000e+03,2.144745583914e+03,4.662557682834e-01,3.244419e-05,resolved_min,5,0,3.082216e+04,0,0,2.718e-17,2.144745584025e+03,3.244419e-05,1.814243e-05,1.291098e-03,7.353001e-04,1e-15,160
20260906-170036,8c0abbabe66776dd,C,free,isothermal,1.0000000000e-03,2.144536488115e-03,4.663012289797e-01,1.958333e-10,resolved_min,5,0,5.106385e+09,0,0,6.474e-17,2.144536488115e-03,1.958333e-10,1.257361e-17,1.292032e+03,9.514925e+02,1e-15,160
20260906-170036,8c0abbabe66776dd,C,free,isothermal,1.1220184543e-03,2.406209561371e-03,4.663012201077e-01,2.197304e-10,resolved_min,5,0,4.551031e+09,0,0,8.666e-17,2.406209549506e-03,2.197397e-10,1.555576e-17,1.151525e+03,8.480184e+02,1e-15,160
20260906-170036,8c0abbabe66776dd,C,free,isothermal,1.2589254118e-03,2.699811592876e-03,4.663012097274e-01,2.464164e-10,resolved_min,5,0,4.058172e+09,0,0,9.038e-17,2.699811592876e-03,2.464164e-10,1.935741e-17,1.026297e+03,7.557970e+02,1e-15,160
20260906-170036,8c0abbabe66776dd,C,free,isothermal,1.4125375446e-03,3.029238501911e-03,4.663011987111e-01,2.764663e-10,resolved_min,5,0,3.617078e+09,0,0,4.434e-17,3.029238501911e-03,2.764663e-10,2.421103e-17,9.146881e+02,6.736047e+02,1e-15,160
20260906-170036,8c0abbabe66776dd,C,free,isothermal,1.5848931925e-03,3.398861587279e-03,4.663011869600e-01,3.101009e-10,resolved_min,5,0,3.224756e+09,0,0,4.546e-17,3.398861583151e-03,3.100985e-10,3.041551e-17,8.152165e+02,6.003506e+02,1e-15,160
20260906-170036,8c0abbabe66776dd,C,free,isothermal,1.7782794100e-03,3.813585525245e-03,4.663011746471e-01,3.478501e-10,resolved_min,5,0,2.874802e+09,0,0,5.106e-17,3.813585525245e-03,3.478501e-10,3.835312e-17,7.265623e+02,5.350629e+02,1e-15,160
20260906-170036,8c0abbabe66776dd,C,free,isothermal,1.9952623150e-03,4.278913451596e-03,4.663011620916e-01,3.902399e-10,resolved_min,5,0,2.562527e+09,0,0,6.989e-17,4.278913457112e-03,3.902334e-10,4.851287e-17,6.475492e+02,4.768752e+02,1e-15,160
20260906-170036,8c0abbabe66776dd,C,free,isothermal,2.2387211386e-03,4.801020006192e-03,4.663011476064e-01,4.377111e-10,resolved_min,5,0,2.284612e+09,0,0,7.406e-17,4.801020003953e-03,4.377185e-10,6.152357e-17,5.771287e+02,4.250153e+02,1e-15,160
20260906-170036,8c0abbabe66776dd,C,free,isothermal,2.5118864315e-03,5.386833215146e-03,4.663011330010e-01,4.910006e-10,resolved_min,5,0,2.036657e+09,0,0,5.724e-17,5.386833227202e-03,4.910244e-10,7.818246e-17,5.143664e+02,3.787952e+02,1e-15,160
20260906-170036,8c0abbabe66776dd,C,free,isothermal,2.8183829313e-03,6.044126479347e-03,4.663011174393e-01,5.507235e-10,resolved_min,5,0,1.815793e+09,0,0,2.633e-17,6.044126479347e-03,5.507235e-10,9.951268e-17,4.584294e+02,3.376015e+02,1e-15,160
20260906-170036,8c0abbabe66776dd,C,free,isothermal,3.1622776602e-03,6.781621693717e-03,4.663011006789e-01,6.177199e-10,resolved_min,5,0,1.618857e+09,0,0,7.663e-17,6.781621693717e-03,6.177199e-10,1.268187e-16,4.085755e+02,3.008875e+02,1e-15,160
20260906-170036,8c0abbabe66776dd,C,free,isothermal,3.5481338923e-03,7.609104972236e-03,4.663010834102e-01,6.928777e-10,resolved_min,5,0,1.443256e+09,0,0,3.832e-17,7.609104964278e-03,6.928722e-10,1.617604e-16,3.641432e+02,2.681662e+02,1e-15,160
20260906-170036,8c0abbabe66776dd,C,free,isothermal,3.9810717055e-03,8.537556515840e-03,4.663010661363e-01,7.770909e-10,resolved_min,5,0,1.286851e+09,0,0,4.621e-17,8.537556543527e-03,7.770976e-10,2.064518e-16,3.245429e+02,2.390032e+02,1e-15,160
20260906-170036,8c0abbabe66776dd,C,free,isothermal,4.4668359215e-03,9.579296401547e-03,4.663010449064e-01,8.715805e-10,resolved_min,5,0,1.147341e+09,0,0,1.040e-16,9.579296401547e-03,8.715805e-10,2.636120e-16,2.892491e+02,2.130118e+02,1e-15,160
20260906-170036,8c0abbabe66776dd,C,free,isothermal,5.0118723363e-03,1.074814780837e-02,4.663010246629e-01,9.774793e-10,resolved_min,5,0,1.023040e+09,0,0,9.324e-17,1.074814780813e-02,9.774978e-10,3.366449e-16,2.577934e+02,1.898468e+02,1e-15,160
20260906-170036,8c0abbabe66776dd,C,free,isothermal,5.6234132519e-03,1.205962076217e-02,4.663010025608e-01,1.096280e-09,resolved_min,5,0,9.121759e+08,0,0,5.923e-17,1.205962077442e-02,1.096288e-09,4.299339e-16,2.297585e+02,1.692011e+02,1e-15,160
20260906-170036,8c0abbabe66776dd,C,free,isothermal,6.3095734448e-03,1.353111775546e-02,4.663009781475e-01,1.229441e-09,resolved_min,5,0,8.133779e+08,0,0,1.066e-16,1.353111775546e-02,1.229441e-09,5.490376e-16,2.047724e+02,1.508005e+02,1e-15,160
20260906-170036,8c0abbabe66776dd,C,free,isothermal,7.0794578438e-03,1.518216463435e-02,4.663009534110e-01,1.378779e-09,resolved_min,5,0,7.252795e+08,0,0,6.322e-17,1.518216461636e-02,1.378779e-09,7.009837e-16,1.825035e+02,1.344010e+02,1e-15,160
20260906-170036,8c0abbabe66776dd,C,free,isothermal,7.9432823472e-03,1.703466984561e-02,4.663009274165e-01,1.546161e-09,resolved_min,5,0,6.467632e+08,0,0,7.126e-17,1.703466985075e-02,1.546182e-09,8.947344e-16,1.626564e+02,1.197850e+02,1e-15,160
20260906-170036,8c0abbabe66776dd,C,free,isothermal,8.9125093813e-03,1.911321506926e-02,4.663008996152e-01,1.733871e-09,resolved_min,5,0,5.767441e+08,0,0,4.544e-17,1.911321506306e-02,1.733860e-09,1.141662e-15,1.449676e+02,1.067584e+02,1e-15,160
20260906-170036,8c0abbabe66776dd,C,free,isothermal,1.0000000000e-02,2.144538136374e-02,4.663008705877e-01,1.944219e-09,resolved_min,5,0,5.143454e+08,0,0,6.415e-17,2.144538136676e-02,1.944221e-09,1.456172e-15,1.292024e+02,9.514842e+01,1e-15,160
20260906-170036,8c0abbabe66776dd,C,free,isothermal,1.1220184543e-02,2.406211527242e-02,4.663008391402e-01,2.180081e-09,resolved_min,5,0,4.586984e+08,0,0,1.092e-16,2.406211526024e-02,2.180081e-09,1.856578e-15,1.151517e+02,8.480104e+01,1e-15,160
20260906-170036,8c0abbabe66776dd,C,free,isothermal,1.2589254118e-02,2.699813928445e-02,4.663008063371e-01,2.444416e-09,resolved_min,5,0,4.090957e+08,0,0,2.524e-17,2.699813928242e-02,2.444422e-09,2.366027e-15,1.026290e+02,7.557894e+01,1e-15,160
20260906-170036,8c0abbabe66776dd,C,free,isothermal,1.4125375446e-02,3.029241277875e-02,4.663007713977e-01,2.740709e-09,resolved_min,5,0,3.648690e+08,0,0,3.202e-17,3.029241277875e-02,2.740709e-09,3.013912e-15,9.146817e+01,6.735973e+01,1e-15,160
20260906-170036,8c0abbabe66776dd,C,free,isothermal,1.5848931925e-02,3.398864885745e-02,4.663007344329e-01,3.072775e-09,resolved_min,5,0,3.254388e+08,0,0,8.237e-17,3.398864885327e-02,3.072771e-09,3.837433e-15,8.152104e+01,6.003435e+01,1e-15,160
20260906-170036,8c0abbabe66776dd,C,free,isothermal,1.7782794100e-02,3.813589445924e-02,4.663006952517e-01,3.444906e-09,resolved_min,5,0,2.902837e+08,0,0,3.707e-17,3.813589445924e-02,3.444906e-09,4.883704e-15,7.265566e+01,5.350560e+01,1e-15,160
20260906-170036,8c0abbabe66776dd,C,free,isothermal,1.9952623150e-02,4.278918120983e-02,4.663006532386e-01,3.861935e-09,resolved_min,5,0,2.589376e+08,0,0,3.001e-17,4.278918120983e-02,3.861935e-09,6.212407e-15,6.475438e+01,4.768685e+01,1e-15,160
20260906-170036,8c0abbabe66776dd,C,free,isothermal,2.2387211386e-02,4.801025544837e-02,4.663006096637e-01,4.329214e-09,resolved_min,5,0,2.309888e+08,0,0,3.912e-17,4.801025544837e-02,4.329214e-09,7.898898e-15,5.771236e+01,4.250089e+01,1e-15,160
20260906-170036,8c0abbabe66776dd,C,free,isothermal,2.5118864315e-02,5.386839800615e-02,4.663005629428e-01,4.852762e-09,resolved_min,5,0,2.060682e+08,0,0,6.252e-17,5.386839802069e-02,4.852760e-09,1.003878e-14,5.143616e+01,3.787889e+01,1e-15,160
20260906-170036,8c0abbabe66776dd,C,free,isothermal,2.8183829313e-02,6.044134302946e-02,4.663005138537e-01,5.439323e-09,resolved_min,5,0,1.838464e+08,0,0,3.882e-17,6.044134303377e-02,5.439323e-09,1.275271e-14,4.584249e+01,3.375954e+01,1e-15,160
20260906-170036,8c0abbabe66776dd,C,free,isothermal,3.1622776602e-02,6.781630989640e-02,4.663004614965e-01,6.096389e-09,resolved_min,5,0,1.640315e+08,0,0,3.441e-17,6.781630989640e-02,6.096389e-09,1.619347e-14,4.085712e+01,3.008816e+01,1e-15,160
20260906-170036,8c0abbabe66776dd,C,free,isothermal,3.5481338923e-02,7.609116023533e-02,4.663004061658e-01,6.832391e-09,resolved_min,5,0,1.463616e+08,0,0,5.551e-17,7.609116027226e-02,6.832391e-09,2.055402e-14,3.641392e+01,2.681604e+01,1e-15,160
20260906-170036,8c0abbabe66776dd,C,free,isothermal,3.9810717055e-02,8.537569673937e-02,4.663003474734e-01,7.656710e-09,resolved_min,5,0,1.306044e+08,0,0,7.306e-17,8.537569673812e-02,7.656713e-09,2.607834e-14,3.245391e+01,2.389976e+01,1e-15,160
20260906-170036,8c0abbabe66776dd,C,free,isothermal,4.4668359215e-02,9.579312003338e-02,4.663002854436e-01,8.579861e-09,resolved_min,5,0,1.165520e+08,0,0,5.406e-17,9.579312003338e-02,8.579861e-09,3.307462e-14,2.892454e+01,2.130063e+01,1e-15,160
20260906-170036,8c0abbabe66776dd,C,free,isothermal,5.0118723363e-02,1.074816637062e-01,4.663002193540e-01,9.613568e-09,resolved_min,5,0,1.040197e+08,0,0,6.867e-17,1.074816637062e-01,9.613568e-09,4.193241e-14,2.577900e+01,1.898415e+01,1e-15,160
20260906-170036,8c0abbabe66776dd,C,free,isothermal,5.6234132519e-02,1.205964281157e-01,4.663001499934e-01,1.077092e-08,resolved_min,5,0,9.284260e+07,0,0,5.766e-17,1.205964281157e-01,1.077092e-08,5.314317e-14,2.297553e+01,1.691959e+01,1e-15,160
20260906-170036,8c0abbabe66776dd,C,free,isothermal,6.3095734448e-02,1.353114395109e-01,4.663000754118e-01,1.206654e-08,resolved_min,5,0,8.287377e+07,0,0,6.614e-17,1.353114394236e-01,1.206654e-08,6.732874e-14,2.047694e+01,1.507955e+01,1e-15,160
20260906-170036,8c0abbabe66776dd,C,free,isothermal,7.0794578438e-02,1.518219574797e-01,4.662999977978e-01,1.351676e-08,resolved_min,5,0,7.398222e+07,0,0,4.116e-17,1.518219575092e-01,1.351676e-08,8.527212e-14,1.825007e+01,1.343961e+01,1e-15,160
20260906-170036,8c0abbabe66776dd,C,free,isothermal,7.9432823472e-02,1.703470683227e-01,4.662999149591e-01,1.513977e-08,resolved_min,5,0,6.605118e+07,0,0,2.264e-17,1.703470683227e-01,1.513977e-08,1.079642e-13,1.626537e+01,1.197801e+01,1e-15,160
20260906-170036,8c0abbabe66776dd,C,free,isothermal,8.9125093813e-02,1.911325902479e-01,4.662998272445e-01,1.695590e-08,resolved_min,5,0,5.897653e+07,0,0,6.355e-17,1.911325902479e-01,1.695590e-08,1.366542e-13,1.449650e+01,1.067537e+01,1e-15,160
20260906-170036,8c0abbabe66776dd,C,free,isothermal,1.0000000000e-01,2.144543362071e-01,4.662997343333e-01,1.898777e-08,resolved_min,5,0,5.266547e+07,0,0,8.145e-17,2.144543362071e-01,1.898777e-08,1.729190e-13,1.292000e+01,9.514382e+00,1e-15,160
20260906-170036,8c0abbabe66776dd,C,free,isothermal,1.1220184543e-01,2.406217736223e-01,4.662996359022e-01,2.126062e-08,resolved_min,5,0,4.703531e+07,0,0,2.162e-17,2.406217736256e-01,2.126063e-08,2.187483e-13,1.151495e+01,8.479654e+00,1e-15,160
20260906-170036,8c0abbabe66776dd,C,free,isothermal,1.2589254118e-01,2.699821306639e-01,4.662995320091e-01,2.380256e-08,resolved_min,5,0,4.201229e+07,0,0,5.613e-17,2.699821308646e-01,2.380256e-08,2.766520e-13,1.026269e+01,7.557452e+00,1e-15,160
20260906-170036,8c0abbabe66776dd,C,free,isothermal,1.4125375446e-01,3.029250052423e-01,4.662994207075e-01,2.664487e-08,resolved_min,5,0,3.753068e+07,0,0,1.959e-17,3.029250048993e-01,2.664486e-08,3.497995e-13,9.146614e+00,6.735539e+00,1e-15,160
20260906-170036,8c0abbabe66776dd,C,free,isothermal,1.5848931925e-01,3.398875313400e-01,4.662993038352e-01,2.982236e-08,resolved_min,5,0,3.353188e+07,0,0,2.761e-17,3.398875313400e-01,2.982236e-08,4.421819e-13,8.151912e+00,6.003010e+00,1e-15,160
20260906-170036,8c0abbabe66776dd,C,free,isothermal,1.7782794100e-01,3.813601837409e-01,4.662991801072e-01,3.337379e-08,resolved_min,5,0,2.996363e+07,0,0,5.760e-17,3.813601837409e-01,3.337379e-08,5.588388e-13,7.265385e+00,5.350143e+00,1e-15,160
20260906-170036,8c0abbabe66776dd,C,free,isothermal,1.9952623150e-01,4.278932841362e-01,4.662990490717e-01,3.734219e-08,resolved_min,5,0,2.677936e+07,0,0,5.722e-17,4.278932841362e-01,3.734219e-08,7.061234e-13,6.475267e+00,4.768276e+00,1e-15,160
20260906-170036,8c0abbabe66776dd,C,free,isothermal,2.2387211386e-01,4.801043043106e-01,4.662989101468e-01,4.177541e-08,resolved_min,5,0,2.393753e+07,0,0,8.525e-17,4.801043043106e-01,4.177541e-08,8.920479e-13,5.771075e+00,4.249686e+00,1e-15,160
20260906-170036,8c0abbabe66776dd,C,free,isothermal,2.5118864315e-01,5.386860593333e-01,4.662987630715e-01,4.672652e-08,resolved_min,5,0,2.140112e+07,0,0,6.248e-17,5.386860589462e-01,4.672652e-08,1.126713e-12,5.143463e+00,3.787493e+00,1e-15,160
20260906-170036,8c0abbabe66776dd,C,free,isothermal,2.8183829313e-01,6.044159010855e-01,4.662986076645e-01,5.225445e-08,resolved_min,5,0,1.913713e+07,0,0,3.179e-17,6.044159012954e-01,5.225445e-08,1.422852e-12,4.584105e+00,3.375564e+00,1e-15,160
20260906-170036,8c0abbabe66776dd,C,free,isothermal,3.1622776602e-01,6.781660349648e-01,4.662984427306e-01,5.842449e-08,resolved_min,5,0,1.711611e+07,0,0,1.212e-17,6.781660349648e-01,5.842449e-08,1.796523e-12,4.085576e+00,3.008433e+00,1e-15,160
20260906-170036,8c0abbabe66776dd,C,free,isothermal,3.5481338923e-01,7.609150906227e-01,4.662982685009e-01,6.530897e-08,resolved_min,5,0,1.531183e+07,0,0,4.296e-17,7.609150906227e-01,6.530897e-08,2.267957e-12,3.641263e+00,2.681227e+00,1e-15,160
20260906-170036,8c0abbabe66776dd,C,free,isothermal,3.9810717055e-01,8.537611131908e-01,4.662980831554e-01,7.298792e-08,resolved_min,5,0,1.370090e+07,0,0,6.900e-17,8.537611131801e-01,7.298792e-08,2.862671e-12,3.245270e+00,2.389605e+00,1e-15,160
20260906-170036,8c0abbabe66776dd,C,free,isothermal,4.4668359215e-01,9.579361267964e-01,4.662978873600e-01,8.154984e-08,resolved_min,5,0,1.226244e+07,0,0,6.045e-17,9.579361268057e-01,8.154984e-08,3.612803e-12,2.892340e+00,2.129697e+00,1e-15,160
20260906-170036,8c0abbabe66776dd,C,free,isothermal,5.0118723363e-01,1.074822490137e+00,4.662976800601e-01,9.109246e-08,resolved_min,5,0,1.097786e+07,0,0,6.919e-17,1.074822489321e+00,9.109246e-08,4.558871e-12,2.577792e+00,1.898055e+00,1e-15,160
20260906-170036,8c0abbabe66776dd,C,free,isothermal,5.6234132519e-01,1.205971236658e+00,4.662974605834e-01,1.017236e-07,resolved_min,5,0,9.830562e+06,0,0,2.327e-17,1.205971236654e+00,1.017236e-07,5.751932e-12,2.297451e+00,1.691604e+00,1e-15,160
20260906-170036,8c0abbabe66776dd,C,free,isothermal,6.3095734448e-01,1.353122657403e+00,4.662972281399e-01,1.135620e-07,resolved_min,5,0,8.805761e+06,0,0,2.946e-17,1.353122657403e+00,1.135620e-07,7.256321e-12,2.047598e+00,1.507604e+00,1e-15,160
20260906-170036,8c0abbabe66776dd,C,free,isothermal,7.0794578438e-01,1.518229392883e+00,4.662969823286e-01,1.267385e-07,resolved_min,5,0,7.890263e+06,0,0,3.830e-17,1.518229392883e+00,1.267385e-07,9.153098e-12,1.824916e+00,1.343615e+00,1e-15,160
20260906-170036,8c0abbabe66776dd,C,free,isothermal,7.9432823472e-01,1.703482348704e+00,4.662967217293e-01,1.413966e-07,resolved_min,5,0,7.072305e+06,0,0,5.327e-17,1.703482347584e+00,1.413966e-07,1.154442e-11,1.626451e+00,1.197460e+00,1e-15,160
20260906-170036,8c0abbabe66776dd,C,free,isothermal,8.9125093813e-01,1.911339759786e+00,4.662964465478e-01,1.576940e-07,resolved_min,5,0,6.341395e+06,0,0,3.113e-17,1.911339759786e+00,1.576940e-07,1.455893e-11,1.449570e+00,1.067200e+00,1e-15,160
20260906-170036,8c0abbabe66776dd,C,free,isothermal,1.0000000000e+00,2.144559823638e+00,4.662961550326e-01,1.758032e-07,resolved_min,5,0,5.688178e+06,0,0,4.311e-17,2.144559823637e+00,1.758032e-07,1.835879e-11,1.291924e+00,9.511061e-01,1e-15,160
20260906-170036,8c0abbabe66776dd,C,free,isothermal,1.1220184543e+00,2.406237290193e+00,4.662958465795e-01,1.959129e-07,resolved_min,5,0,5.104308e+06,0,0,2.562e-17,2.406237290193e+00,1.959129e-07,2.314822e-11,1.151423e+00,8.476376e-01,1e-15,160
20260906-170036,8c0abbabe66776dd,C,free,isothermal,1.2589254118e+00,2.699844534435e+00,4.662955202558e-01,2.182290e-07,resolved_min,5,0,4.582342e+06,0,0,4.119e-17,2.699844534436e+00,2.182290e-07,2.918451e-11,1.026201e+00,7.554218e-01,1e-15,160
20260906-170036,8c0abbabe66776dd,C,free,isothermal,1.4125375446e+00,3.029277634490e+00,4.662951749751e-01,2.429755e-07,resolved_min,5,0,4.115642e+06,0,0,4.012e-17,3.029277634490e+00,2.429755e-07,3.679174e-11,9.145974e-01,6.732347e-01,1e-15,160
20260906-170036,8c0abbabe66776dd,C,free,isothermal,1.5848931925e+00,3.398908070921e+00,4.662948098010e-01,2.703956e-07,resolved_min,5,0,3.698285e+06,0,0,9.188e-17,3.398908070921e+00,2.703956e-07,4.637814e-11,8.151309e-01,5.999860e-01,1e-15,160
20260906-170036,8c0abbabe66776dd,C,free,isothermal,1.7782794100e+00,3.813640734779e+00,4.662944240714e-01,3.007528e-07,resolved_min,5,0,3.324990e+06,0,0,3.768e-17,3.813640734769e+00,3.007528e-07,5.845786e-11,7.264816e-01,5.347034e-01,1e-15,160
20260906-170036,8c0abbabe66776dd,C,free,isothermal,1.9952623150e+00,4.278979026772e+00,4.662940160457e-01,3.343315e-07,resolved_min,5,0,2.991043e+06,0,0,3.442e-17,4.278979026772e+00,3.343315e-07,7.367859e-11,6.474731e-01,4.765208e-01,1e-15,160
20260906-170036,8c0abbabe66776dd,C,free,isothermal,2.2387211386e+00,4.801097873442e+00,4.662935848386e-01,3.714376e-07,resolved_min,5,0,2.692242e+06,0,0,1.831e-17,4.801097873442e+00,3.714376e-07,9.285598e-11,5.770569e-01,4.246660e-01,1e-15,160
20260906-170036,8c0abbabe66776dd,C,free,isothermal,2.5118864315e+00,5.386925678125e+00,4.662931292537e-01,4.123991e-07,resolved_min,5,0,2.424836e+06,0,0,3.723e-17,5.386925678173e+00,4.123991e-07,1.170173e-10,5.142986e-01,3.784508e-01,1e-15,160
20260906-170036,8c0abbabe66776dd,C,free,isothermal,2.8183829313e+00,6.044236259936e+00,4.662926480796e-01,4.575659e-07,resolved_min,5,0,2.185477e+06,0,0,1.338e-17,6.044236259999e+00,4.575659e-07,1.474564e-10,4.583655e-01,3.372620e-01,1e-15,160
20260906-170036,8c0abbabe66776dd,C,free,isothermal,3.1622776602e+00,6.781752014292e+00,4.662921400701e-01,5.073099e-07,resolved_min,5,0,1.971182e+06,0,0,2.250e-17,6.781752014292e+00,5.073099e-07,1.858024e-10,4.085153e-01,3.005530e-01,1e-15,160
20260906-170036,8c0abbabe66776dd,C,free,isothermal,3.5481338923e+00,7.609259661227e+00,4.662916039540e-01,5.620236e-07,resolved_min,5,0,1.779285e+06,0,0,2.115e-17,7.609259661229e+00,5.620236e-07,2.341073e-10,3.640864e-01,2.678367e-01,1e-15,160
20260906-170036,8c0abbabe66776dd,C,free,isothermal,3.9810717055e+00,8.537740117573e+00,4.662910384612e-01,6.221194e-07,resolved_min,5,0,1.607409e+06,0,0,3.201e-17,8.537740117577e+00,6.221194e-07,2.949548e-10,3.244893e-01,2.386787e-01,1e-15,160
20260906-170036,8c0abbabe66776dd,C,free,isothermal,4.4668359215e+00,9.579514217428e+00,4.662904423048e-01,6.880268e-07,resolved_min,5,0,1.453432e+06,0,0,4.088e-17,9.579514217433e+00,6.880268e-07,3.715984e-10,2.891986e-01,2.126922e-01,1e-15,160
20260906-170036,8c0abbabe66776dd,C,free,isothermal,5.0118723363e+00,1.074840621326e+01,4.662898142136e-01,7.601897e-07,resolved_min,5,0,1.315461e+06,0,0,1.306e-17,1.074840621325e+01,7.601897e-07,4.681351e-10,2.577458e-01,1.895323e-01,1e-15,160
20260906-170036,8c0abbabe66776dd,C,free,isothermal,5.6234132519e+00,1.205992723487e+01,4.662891526943e-01,8.390624e-07,resolved_min,5,0,1.191806e+06,0,0,2.912e-17,1.205992722826e+01,8.390624e-07,5.897238e-10,2.297137e-01,1.688917e-01,1e-15,160
20260906-170036,8c0abbabe66776dd,C,free,isothermal,6.3095734448e+00,1.353148109485e+01,4.662884573074e-01,9.251040e-07,resolved_min,5,0,1.080959e+06,0,0,2.181e-17,1.353148109484e+01,9.251040e-07,7.428595e-10,2.047302e-01,1.504963e-01,1e-15,160
20260906-170036,8c0abbabe66776dd,C,free,isothermal,7.0794578438e+00,1.518259530863e+01,4.662877261715e-01,1.018772e-06,resolved_min,5,0,9.815738e+05,0,0,2.760e-17,1.518259530849e+01,1.018772e-06,9.357211e-10,1.824638e-01,1.341020e-01,1e-15,160
20260906-170036,8c0abbabe66776dd,C,free,isothermal,7.9432823472e+00,1.703518016525e+01,4.662869585287e-01,1.120514e-06,resolved_min,5,0,8.924474e+05,0,0,3.178e-17,1.703518016525e+01,1.120514e-06,1.178605e-09,1.626190e-01,1.194912e-01,1e-15,160
20260906-170036,8c0abbabe66776dd,C,free,isothermal,8.9125093813e+00,1.911381951703e+01,4.662861535026e-01,1.230758e-06,resolved_min,5,0,8.125072e+05,0,0,1.069e-16,1.911381951720e+01,1.230758e-06,1.484477e-09,1.449324e-01,1.064701e-01,1e-15,160
20260906-170036,8c0abbabe66776dd,C,free,isothermal,1.0000000000e+01,2.144609700820e+01,4.662853103844e-01,1.349901e-06,resolved_min,5,0,7.407951e+05,0,0,3.941e-17,2.144609700820e+01,1.349901e-06,1.869657e-09,1.291693e-01,9.486561e-02,1e-15,160
20260906-170036,8c0abbabe66776dd,C,free,isothermal,1.1220184543e+01,2.406296211447e+01,4.662844287267e-01,1.478294e-06,resolved_min,5,0,6.764552e+05,0,0,2.881e-17,2.406296211469e+01,1.478294e-06,2.354693e-09,1.151206e-01,8.452382e-02,1e-15,160
20260906-170036,8c0abbabe66776dd,C,free,isothermal,1.2589254118e+01,2.699914085065e+01,4.662835083376e-01,1.616231e-06,resolved_min,5,0,6.187234e+05,0,0,7.443e-17,2.699914085043e+01,1.616231e-06,2.965455e-09,1.025998e-01,7.530740e-02,1e-15,160
20260906-170036,8c0abbabe66776dd,C,free,isothermal,1.4125375446e+01,3.029359658451e+01,4.662825494102e-01,1.763928e-06,resolved_min,5,0,5.669166e+05,0,0,5.847e-17,3.029359658451e+01,1.763928e-06,3.734504e-09,9.144074e-02,6.709398e-02,1e-15,160
20260906-170036,8c0abbabe66776dd,C,free,isothermal,1.5848931925e+01,3.399004708155e+01,4.662815525553e-01,1.921509e-06,resolved_min,5,0,5.204244e+05,0,0,1.226e-16,3.399004708155e+01,1.921509e-06,4.702833e-09,8.149531e-02,5.977449e-02,1e-15,160
20260906-170036,8c0abbabe66776dd,C,free,isothermal,1.7782794100e+01,3.813754463227e+01,4.662805188917e-01,2.088989e-06,resolved_min,5,0,4.787006e+05,0,0,3.129e-17,3.813754463230e+01,2.088989e-06,5.922040e-09,7.263153e-02,5.325172e-02,1e-15,160
20260906-170036,8c0abbabe66776dd,C,free,isothermal,1.9952623150e+01,4.279112695903e+01,4.662794501484e-01,2.266257e-06,resolved_min,5,0,4.412562e+05,0,0,4.600e-17,4.279112695864e+01,2.266257e-06,7.457070e-09,6.473178e-02,4.743902e-02,1e-15,160
20260906-170036,8c0abbabe66776dd,C,free,isothermal,2.2387211386e+01,4.801254753676e+01,4.662783487701e-01,2.453069e-06,resolved_min,5,0,4.076526e+05,0,0,3.508e-17,4.801254753676e+01,2.453069e-06,9.389666e-09,5.769122e-02,4.225917e-02,1e-15,160
20260906-170036,8c0abbabe66776dd,C,free,isothermal,2.5118864315e+01,5.387109503175e+01,4.662772178715e-01,2.649037e-06,resolved_min,5,0,3.774957e+05,0,0,4.429e-17,5.387109501813e+01,2.649037e-06,1.182271e-08,5.141639e-02,3.764333e-02,1e-15,160
20260906-170036,8c0abbabe66776dd,C,free,isothermal,2.8183829313e+01,6.044451262441e+01,4.662760619442e-01,2.853638e-06,resolved_min,5,0,3.504299e+05,0,0,6.262e-17,6.044451262392e+01,2.853638e-06,1.488566e-08,4.582404e-02,3.353014e-02,1e-15,160
20260906-170036,8c0abbabe66776dd,C,free,isothermal,3.1622776602e+01,6.782002970232e+01,4.662748857599e-01,3.066233e-06,resolved_min,5,0,3.261331e+05,0,0,2.840e-17,6.782002970232e+01,3.066233e-06,1.874146e-08,4.083993e-02,2.986492e-02,1e-15,160
20260906-170036,8c0abbabe66776dd,C,free,isothermal,3.5481338923e+01,7.609551912664e+01,4.662736956207e-01,3.286107e-06,resolved_min,5,0,3.043115e+05,0,0,6.760e-17,7.609551912732e+01,3.286107e-06,2.359510e-08,3.639791e-02,2.659889e-02,1e-15,160
20260906-170036,8c0abbabe66776dd,C,free,isothermal,3.9810717055e+01,8.538079590547e+01,4.662724987880e-01,3.512536e-06,resolved_min,5,0,2.846946e+05,0,0,3.115e-17,8.538079590547e+01,3.512536e-06,2.970454e-08,3.243903e-02,2.368859e-02,1e-15,160
20260906-170036,8c0abbabe66776dd,C,free,isothermal,4.4668359215e+01,9.579907420739e+01,4.662713036078e-01,3.744889e-06,resolved_min,5,0,2.670306e+05,0,0,7.982e-17,9.579907420825e+01,3.744889e-06,3.739429e-08,2.891075e-02,2.109528e-02,1e-15,160
20260906-170036,8c0abbabe66776dd,C,free,isothermal,5.0118723363e+01,1.074886021558e+02,4.662701194132e-01,3.982768e-06,resolved_min,5,0,2.510816e+05,0,0,8.509e-17,1.074886021557e+02,3.982768e-06,4.707259e-08,2.576623e-02,1.878440e-02,1e-15,160
20260906-170036,8c0abbabe66776dd,C,free,isothermal,5.6234132519e+01,1.206044960792e+02,4.662689563589e-01,4.226196e-06,resolved_min,5,0,2.366194e+05,0,0,1.637e-16,1.206044960802e+02,4.226196e-06,5.925295e-08,2.296374e-02,1.672514e-02,1e-15,160
20260906-170036,8c0abbabe66776dd,C,free,isothermal,6.3095734448e+01,1.353207985727e+02,4.662678251497e-01,4.475843e-06,resolved_min,5,0,2.234216e+05,0,0,3.025e-17,1.353207985727e+02,4.475843e-06,7.458119e-08,2.046607e-02,1.489002e-02,1e-15,160
20260906-170036,8c0abbabe66776dd,C,free,isothermal,7.0794578438e+01,1.518327876916e+02,4.662667366828e-01,4.733308e-06,resolved_min,5,0,2.112688e+05,0,0,7.913e-17,1.518327876903e+02,4.733308e-06,9.386953e-08,1.824008e-02,1.325455e-02,1e-15,160
20260906-170036,8c0abbabe66776dd,C,free,isothermal,7.9432823472e+01,1.703595679605e+02,4.662657015591e-01,5.001413e-06,resolved_min,5,0,1.999435e+05,0,0,3.989e-17,1.703595679605e+02,5.001413e-06,1.181392e-07,1.625621e-02,1.179688e-02,1e-15,160
20260906-170036,8c0abbabe66776dd,C,free,isothermal,8.9125093813e+01,1.911469775997e+02,4.662647295425e-01,5.284523e-06,resolved_min,5,0,1.892318e+05,0,0,4.739e-17,1.911469775979e+02,5.284523e-06,1.486744e-07,1.448813e-02,1.049752e-02,1e-15,160
20260906-170036,8c0abbabe66776dd,C,free,isothermal,1.0000000000e+02,2.144708505578e+02,4.662638290467e-01,5.588841e-06,resolved_min,5,0,1.789280e+05,0,0,4.786e-17,2.144708505598e+02,5.588841e-06,1.870894e-07,1.291237e-02,9.339080e-03,1e-15,160
20260906-170036,8c0abbabe66776dd,C,free,isothermal,1.1220184543e+02,2.406406767173e+02,4.662630065739e-01,5.922659e-06,resolved_min,5,0,1.688431e+05,0,0,8.358e-17,2.406406767150e+02,5.922659e-06,2.354135e-07,1.150800e-02,8.306075e-03,1e-15,160
20260906-170036,8c0abbabe66776dd,C,free,isothermal,1.2589254118e+02,2.700037087495e+02,4.662622664055e-01,6.296535e-06,resolved_min,5,0,1.588175e+05,0,0,8.488e-17,2.700037087494e+02,6.296535e-06,2.961974e-07,1.025639e-02,7.384683e-03,1e-15,160
20260906-170036,8c0abbabe66776dd,C,free,isothermal,1.4125375446e+02,3.029495701963e+02,4.662616103754e-01,6.723365e-06,resolved_min,5,0,1.487350e+05,0,0,4.609e-17,3.029495701933e+02,6.723365e-06,3.726469e-07,9.140918e-03,6.562587e-03,1e-15,160
20260906-170036,8c0abbabe66776dd,C,free,isothermal,1.5848931925e+02,3.399154258008e+02,4.662610379412e-01,7.218335e-06,resolved_min,5,0,1.385361e+05,0,0,1.161e-16,3.399154258008e+02,7.218335e-06,4.687906e-07,8.146773e-03,5.828811e-03,1e-15,160
20260906-170036,8c0abbabe66776dd,C,free,isothermal,1.7782794100e+02,3.813917826780e+02,4.662605464524e-01,7.798713e-06,resolved_min,5,0,1.282263e+05,0,0,6.677e-17,3.813917826780e+02,7.798713e-06,5.896908e-07,7.260759e-03,5.173587e-03,1e-15,160
20260906-170036,8c0abbabe66776dd,C,free,isothermal,1.9952623150e+02,4.279289992252e+02,4.662601316063e-01,8.483441e-06,resolved_min,5,0,1.178767e+05,0,0,4.641e-17,4.279289992302e+02,8.483441e-06,7.417078e-07,6.471112e-03,4.588230e-03,1e-15,160
20260906-170036,8c0abbabe66776dd,C,free,isothermal,2.2387211386e+02,4.801445881178e+02,4.662597879827e-01,9.292444e-06,resolved_min,5,0,1.076143e+05,0,0,9.425e-17,4.801445881323e+02,9.292444e-06,9.328319e-07,5.767349e-03,4.065039e-03,1e-15,160
20260906-170036,8c0abbabe66776dd,C,free,isothermal,2.5118864315e+02,5.387314101870e+02,4.662595096576e-01,1.024553e-05,resolved_min,5,0,9.760358e+04,0,0,3.656e-17,5.387314101870e+02,1.024553e-05,1.173100e-06,5.140130e-03,3.597208e-03,1e-15,160
20260906-170036,8c0abbabe66776dd,C,free,isothermal,2.8183829313e+02,6.044668679810e+02,4.662592907165e-01,1.136070e-05,resolved_min,5,0,8.802275e+04,0,0,3.562e-17,6.044668679810e+02,1.136070e-05,1.475116e-06,4.581126e-03,3.178755e-03,1e-15,160
20260906-170036,8c0abbabe66776dd,C,free,isothermal,3.1622776602e+02,6.782232208432e+02,4.662591257546e-01,1.265188e-05,resolved_min,5,0,7.903967e+04,0,0,1.858e-16,6.782232208432e+02,1.265188e-05,1.854707e-06,4.082918e-03,2.804462e-03,1e-15,160
20260906-170036,8c0abbabe66776dd,C,free,isothermal,3.5481338923e+02,7.609791585689e+02,4.662590101690e-01,1.412599e-05,resolved_min,5,0,7.079150e+04,0,0,1.150e-16,7.609791585689e+02,1.412599e-05,2.331740e-06,3.638894e-03,2.469807e-03,1e-15,160
20260906-170036,8c0abbabe66776dd,C,free,isothermal,3.9810717055e+02,8.538327868297e+02,4.662589405025e-01,1.578009e-05,resolved_min,5,0,6.337100e+04,0,0,1.949e-16,8.538327868297e+02,1.578009e-05,2.931149e-06,3.243160e-03,2.170911e-03,1e-15,160
20260906-170036,8c0abbabe66776dd,C,free,isothermal,4.4668359215e+02,9.580161967684e+02,4.662589146799e-01,1.759934e-05,resolved_min,5,0,5.682032e+04,0,0,6.807e-17,9.580161967684e+02,1.759934e-05,3.684209e-06,2.890464e-03,1.904448e-03,1e-15,160
20260906-170036,8c0abbabe66776dd,C,free,isothermal,5.0118723363e+02,1.074911811925e+03,4.662589321909e-01,1.955730e-05,resolved_min,5,0,5.113180e+04,0,0,1.712e-16,1.074911811925e+03,1.955730e-05,4.630134e-06,2.576124e-03,1.667548e-03,1e-15,160
20260906-170036,8c0abbabe66776dd,C,free,isothermal,5.6234132519e+02,1.206070729059e+03,4.662589943040e-01,2.161937e-05,resolved_min,5,0,4.625481e+04,0,0,5.279e-17,1.206070729058e+03,2.161937e-05,5.818053e-06,2.295970e-03,1.457673e-03,1e-15,160
20260906-170036,8c0abbabe66776dd,C,free,isothermal,6.3095734448e+02,1.353233295357e+03,4.662591045056e-01,2.374907e-05,resolved_min,5,0,4.210692e+04,0,0,2.651e-17,1.353233295357e+03,2.374907e-05,7.309457e-06,2.046282e-03,1.272500e-03,1e-15,160
20260906-170036,8c0abbabe66776dd,C,free,isothermal,7.0794578438e+02,1.518352195874e+03,4.662592686388e-01,2.591521e-05,resolved_min,5,0,3.858738e+04,0,0,8.973e-17,1.518352195874e+03,2.591521e-05,9.181184e-06,1.823749e-03,1.109813e-03,1e-15,160
20260906-170036,8c0abbabe66776dd,C,free,isothermal,7.9432823472e+02,1.703618355063e+03,4.662594954813e-01,2.809745e-05,resolved_min,5,0,3.559042e+04,0,0,3.333e-17,1.703618355063e+03,2.809745e-05,1.152904e-05,1.625416e-03,9.674535e-04,1e-15,160
20260906-170036,8c0abbabe66776dd,C,free,isothermal,8.9125093813e+02,1.911489996786e+03,4.662597971384e-01,3.028830e-05,resolved_min,5,0,3.301604e+04,0,0,1.094e-16,1.911489996688e+03,3.028830e-05,1.447206e-05,1.448651e-03,8.433031e-04,1e-15,160
20260906-170036,8c0abbabe66776dd,C,free,isothermal,1.0000000000e+03,2.144725245566e+03,4.662601897690e-01,3.249170e-05,resolved_min,5,0,3.077709e+04,0,0,3.812e-17,2.144725245566e+03,3.249170e-05,1.815730e-05,1.291110e-03,7.353123e-04,1e-15,160
