# V3 model-limit raw data: V*(Omega) per configuration (production route, continuation, bc free/isothermal)
Omega,V_A,r_A,status_A,V_B,r_B,status_B,V_C,r_C,status_C,V_C_Dw0,r_C_Dw0,status_C_Dw0,V_C_Dw14,r_C_Dw14,status_C_Dw14,V_C_rhow0,r_C_rhow0,status_C_rhow0
1.0000000000e-03,3.107268903703e-01,1.977535e-11,accepted,4.663012299753e-01,1.958188e-10,resolved_min,4.663012289797e-01,1.958333e-10,resolved_min,3.010727438696e-01,1.120234e-04,resolved_min,3.107268906909e-01,2.331800e-10,resolved_min,4.663012289802e-01,1.958214e-10,resolved_min
1.1220184543e-03,3.107268902759e-01,2.248500e-11,accepted,4.663012196115e-01,2.197294e-10,resolved_min,4.663012201077e-01,2.197304e-10,resolved_min,3.027052313922e-01,1.143498e-04,resolved_min,3.107268905850e-01,2.271719e-10,resolved_min,4.663012202869e-01,2.197318e-10,resolved_min
1.2589254118e-03,3.107268901758e-01,2.560686e-11,accepted,4.663012096130e-01,2.464208e-10,resolved_min,4.663012097274e-01,2.464164e-10,resolved_min,3.040251778080e-01,1.163156e-04,resolved_min,3.107268904731e-01,2.221987e-10,resolved_min,4.663012087466e-01,2.464089e-10,resolved_min
1.4125375446e-03,3.107268900699e-01,2.920989e-11,accepted,4.663011986695e-01,2.764545e-10,resolved_min,4.663011987111e-01,2.764663e-10,resolved_min,3.051062597908e-01,1.179928e-04,resolved_min,3.107268903554e-01,2.182953e-10,resolved_min,4.663011985873e-01,2.764707e-10,resolved_min
1.5848931925e-03,3.107268899576e-01,3.337558e-11,accepted,4.663011869301e-01,3.101078e-10,resolved_min,4.663011869600e-01,3.101009e-10,resolved_min,3.059991676594e-01,1.194220e-04,resolved_min,3.107268902355e-01,2.155103e-10,resolved_min,4.663011866172e-01,3.101032e-10,resolved_min
1.7782794100e-03,3.107268898387e-01,3.820018e-11,accepted,4.663011743236e-01,3.478559e-10,resolved_min,4.663011746471e-01,3.478501e-10,resolved_min,3.067416988840e-01,1.206292e-04,resolved_min,3.107268901297e-01,2.139069e-10,resolved_min,4.663011743794e-01,3.478593e-10,resolved_min
1.9952623150e-03,3.107268897128e-01,4.379754e-11,accepted,4.663011612777e-01,3.902337e-10,resolved_min,4.663011620916e-01,3.902399e-10,resolved_min,3.073628775591e-01,1.216329e-04,resolved_min,3.107268900169e-01,2.135699e-10,resolved_min,4.663011611789e-01,3.902242e-10,resolved_min
2.2387211386e-03,3.107268895794e-01,5.030242e-11,accepted,4.663011473663e-01,4.377148e-10,resolved_min,4.663011476064e-01,4.377111e-10,resolved_min,3.078852788846e-01,1.224468e-04,resolved_min,3.107268898962e-01,2.146047e-10,resolved_min,4.663011485986e-01,4.377178e-10,resolved_min
2.5118864315e-03,3.107268894403e-01,5.786791e-11,accepted,4.663011328337e-01,4.909851e-10,resolved_min,4.663011330010e-01,4.910006e-10,resolved_min,3.083266172442e-01,1.230822e-04,resolved_min,3.107268897667e-01,2.171428e-10,resolved_min,4.663011325081e-01,4.910238e-10,resolved_min
2.8183829313e-03,3.107268892942e-01,6.668532e-11,accepted,4.663011172520e-01,5.507334e-10,resolved_min,4.663011174393e-01,5.507235e-10,resolved_min,3.087008837045e-01,1.235485e-04,resolved_min,3.107268896277e-01,2.213459e-10,resolved_min,4.663011171989e-01,5.507229e-10,resolved_min
3.1622776602e-03,3.107268891395e-01,7.698130e-11,accepted,4.663011006866e-01,6.177110e-10,resolved_min,4.663011006789e-01,6.177199e-10,resolved_min,3.090191956688e-01,1.238544e-04,resolved_min,3.107268894785e-01,2.274115e-10,resolved_min,4.663011006708e-01,6.177131e-10,resolved_min
3.5481338923e-03,3.107268889758e-01,8.902118e-11,accepted,4.663010837327e-01,6.928362e-10,resolved_min,4.663010834102e-01,6.928777e-10,resolved_min,3.092904458915e-01,1.240083e-04,resolved_min,3.107268893185e-01,2.355798e-10,resolved_min,4.663010830863e-01,6.928386e-10,resolved_min
3.9810717055e-03,3.107268888024e-01,1.031194e-10,resolved_min,4.663010646518e-01,7.771088e-10,resolved_min,4.663010661363e-01,7.770909e-10,resolved_min,3.095218022585e-01,1.240195e-04,resolved_min,3.107268891471e-01,2.461410e-10,resolved_min,4.663010651013e-01,7.770895e-10,resolved_min
4.4668359215e-03,3.107268886189e-01,1.196490e-10,resolved_min,4.663010449497e-01,8.715588e-10,resolved_min,4.663010449064e-01,8.715805e-10,resolved_min,3.097190922468e-01,1.238980e-04,resolved_min,3.107268889637e-01,2.594447e-10,resolved_min,4.663010450509e-01,8.715720e-10,resolved_min
5.0118723363e-03,3.107268884246e-01,1.390519e-10,resolved_min,4.663010246515e-01,9.774940e-10,resolved_min,4.663010246629e-01,9.774793e-10,resolved_min,3.098871119803e-01,1.236553e-04,resolved_min,3.107268887679e-01,2.759107e-10,resolved_min,4.663010240519e-01,9.774900e-10,resolved_min
5.6234132519e-03,3.107268882189e-01,1.618526e-10,resolved_min,4.663010020142e-01,1.096265e-09,resolved_min,4.663010025608e-01,1.096280e-09,resolved_min,3.100298645418e-01,1.233042e-04,resolved_min,3.107268884457e-01,2.960422e-10,resolved_min,4.663010019976e-01,1.096263e-09,resolved_min
6.3095734448e-03,3.107268880012e-01,1.886728e-10,resolved_min,4.663009787482e-01,1.229441e-09,resolved_min,4.663009781475e-01,1.229441e-09,resolved_min,3.101507424118e-01,1.228594e-04,resolved_min,3.107268882208e-01,3.204385e-10,resolved_min,4.663009802711e-01,1.229437e-09,resolved_min
7.0794578438e-03,3.107268877705e-01,2.202497e-10,resolved_min,4.663009534139e-01,1.378778e-09,resolved_min,4.663009534110e-01,1.378779e-09,resolved_min,3.102526670354e-01,1.223364e-04,resolved_min,3.107268879821e-01,3.498197e-10,resolved_min,4.663009538943e-01,1.378765e-09,resolved_min
7.9432823472e-03,3.107268875263e-01,2.574576e-10,resolved_min,4.663009276937e-01,1.546176e-09,resolved_min,4.663009274165e-01,1.546161e-09,resolved_min,3.103381946800e-01,1.217515e-04,resolved_min,3.107268877288e-01,3.850418e-10,resolved_min,4.663009277475e-01,1.546177e-09,resolved_min
8.9125093813e-03,3.107268872676e-01,3.013329e-10,resolved_min,4.663008997578e-01,1.733863e-09,resolved_min,4.663008996152e-01,1.733871e-09,resolved_min,3.104095852480e-01,1.211210e-04,resolved_min,3.107268874602e-01,4.271244e-10,resolved_min,4.663008996764e-01,1.733852e-09,resolved_min
1.0000000000e-02,3.107268869936e-01,3.531045e-10,resolved_min,4.663008705826e-01,1.944220e-09,resolved_min,4.663008705877e-01,1.944219e-09,resolved_min,3.104688499090e-01,1.204607e-04,resolved_min,3.107268871753e-01,4.772803e-10,resolved_min,4.663008703151e-01,1.944223e-09,resolved_min
1.1220184543e-02,3.107268867034e-01,4.142294e-10,resolved_min,4.663008394071e-01,2.180071e-09,resolved_min,4.663008391402e-01,2.180081e-09,resolved_min,3.105177803866e-01,1.197853e-04,resolved_min,3.107268868732e-01,5.369514e-10,resolved_min,4.663008391510e-01,2.180081e-09,resolved_min
1.2589254118e-02,3.107268863958e-01,4.864344e-10,resolved_min,4.663008063351e-01,2.444415e-09,resolved_min,4.663008063371e-01,2.444416e-09,resolved_min,3.105579669384e-01,1.191078e-04,resolved_min,3.107268866643e-01,6.078473e-10,resolved_min,4.663008064287e-01,2.444424e-09,resolved_min
1.4125375446e-02,3.107268860700e-01,5.717665e-10,resolved_min,4.663007708910e-01,2.740708e-09,resolved_min,4.663007713977e-01,2.740709e-09,resolved_min,3.105908105603e-01,1.184394e-04,resolved_min,3.107268863223e-01,6.920043e-10,resolved_min,4.663007716806e-01,2.740720e-09,resolved_min
1.5848931925e-02,3.107268857246e-01,6.726518e-10,resolved_min,4.663007344964e-01,3.072769e-09,resolved_min,4.663007344329e-01,3.072775e-09,resolved_min,3.106175334616e-01,1.177891e-04,resolved_min,3.107268859596e-01,7.918358e-10,resolved_min,4.663007344888e-01,3.072768e-09,resolved_min
1.7782794100e-02,3.107268853585e-01,7.919649e-10,resolved_min,4.663006952581e-01,3.444914e-09,resolved_min,4.663006952517e-01,3.444906e-09,resolved_min,3.106391902454e-01,1.171639e-04,resolved_min,3.107268855749e-01,9.102053e-10,resolved_min,4.663006953206e-01,3.444911e-09,resolved_min
1.9952623150e-02,3.107268849754e-01,9.330968e-10,resolved_min,4.663006537888e-01,3.861935e-09,resolved_min,4.663006532386e-01,3.861935e-09,resolved_min,3.106566807887e-01,1.165690e-04,resolved_min,3.107268851670e-01,1.050508e-09,resolved_min,4.663006537993e-01,3.861935e-09,resolved_min
2.2387211386e-02,3.107268845752e-01,1.100082e-09,resolved_min,4.663006096634e-01,4.329216e-09,resolved_min,4.663006096637e-01,4.329214e-09,resolved_min,3.106707648861e-01,1.160080e-04,resolved_min,3.107268847348e-01,1.216771e-09,resolved_min,4.663006085278e-01,4.329213e-09,resolved_min
2.5118864315e-02,3.107268841504e-01,1.297721e-09,resolved_min,4.663005631345e-01,4.852770e-09,resolved_min,4.663005629428e-01,4.852762e-09,resolved_min,3.106820773367e-01,1.154828e-04,resolved_min,3.107268842768e-01,1.413762e-09,resolved_min,4.663005631407e-01,4.852762e-09,resolved_min
2.8183829313e-02,3.107268836994e-01,1.531676e-09,resolved_min,4.663005138111e-01,5.439319e-09,resolved_min,4.663005138537e-01,5.439323e-09,resolved_min,3.106911448123e-01,1.149943e-04,resolved_min,3.107268837916e-01,1.647135e-09,resolved_min,4.663005137919e-01,5.439324e-09,resolved_min
3.1622776602e-02,3.107268832203e-01,1.808650e-09,resolved_min,4.663004615195e-01,6.096387e-09,resolved_min,4.663004614965e-01,6.096389e-09,resolved_min,3.106984001541e-01,1.145425e-04,resolved_min,3.107268832777e-01,1.923583e-09,resolved_min,4.663004614994e-01,6.096387e-09,resolved_min
3.5481338923e-02,3.107268827114e-01,2.136579e-09,resolved_min,4.663004061549e-01,6.832392e-09,resolved_min,4.663004061658e-01,6.832391e-09,resolved_min,3.107041972754e-01,1.141265e-04,resolved_min,3.107268827335e-01,2.251032e-09,resolved_min,4.663004061275e-01,6.832389e-09,resolved_min
3.9810717055e-02,3.107268821725e-01,2.524851e-09,resolved_min,4.663003474619e-01,7.656709e-09,resolved_min,4.663003474734e-01,7.656710e-09,resolved_min,3.107088238433e-01,1.137450e-04,resolved_min,3.107268821574e-01,2.638865e-09,resolved_min,4.663003474804e-01,7.656710e-09,resolved_min
4.4668359215e-02,3.107268815957e-01,2.984579e-09,resolved_min,4.663002854196e-01,8.579864e-09,resolved_min,4.663002854436e-01,8.579861e-09,resolved_min,3.107125127091e-01,1.133964e-04,resolved_min,3.107268815475e-01,3.098184e-09,resolved_min,4.663002854253e-01,8.579863e-09,resolved_min
5.0118723363e-02,3.107268810436e-01,3.529041e-09,resolved_min,4.663002193570e-01,9.613568e-09,resolved_min,4.663002193540e-01,9.613568e-09,resolved_min,3.107154516763e-01,1.130788e-04,resolved_min,3.107268809019e-01,3.642125e-09,resolved_min,4.663002197171e-01,9.613570e-09,resolved_min
5.6234132519e-02,3.107268803641e-01,4.173445e-09,resolved_min,4.663001496337e-01,1.077092e-08,resolved_min,4.663001499934e-01,1.077092e-08,resolved_min,3.107177916899e-01,1.127901e-04,resolved_min,3.107268802186e-01,4.286223e-09,resolved_min,4.663001499796e-01,1.077091e-08,resolved_min
6.3095734448e-02,3.107268796445e-01,4.936333e-09,resolved_min,4.663000754125e-01,1.206654e-08,resolved_min,4.663000754118e-01,1.206654e-08,resolved_min,3.107196538770e-01,1.125282e-04,resolved_min,3.107268794956e-01,5.048843e-09,resolved_min,4.663000759973e-01,1.206654e-08,resolved_min
7.0794578438e-02,3.107268788826e-01,5.839415e-09,resolved_min,4.662999977941e-01,1.351676e-08,resolved_min,4.662999977978e-01,1.351676e-08,resolved_min,3.107211351745e-01,1.122910e-04,resolved_min,3.107268787305e-01,5.951691e-09,resolved_min,4.662999977833e-01,1.351676e-08,resolved_min
7.9432823472e-02,3.107268780758e-01,6.908339e-09,resolved_min,4.662999149372e-01,1.513977e-08,resolved_min,4.662999149591e-01,1.513977e-08,resolved_min,3.107223130784e-01,1.120765e-04,resolved_min,3.107268779209e-01,7.020413e-09,resolved_min,4.662999149378e-01,1.513978e-08,resolved_min
8.9125093813e-02,3.107268772215e-01,8.173392e-09,resolved_min,4.662998272146e-01,1.695590e-08,resolved_min,4.662998272445e-01,1.695590e-08,resolved_min,3.107232494274e-01,1.118827e-04,resolved_min,3.107268770681e-01,8.285283e-09,resolved_min,4.662998272262e-01,1.695590e-08,resolved_min
1.0000000000e-01,3.107268763169e-01,9.670325e-09,resolved_min,4.662997343313e-01,1.898778e-08,resolved_min,4.662997343333e-01,1.898777e-08,resolved_min,3.107239935588e-01,1.117077e-04,resolved_min,3.107268761744e-01,9.782030e-09,resolved_min,4.662997343299e-01,1.898777e-08,resolved_min
1.1220184543e-01,3.107268753591e-01,1.144132e-08,resolved_min,4.662996358879e-01,2.126062e-08,resolved_min,4.662996359022e-01,2.126062e-08,resolved_min,3.107245847698e-01,1.115498e-04,resolved_min,3.107268752275e-01,1.155286e-08,resolved_min,4.662996358879e-01,2.126062e-08,resolved_min
1.2589254118e-01,3.107268743450e-01,1.353612e-08,resolved_min,4.662995320082e-01,2.380256e-08,resolved_min,4.662995320091e-01,2.380256e-08,resolved_min,3.107250543863e-01,1.114072e-04,resolved_min,3.107268742241e-01,1.364751e-08,resolved_min,4.662995312747e-01,2.380256e-08,resolved_min
1.4125375446e-01,3.107268732712e-01,1.601335e-08,resolved_min,4.662994212778e-01,2.664486e-08,resolved_min,4.662994207075e-01,2.664487e-08,resolved_min,3.107254272934e-01,1.112784e-04,resolved_min,3.107268731610e-01,1.612460e-08,resolved_min,4.662994212759e-01,2.664486e-08,resolved_min
1.5848931925e-01,3.107268721343e-01,1.894205e-08,resolved_min,4.662993038194e-01,2.982236e-08,resolved_min,4.662993038352e-01,2.982236e-08,resolved_min,3.107257233094e-01,1.111618e-04,resolved_min,3.107268720346e-01,1.905318e-08,resolved_min,4.662993043487e-01,2.982236e-08,resolved_min
1.7782794100e-01,3.107268709305e-01,2.240348e-08,resolved_min,4.662991805288e-01,3.337378e-08,resolved_min,4.662991801072e-01,3.337379e-08,resolved_min,3.107259582379e-01,1.110559e-04,resolved_min,3.107268708411e-01,2.251450e-08,resolved_min,4.662991805268e-01,3.337379e-08,resolved_min
1.9952623150e-01,3.107268696560e-01,2.649319e-08,resolved_min,4.662990493788e-01,3.734219e-08,resolved_min,4.662990490717e-01,3.734219e-08,resolved_min,3.107261445262e-01,1.109593e-04,resolved_min,3.107268695766e-01,2.660410e-08,resolved_min,4.662990493843e-01,3.734219e-08,resolved_min
2.2387211386e-01,3.107268683067e-01,3.132339e-08,resolved_min,4.662989101405e-01,4.177541e-08,resolved_min,4.662989101468e-01,4.177541e-08,resolved_min,3.107262922102e-01,1.108703e-04,resolved_min,3.107268682367e-01,3.143421e-08,resolved_min,4.662989102166e-01,4.177540e-08,resolved_min
2.5118864315e-01,3.107268668780e-01,3.702565e-08,resolved_min,4.662987630859e-01,4.672652e-08,resolved_min,4.662987630715e-01,4.672652e-08,resolved_min,3.107264091805e-01,1.107871e-04,resolved_min,3.107268668172e-01,3.713638e-08,resolved_min,4.662987632884e-01,4.672652e-08,resolved_min
2.8183829313e-01,3.107268653654e-01,4.375382e-08,resolved_min,4.662986074875e-01,5.225445e-08,resolved_min,4.662986076645e-01,5.225445e-08,resolved_min,3.107265017351e-01,1.107067e-04,resolved_min,3.107268653131e-01,4.386447e-08,resolved_min,4.662986076651e-01,5.225445e-08,resolved_min
3.1622776602e-01,3.107268637640e-01,5.168686e-08,resolved_min,4.662984429700e-01,5.842449e-08,resolved_min,4.662984427306e-01,5.842449e-08,resolved_min,3.107265748521e-01,1.106246e-04,resolved_min,3.107268637404e-01,5.179741e-08,resolved_min,4.662984427338e-01,5.842449e-08,resolved_min
3.5481338923e-01,3.107268620687e-01,6.103002e-08,resolved_min,4.662982680880e-01,6.530897e-08,resolved_min,4.662982685009e-01,6.530897e-08,resolved_min,3.107266324900e-01,1.105302e-04,resolved_min,3.107268620332e-01,6.114047e-08,resolved_min,4.662982680780e-01,6.530897e-08,resolved_min
3.9810717055e-01,3.107268602743e-01,7.200607e-08,resolved_min,4.662980831992e-01,7.298792e-08,resolved_min,4.662980831554e-01,7.298792e-08,resolved_min,3.107266778224e-01,1.103919e-04,resolved_min,3.107268602539e-01,7.211638e-08,resolved_min,4.662980831613e-01,7.298792e-08,resolved_min
4.4668359215e-01,3.107268583777e-01,8.475334e-08,resolved_min,4.662978873571e-01,8.154984e-08,resolved_min,4.662978873600e-01,8.154984e-08,resolved_min,3.107267131236e-01,1.100354e-04,resolved_min,3.107268583360e-01,8.486329e-08,resolved_min,4.662978873601e-01,8.154984e-08,resolved_min
5.0118723363e-01,3.107268562865e-01,9.672391e-08,resolved_min,4.662976800552e-01,9.109246e-08,resolved_min,4.662976800601e-01,9.109246e-08,resolved_min,3.107267374370e-01,1.063915e-04,resolved_min,3.107268563681e-01,9.683005e-08,resolved_min,4.662976799163e-01,9.109246e-08,resolved_min
5.6234132519e-01,3.107268542448e-01,1.026960e-07,resolved_min,4.662974605826e-01,1.017236e-07,resolved_min,4.662974605834e-01,1.017236e-07,resolved_min,3.107267588206e-01,9.574832e-05,resolved_min,3.107268542182e-01,1.027916e-07,resolved_min,4.662974605856e-01,1.017236e-07,resolved_min
6.3095734448e-01,3.107268519892e-01,1.081157e-07,resolved_min,4.662972282549e-01,1.135620e-07,resolved_min,4.662972281399e-01,1.135620e-07,resolved_min,3.107267761172e-01,8.548549e-05,resolved_min,3.107268519682e-01,1.082011e-07,resolved_min,4.662972282620e-01,1.135620e-07,resolved_min
7.0794578438e-01,3.107268496040e-01,1.136549e-07,resolved_min,4.662969823251e-01,1.267385e-07,resolved_min,4.662969823286e-01,1.267385e-07,resolved_min,3.107267892876e-01,7.625318e-05,resolved_min,3.107268495872e-01,1.137311e-07,resolved_min,4.662969824222e-01,1.267385e-07,resolved_min
7.9432823472e-01,3.107268470799e-01,1.193773e-07,resolved_min,4.662967220269e-01,1.413966e-07,resolved_min,4.662967217293e-01,1.413966e-07,resolved_min,3.107267991352e-01,6.800123e-05,resolved_min,3.107268470667e-01,1.194451e-07,resolved_min,4.662967220280e-01,1.413966e-07,resolved_min
8.9125093813e-01,3.107268444086e-01,1.252969e-07,resolved_min,4.662964464846e-01,1.576940e-07,resolved_min,4.662964465478e-01,1.576940e-07,resolved_min,3.107268063039e-01,6.063760e-05,resolved_min,3.107268443986e-01,1.253574e-07,resolved_min,4.662964465491e-01,1.576940e-07,resolved_min
1.0000000000e+00,3.107268415820e-01,1.314163e-07,resolved_min,4.662961550245e-01,1.758032e-07,resolved_min,4.662961550326e-01,1.758032e-07,resolved_min,3.107268112887e-01,5.407076e-05,resolved_min,3.107268415749e-01,1.314703e-07,resolved_min,4.662961550233e-01,1.758032e-07,resolved_min
1.1220184543e+00,3.107268385915e-01,1.377331e-07,resolved_min,4.662958465710e-01,1.959129e-07,resolved_min,4.662958465795e-01,1.959129e-07,resolved_min,3.107268144958e-01,4.821626e-05,resolved_min,3.107268385870e-01,1.377812e-07,resolved_min,4.662958465723e-01,1.959129e-07,resolved_min
1.2589254118e+00,3.107268354284e-01,1.442409e-07,resolved_min,4.662955202489e-01,2.182290e-07,resolved_min,4.662955202558e-01,2.182290e-07,resolved_min,3.107268162737e-01,4.299771e-05,resolved_min,3.107268354270e-01,1.442838e-07,resolved_min,4.662955201246e-01,2.182290e-07,resolved_min
1.4125375446e+00,3.107268320835e-01,1.509304e-07,resolved_min,4.662951750827e-01,2.429755e-07,resolved_min,4.662951749751e-01,2.429755e-07,resolved_min,3.107268168390e-01,3.834655e-05,resolved_min,3.107268320811e-01,1.509686e-07,resolved_min,4.662951750783e-01,2.429755e-07,resolved_min
1.5848931925e+00,3.107268285475e-01,1.577886e-07,resolved_min,4.662948100386e-01,2.703956e-07,resolved_min,4.662948098010e-01,2.703956e-07,resolved_min,3.107268164265e-01,3.420142e-05,resolved_min,3.107268285303e-01,1.578226e-07,resolved_min,4.662948097898e-01,2.703956e-07,resolved_min
1.7782794100e+00,3.107268248107e-01,1.647989e-07,resolved_min,4.662944237884e-01,3.007528e-07,resolved_min,4.662944240714e-01,3.007528e-07,resolved_min,3.107268151650e-01,3.050750e-05,resolved_min,3.107268248152e-01,1.648293e-07,resolved_min,4.662944240584e-01,3.007528e-07,resolved_min
1.9952623150e+00,3.107268208617e-01,1.719407e-07,resolved_min,4.662940160284e-01,3.343315e-07,resolved_min,4.662940160457e-01,3.343315e-07,resolved_min,3.107268131853e-01,2.721586e-05,resolved_min,3.107268208225e-01,1.719677e-07,resolved_min,4.662940160307e-01,3.343315e-07,resolved_min
2.2387211386e+00,3.107268166923e-01,1.791884e-07,resolved_min,4.662935848151e-01,3.714376e-07,resolved_min,4.662935848386e-01,3.714376e-07,resolved_min,3.107268105819e-01,2.428282e-05,resolved_min,3.107268166534e-01,1.792125e-07,resolved_min,4.662935849037e-01,3.714376e-07,resolved_min
2.5118864315e+00,3.107268122934e-01,1.865113e-07,resolved_min,4.662931292250e-01,4.123991e-07,resolved_min,4.662931292537e-01,4.123991e-07,resolved_min,3.107268074280e-01,2.166944e-05,resolved_min,3.107268122963e-01,1.865328e-07,resolved_min,4.662931292263e-01,4.123991e-07,resolved_min
2.8183829313e+00,3.107268076556e-01,1.938732e-07,resolved_min,4.662926480394e-01,4.575659e-07,resolved_min,4.662926480796e-01,4.575659e-07,resolved_min,3.107268037802e-01,1.934096e-05,resolved_min,3.107268076312e-01,1.938924e-07,resolved_min,4.662926480395e-01,4.575659e-07,resolved_min
3.1622776602e+00,3.107268027696e-01,2.012310e-07,resolved_min,4.662921400208e-01,5.073098e-07,resolved_min,4.662921400701e-01,5.073099e-07,resolved_min,3.107267996816e-01,1.726640e-05,resolved_min,3.107268027547e-01,2.012481e-07,resolved_min,4.662921400212e-01,5.073098e-07,resolved_min
3.5481338923e+00,3.107267976273e-01,2.085349e-07,resolved_min,4.662916038983e-01,5.620236e-07,resolved_min,4.662916039540e-01,5.620236e-07,resolved_min,3.107267951655e-01,1.541812e-05,resolved_min,3.107267976258e-01,2.085501e-07,resolved_min,4.662916038986e-01,5.620236e-07,resolved_min
3.9810717055e+00,3.107267922211e-01,2.157270e-07,resolved_min,4.662910383949e-01,6.221193e-07,resolved_min,4.662910384612e-01,6.221194e-07,resolved_min,3.107267902577e-01,1.377146e-05,resolved_min,3.107267922168e-01,2.157406e-07,resolved_min,4.662910384437e-01,6.221193e-07,resolved_min
4.4668359215e+00,3.107267865448e-01,2.227415e-07,resolved_min,4.662904422162e-01,6.880267e-07,resolved_min,4.662904423048e-01,6.880268e-07,resolved_min,3.107267849783e-01,1.230443e-05,resolved_min,3.107267865535e-01,2.227536e-07,resolved_min,4.662904422199e-01,6.880267e-07,resolved_min
5.0118723363e+00,3.107267805952e-01,2.295036e-07,resolved_min,4.662898141062e-01,7.601897e-07,resolved_min,4.662898142136e-01,7.601897e-07,resolved_min,3.107267793442e-01,1.099742e-05,resolved_min,3.107267805910e-01,2.295144e-07,resolved_min,4.662898140986e-01,7.601897e-07,resolved_min
5.6234132519e+00,3.107267743696e-01,2.359293e-07,resolved_min,4.662891528050e-01,8.390624e-07,resolved_min,4.662891526943e-01,8.390624e-07,resolved_min,3.107267733700e-01,9.832917e-06,resolved_min,3.107267743751e-01,2.359389e-07,resolved_min,4.662891528051e-01,8.390624e-07,resolved_min
6.3095734448e+00,3.107267678696e-01,2.419255e-07,resolved_min,4.662884571281e-01,9.251040e-07,resolved_min,4.662884573074e-01,9.251040e-07,resolved_min,3.107267670704e-01,8.795302e-06,resolved_min,3.107267678742e-01,2.419341e-07,resolved_min,4.662884571284e-01,9.251040e-07,resolved_min
7.0794578438e+00,3.107267611025e-01,2.473899e-07,resolved_min,4.662877259538e-01,1.018772e-06,resolved_min,4.662877261715e-01,1.018772e-06,resolved_min,3.107267604607e-01,7.870632e-06,resolved_min,3.107267611043e-01,2.473975e-07,resolved_min,4.662877259533e-01,1.018772e-06,resolved_min
7.9432823472e+00,3.107267540732e-01,2.522119e-07,resolved_min,4.662869582491e-01,1.120514e-06,resolved_min,4.662869585287e-01,1.120514e-06,resolved_min,3.107267535590e-01,7.046460e-06,resolved_min,3.107267540689e-01,2.522187e-07,resolved_min,4.662869582822e-01,1.120514e-06,resolved_min
8.9125093813e+00,3.107267467992e-01,2.562737e-07,resolved_min,4.662861531463e-01,1.230758e-06,resolved_min,4.662861535026e-01,1.230758e-06,resolved_min,3.107267463871e-01,6.311671e-06,resolved_min,3.107267468026e-01,2.562797e-07,resolved_min,4.662861531767e-01,1.230758e-06,resolved_min
1.0000000000e+01,3.107267393024e-01,2.594525e-07,resolved_min,4.662853099455e-01,1.349901e-06,resolved_min,4.662853103844e-01,1.349901e-06,resolved_min,3.107267389717e-01,5.656342e-06,resolved_min,3.107267393017e-01,2.594579e-07,resolved_min,4.662853099453e-01,1.349901e-06,resolved_min
1.1220184543e+01,3.107267316118e-01,2.616235e-07,resolved_min,4.662844281687e-01,1.478294e-06,resolved_min,4.662844287267e-01,1.478294e-06,resolved_min,3.107267313463e-01,5.071614e-06,resolved_min,3.107267316113e-01,2.616283e-07,resolved_min,4.662844281647e-01,1.478294e-06,resolved_min
1.2589254118e+01,3.107267237647e-01,2.626639e-07,resolved_min,4.662835076353e-01,1.616231e-06,resolved_min,4.662835083376e-01,1.616231e-06,resolved_min,3.107267235514e-01,4.549577e-06,resolved_min,3.107267237552e-01,2.626682e-07,resolved_min,4.662835076352e-01,1.616231e-06,resolved_min
1.4125375446e+01,3.107267158075e-01,2.624580e-07,resolved_min,4.662825485304e-01,1.763927e-06,resolved_min,4.662825494102e-01,1.763928e-06,resolved_min,3.107267156361e-01,4.083177e-06,resolved_min,3.107267157980e-01,2.624619e-07,resolved_min,4.662825485262e-01,1.763927e-06,resolved_min
1.5848931925e+01,3.107267077959e-01,2.609044e-07,resolved_min,4.662815514384e-01,1.921508e-06,resolved_min,4.662815525553e-01,1.921509e-06,resolved_min,3.107267076581e-01,3.666127e-06,resolved_min,3.107267077859e-01,2.609079e-07,resolved_min,4.662815514385e-01,1.921508e-06,resolved_min
1.7782794100e+01,3.107266997943e-01,2.579230e-07,resolved_min,4.662805174897e-01,2.088987e-06,resolved_min,4.662805188917e-01,2.088989e-06,resolved_min,3.107266996835e-01,3.292834e-06,resolved_min,3.107266997962e-01,2.579260e-07,resolved_min,4.662805174857e-01,2.088987e-06,resolved_min
1.9952623150e+01,3.107266918753e-01,2.534632e-07,resolved_min,4.662794483882e-01,2.266255e-06,resolved_min,4.662794501484e-01,2.266257e-06,resolved_min,3.107266917863e-01,2.958336e-06,resolved_min,3.107266918772e-01,2.534659e-07,resolved_min,4.662794483843e-01,2.266255e-06,resolved_min
2.2387211386e+01,3.107266841177e-01,2.475128e-07,resolved_min,4.662783465490e-01,2.453066e-06,resolved_min,4.662783487701e-01,2.453069e-06,resolved_min,3.107266840463e-01,2.658240e-06,resolved_min,3.107266841195e-01,2.475152e-07,resolved_min,4.662783465592e-01,2.453066e-06,resolved_min
2.5118864315e+01,3.107266766038e-01,2.401043e-07,resolved_min,4.662772151932e-01,2.649033e-06,resolved_min,4.662772178715e-01,2.649037e-06,resolved_min,3.107266765463e-01,2.388676e-06,resolved_min,3.107266766051e-01,2.401064e-07,resolved_min,4.662772152068e-01,2.649033e-06,resolved_min
2.8183829313e+01,3.107266694151e-01,2.313202e-07,resolved_min,4.662760584281e-01,2.853633e-06,resolved_min,4.662760619442e-01,2.853638e-06,resolved_min,3.107266693684e-01,2.146248e-06,resolved_min,3.107266694123e-01,2.313221e-07,resolved_min,4.662760583647e-01,2.853633e-06,resolved_min
3.1622776602e+01,3.107266626279e-01,2.212941e-07,resolved_min,4.662748813279e-01,3.066226e-06,resolved_min,4.662748857599e-01,3.066233e-06,resolved_min,3.107266625896e-01,1.927990e-06,resolved_min,3.107266626244e-01,2.212958e-07,resolved_min,4.662748813359e-01,3.066226e-06,resolved_min
3.5481338923e+01,3.107266563092e-01,2.102075e-07,resolved_min,4.662736900371e-01,3.286098e-06,resolved_min,4.662736956207e-01,3.286107e-06,resolved_min,3.107266562770e-01,1.731320e-06,resolved_min,3.107266563047e-01,2.102090e-07,resolved_min,4.662736900371e-01,3.286098e-06,resolved_min
3.9810717055e+01,3.107266505061e-01,1.982810e-07,resolved_min,4.662724917636e-01,3.512524e-06,resolved_min,4.662724987880e-01,3.512536e-06,resolved_min,3.107266504834e-01,1.553996e-06,resolved_min,3.107266505055e-01,1.982823e-07,resolved_min,4.662724917597e-01,3.512524e-06,resolved_min
4.4668359215e+01,3.107266452618e-01,1.857619e-07,resolved_min,4.662712948860e-01,3.744873e-06,resolved_min,4.662713036078e-01,3.744889e-06,resolved_min,3.107266452441e-01,1.394071e-06,resolved_min,3.107266452620e-01,1.857631e-07,resolved_min,4.662712947609e-01,3.744873e-06,resolved_min
5.0118723363e+01,3.107266405895e-01,1.729084e-07,resolved_min,4.662701082765e-01,3.982747e-06,resolved_min,4.662701194132e-01,3.982768e-06,resolved_min,3.107266405750e-01,1.249847e-06,resolved_min,3.107266405900e-01,1.729095e-07,resolved_min,4.662701082867e-01,3.982747e-06,resolved_min
5.6234132519e+01,3.107266364856e-01,1.599729e-07,resolved_min,4.662689423398e-01,4.226167e-06,resolved_min,4.662689563589e-01,4.226196e-06,resolved_min,3.107266364731e-01,1.119833e-06,resolved_min,3.107266364865e-01,1.599739e-07,resolved_min,4.662689423398e-01,4.226167e-06,resolved_min
6.3095734448e+01,3.107266329289e-01,1.471872e-07,resolved_min,4.662678075057e-01,4.475805e-06,resolved_min,4.662678251497e-01,4.475843e-06,resolved_min,3.107266329178e-01,1.002707e-06,resolved_min,3.107266329305e-01,1.471881e-07,resolved_min,4.662678075099e-01,4.475805e-06,resolved_min
7.0794578438e+01,3.107266298852e-01,1.347510e-07,resolved_min,4.662667144702e-01,4.733257e-06,resolved_min,4.662667366828e-01,4.733308e-06,resolved_min,3.107266298742e-01,8.972856e-07,resolved_min,3.107266298877e-01,1.347518e-07,resolved_min,4.662667144745e-01,4.733257e-06,resolved_min
7.9432823472e+01,3.107266273103e-01,1.228253e-07,resolved_min,4.662656735956e-01,5.001345e-06,resolved_min,4.662657015591e-01,5.001413e-06,resolved_min,3.107266272990e-01,8.024959e-07,resolved_min,3.107266273136e-01,1.228259e-07,resolved_min,4.662656735956e-01,5.001345e-06,resolved_min
8.9125093813e+01,3.107266251539e-01,1.115297e-07,resolved_min,4.662646942658e-01,5.284434e-06,resolved_min,4.662647295425e-01,5.284523e-06,resolved_min,3.107266251419e-01,7.173589e-07,resolved_min,3.107266251452e-01,1.115303e-07,resolved_min,4.662646943383e-01,5.284434e-06,resolved_min
1.0000000000e+02,3.107266233642e-01,1.009447e-07,resolved_min,4.662637847233e-01,5.588724e-06,resolved_min,4.662638290467e-01,5.588841e-06,resolved_min,3.107266233510e-01,6.409761e-07,resolved_min,3.107266233653e-01,1.009452e-07,resolved_min,4.662637847232e-01,5.588724e-06,resolved_min
1.1220184543e+02,3.107266218901e-01,9.111553e-08,resolved_min,4.662629507844e-01,5.922505e-06,resolved_min,4.662630065739e-01,5.922659e-06,resolved_min,3.107266218753e-01,5.725215e-07,resolved_min,3.107266219040e-01,9.111603e-08,resolved_min,4.662629507800e-01,5.922505e-06,resolved_min
1.2589254118e+02,3.107266206838e-01,8.205846e-08,resolved_min,4.662621961658e-01,6.296332e-06,resolved_min,4.662622664055e-01,6.296535e-06,resolved_min,3.107266206718e-01,5.112352e-07,resolved_min,3.107266207112e-01,8.205896e-08,resolved_min,4.662621961658e-01,6.296332e-06,resolved_min
1.4125375446e+02,3.107266197019e-01,7.376689e-08,resolved_min,4.662615219502e-01,6.723097e-06,resolved_min,4.662616103754e-01,6.723365e-06,resolved_min,3.107266196892e-01,4.564204e-07,resolved_min,3.107266196381e-01,7.376744e-08,resolved_min,4.662615219549e-01,6.723097e-06,resolved_min
1.5848931925e+02,3.107266188937e-01,6.621755e-08,resolved_min,4.662609266225e-01,7.217979e-06,resolved_min,4.662610379412e-01,7.218335e-06,resolved_min,3.107266188926e-01,4.074401e-07,resolved_min,3.107266188873e-01,6.621789e-08,resolved_min,4.662609266274e-01,7.217979e-06,resolved_min
1.7782794100e+02,3.107266182629e-01,5.937578e-08,resolved_min,4.662604063187e-01,7.798236e-06,resolved_min,4.662605464524e-01,7.798713e-06,resolved_min,3.107266182520e-01,3.637145e-07,resolved_min,3.107266182831e-01,5.937615e-08,resolved_min,4.662604063135e-01,7.798236e-06,resolved_min
1.9952623150e+02,3.107266177455e-01,5.319986e-08,resolved_min,4.662599551866e-01,8.482800e-06,resolved_min,4.662601316063e-01,8.483441e-06,resolved_min,3.107266177310e-01,3.247182e-07,resolved_min,3.107266177050e-01,5.320020e-08,resolved_min,4.662599551811e-01,8.482800e-06,resolved_min
2.2387211386e+02,3.107266173342e-01,4.764452e-08,resolved_min,4.662595658849e-01,9.291578e-06,resolved_min,4.662597879827e-01,9.292444e-06,resolved_min,3.107266173107e-01,2.899775e-07,resolved_min,3.107266173146e-01,4.764474e-08,resolved_min,4.662595658847e-01,9.291578e-06,resolved_min
2.5118864315e+02,3.107266170059e-01,4.266338e-08,resolved_min,4.662592300648e-01,1.024435e-05,resolved_min,4.662595096576e-01,1.024553e-05,resolved_min,3.107266169742e-01,2.590667e-07,resolved_min,3.107266169805e-01,4.266356e-08,resolved_min,4.662592300712e-01,1.024435e-05,resolved_min
2.8183829313e+02,3.107266167448e-01,3.821073e-08,resolved_min,4.662589387621e-01,1.135908e-05,resolved_min,4.662592907165e-01,1.136070e-05,resolved_min,3.107266167020e-01,2.316047e-07,resolved_min,3.107266167125e-01,3.821087e-08,resolved_min,4.662589387620e-01,1.135908e-05,resolved_min
3.1622776602e+02,3.107266165378e-01,3.424256e-08,resolved_min,4.662586826785e-01,1.264966e-05,resolved_min,4.662591257546e-01,1.265188e-05,resolved_min,3.107266165209e-01,2.072499e-07,resolved_min,3.107266164962e-01,3.424265e-08,resolved_min,4.662586826786e-01,1.264966e-05,resolved_min
3.5481338923e+02,3.107266163739e-01,3.071695e-08,resolved_min,4.662584524097e-01,1.412293e-05,resolved_min,4.662590101690e-01,1.412599e-05,resolved_min,3.107266163455e-01,1.856952e-07,resolved_min,3.107266163142e-01,3.071704e-08,resolved_min,4.662584524097e-01,1.412293e-05,resolved_min
3.9810717055e+02,3.107266162437e-01,2.759404e-08,resolved_min,4.662582383969e-01,1.577586e-05,resolved_min,4.662589405025e-01,1.578009e-05,resolved_min,3.107266161983e-01,1.666612e-07,resolved_min,3.107266161524e-01,2.759443e-08,resolved_min,4.662582383968e-01,1.577586e-05,resolved_min
4.4668359215e+02,3.107266161361e-01,2.483545e-08,resolved_min,4.662580308737e-01,1.759352e-05,resolved_min,4.662589146799e-01,1.759934e-05,resolved_min,3.107266160610e-01,1.498893e-07,resolved_min,3.107266161745e-01,2.483645e-08,resolved_min,4.662580308859e-01,1.759352e-05,resolved_min
5.0118723363e+02,3.107266160679e-01,2.240421e-08,resolved_min,4.662578196873e-01,1.954930e-05,resolved_min,4.662589321909e-01,1.955730e-05,resolved_min,3.107266160103e-01,1.351342e-07,resolved_min,3.107266157608e-01,2.241811e-08,resolved_min,4.662578196734e-01,1.954930e-05,resolved_min
5.6234132519e+02,3.107266159520e-01,2.026174e-08,resolved_min,4.662575939805e-01,2.160844e-05,resolved_min,4.662589943040e-01,2.161937e-05,resolved_min,3.107266159898e-01,1.221585e-07,resolved_min,3.107266157704e-01,2.026972e-08,resolved_min,4.662575939805e-01,2.160844e-05,resolved_min
6.3095734448e+02,3.107266157712e-01,1.837698e-08,resolved_min,4.662573419049e-01,2.373421e-05,resolved_min,4.662591045056e-01,2.374907e-05,resolved_min,3.107266159063e-01,1.107287e-07,resolved_min,3.107266158294e-01,1.837396e-08,resolved_min,4.662573419048e-01,2.373421e-05,resolved_min
7.0794578438e+02,3.107266158543e-01,1.670003e-08,resolved_min,4.662570502037e-01,2.589515e-05,resolved_min,4.662592686388e-01,2.591521e-05,resolved_min,3.107266157725e-01,1.006182e-07,resolved_min,3.107266158048e-01,1.670072e-08,resolved_min,4.662570501841e-01,2.589515e-05,resolved_min
7.9432823472e+02,3.107266153487e-01,1.529196e-08,resolved_min,4.662567034303e-01,2.807056e-05,resolved_min,4.662594954813e-01,2.809745e-05,resolved_min,3.107266158187e-01,9.160995e-08,resolved_min,3.107266153487e-01,1.529204e-08,resolved_min,4.662567034304e-01,2.807056e-05,resolved_min
8.9125093813e+02,3.107266155781e-01,1.388544e-08,resolved_min,4.662562834691e-01,3.025247e-05,resolved_min,4.662597971384e-01,3.028830e-05,resolved_min,3.107266158424e-01,8.350915e-08,resolved_min,3.107266155781e-01,1.388551e-08,resolved_min,4.662562834462e-01,3.025247e-05,resolved_min
1.0000000000e+03,3.107266157916e-01,1.264601e-08,resolved_min,4.662557682834e-01,3.244419e-05,resolved_min,4.662601897690e-01,3.249170e-05,resolved_min,3.107266158152e-01,7.614710e-08,seed_verified,3.107266157090e-01,1.264728e-08,seed_verified,4.662557682591e-01,3.244419e-05,seed_verified
