Bi,B,rho,cond_F2,sigma1,sigma2
0.0,0.5,-0.9746342992830775,78.45928205874138,44.24763891804983,4.9953731653208875
0.0,0.8,-0.9971668812268835,705.5461206955512,35.2819303146452,1.3282800006150919
0.0,0.95,-0.9998436787702889,12793.807396506614,32.505399954101975,0.2873793842323367
0.0,1.0,-1.0000000000000002,1.8377691208626458e+17,31.723039367484713,7.399959028231846e-08
0.0,1.05,-0.9998543121450517,13727.647013259231,30.998101395474105,0.26456783462761413
0.0,1.2,-0.99787293908684,939.9805936063449,29.108560941586536,0.9494263739708179
0.0,1.5,-0.9885358071720024,174.2994415537983,26.25684127158162,1.9888154309316823
0.05,0.5,-0.9744116389302662,77.78056586791263,43.34394646400837,4.914653478332188
0.05,0.8,-0.9971371752436832,698.2297497170568,34.53395901791262,1.3069145552732349
0.05,0.95,-0.9998419585237798,12654.555481354219,31.81298642764298,0.2828010340300687
0.05,1.0,-1.0000000000000002,1.8036007358842554e+17,31.04716706911209,7.310579036789006e-08
0.05,1.05,-0.9998526703039232,13574.673066735224,30.337954286167836,0.2603883821182248
0.05,1.2,-0.9978483437900647,929.2445118875677,28.491429329750478,0.9346504827460388
0.05,1.5,-0.9884002773840895,172.2765092976052,25.711544358407505,1.9589129240198884
0.2,0.5,-0.9738297325298401,76.06216521435518,40.86607191746462,4.685743947997879
0.2,0.8,-0.9970603018446786,679.9839900050195,32.50692628648315,1.246598392950131
0.2,0.95,-0.9998375257383135,12309.317284269657,29.94518472427431,0.26990443037676914
0.2,1.0,-1.0000000000000002,1.7414974911614234e+17,29.226588401952537,7.003525219504285e-08
0.2,1.05,-0.9998484512657364,13196.779906248117,28.56218856032437,0.24863227001260646
0.2,1.2,-0.9977853952813323,902.8549501885973,26.837839056905704,0.8931791003412528
0.2,1.5,-0.9880563108671762,167.35118518492877,24.26059550462453,1.8753704160382771
