Bi,tau_q,kappa2,norm_J_tq,norm_J_k2,norm_J_bi,rho,one_plus_rho,R_J,sigma1_2p,sigma2_2p,cond_F2,sigma1_3p,sigma2_3p,sigma3_3p,sigma1_over_sigma2,cond_F3
0.0,0.02,0.02,22.431233680795348,22.431233740331923,13.807420317955408,-0.9999999999999999,1.1102230246251565e-16,5.373331500170204e-09,31.722554934239653,7.410461225091442e-08,1.8325078253056486e+17,31.822910937358238,13.574523448928366,7.371815879544289e-08,2.3443114638304654,1.863506223297107e+17
0.001,0.02,0.02,22.421389412463814,22.421389473094383,13.779174187245752,-0.9999999999999999,1.1102230246251565e-16,5.373652676998573e-09,31.708633037227134,7.362238585008627e-08,1.8549630590536246e+17,31.808519792312026,13.546996678012633,7.346307306541268e-08,2.348012666448693,1.874773198676544e+17
0.002,0.02,0.02,22.411556897793666,22.411556957385528,13.750856163322997,-1.0000000000000002,-2.220446049250313e-16,5.383026444001028e-09,31.6947277608939,7.417311754843529e-08,1.8259168036152973e+17,31.794146851211895,13.519394922301407,7.376528723705017e-08,2.3517433312614244,1.8577628583563795e+17
0.005,0.02,0.02,22.382132939627304,22.382132999954656,13.666321573188277,-1.0,0.0,5.384997371923937e-09,31.653116000716402,7.378191910971077e-08,1.8404882285164723e+17,31.751153068343942,13.436977961103945,7.355232945951414e-08,2.362968307327294,1.8634860237788573e+17
0.01,0.02,0.02,22.33333403247342,22.333334091636814,13.526817035506005,-1.0000000000000002,-2.220446049250313e-16,5.387463341237867e-09,31.584103923567362,7.408305874860015e-08,1.817604166192609e+17,31.679905077317088,13.30090275353285,7.363013490384494e-08,2.3817860835726052,1.8512136798576477e+17
0.02,0.02,0.02,22.23662404438759,22.236624104958043,13.252920614698818,-0.9999999999999999,1.1102230246251565e-16,5.4029578777718325e-09,31.447335347794372,7.336787851789867e-08,1.837197226693971e+17,31.538903642850556,13.033509209078511,7.3285474634521e-08,2.419832075683967,1.8520699048806726e+17
0.05,0.02,0.02,21.953279584151982,21.953279643359163,12.470464253900133,-1.0,0.0,5.411523705628072e-09,31.046625768341908,7.282895775709025e-08,1.8172748814923254e+17,31.127157265484257,12.268069566035381,7.248998828334981e-08,2.537249817335645,1.843838422396504e+17
0.1,0.02,0.02,21.501838440222546,21.501838499558417,11.286795769827036,-0.9999999999999999,1.1102230246251565e-16,5.476229206334916e-09,30.408191580074675,7.191689649217487e-08,1.7878015540868013e+17,30.474571958116353,11.106319727519903,7.157192356367654e-08,2.743894710918923,1.8129667939088317e+17
0.15,0.02,0.02,21.073579057839254,21.0735791166725,10.236838163609875,-1.0,0.0,5.53128364588507e-09,29.802541352939294,7.115406364882372e-08,1.754313408037411e+17,29.858429770606502,10.072660935192626,7.088702631929642e-08,2.9643040664939746,1.774191168478664e+17
0.2,0.02,0.02,20.66581838540344,20.665818445721502,9.303632583699077,-0.9999999999999999,1.1102230246251565e-16,8.112555831660674e-09,29.225880680828105,1.1060996220149131e-07,6.981467585166196e+16,29.27371862179926,9.151998627304994,1.1027484042477927e-07,3.198614839654925,7.0469779433824536e+16
0.3,0.02,0.02,19.903332139739682,19.90333219694455,7.731023254527995,-1.0000000000000002,-2.220446049250313e-16,5.651876688389738e-09,28.147562288886125,6.849039381830161e-08,1.688971226500205e+17,28.18386743514665,7.597604870408648,6.818468697011988e-08,3.7095726766362804,1.7085491347052374e+17
0.5,0.02,0.02,18.54773742520546,18.547737480687967,5.462496758968984,-0.9999999999999999,1.1102230246251565e-16,5.810451827015256e-09,26.23046185729265,6.533078665506825e-08,1.612041061787992e+17,26.25309665747306,5.352655040445609,6.500702051943533e-08,4.904686825341819,1.6309496440006854e+17
