Bi,B,tau_q,kappa2,rho,one_plus_rho,R_J,cond_F2,sigma1,sigma2
0.0,0.2,0.02,0.004,-0.869271447276717,0.130728552723283,0.6337922268946808,15.230236020839541,70.46756031684298,18.056597575264156
0.0,0.4,0.02,0.008,-0.9564924947462228,0.04350750525377722,0.33666602889386255,45.61922761897874,49.356400076789214,7.3075115748061386
0.0,0.6,0.02,0.012,-0.985917468661123,0.014082531338877047,0.18575727503149203,141.61851613949156,40.507200211699434,3.4038640551272734
0.0,0.8,0.02,0.016,-0.9971676120663802,0.00283238793361984,0.08198732985048433,705.7280582815292,35.281216838183695,1.3280819162328314
0.0,0.9,0.02,0.018000000000000002,-0.9993501861679321,0.0006498138320678581,0.03905522921933333,3077.432859571418,33.3522585084814,0.6012165884970108
0.0,0.95,0.02,0.019,-0.9998437155323717,0.00015628446762827597,0.019108156193617363,12796.816702029171,32.50487384377712,0.28734094132842847
0.0,0.98,0.02,0.0196,-0.9999755398524441,2.4460147555860345e-05,0.007549527349081621,81765.30273994312,32.02819534155833,0.11200771668561126
0.0,0.99,0.02,0.0198,-0.9999939286318673,6.0713681326873825e-06,0.0037596712903138875,329414.6936998595,31.874200683040556,0.05553513335732652
0.0,1.0,0.02,0.02,-0.9999999999999999,1.1102230246251565e-16,5.373331500170204e-09,1.8325078253056486e+17,31.722554934239653,7.410461225091442e-08
0.0,1.01,0.02,0.0202,-0.9999940134744794,5.9865255206403845e-06,0.0037302308746663113,334083.2556125769,31.573201997608397,0.054624977807085084
0.0,1.02,0.02,0.0204,-0.9999762187439488,2.3781256051180755e-05,0.007431749927223832,84099.50512452117,31.42608710790981,0.10836613644714771
0.0,1.05,0.02,0.021,-0.9998543445532148,0.00014565544678524223,0.018370866936926532,13730.7012648896,30.997651109919516,0.2645345650642986
0.0,1.1,0.02,0.022000000000000002,-0.999435838587799,0.0005641614122009475,0.03608879074087531,3544.766528640674,30.323760304320505,0.5093182485652934
0.0,1.2,0.02,0.024,-0.9978733777341677,0.0021266222658322675,0.06983618206588854,940.1743245198342,29.10818223979838,0.9493161994975263
0.0,1.5,0.02,0.03,-0.9885378652776718,0.011462134722328154,0.16083220292740158,174.33053433282228,26.256528101987616,1.9886143463040526
0.0,2.0,0.02,0.04,-0.9621236758078213,0.03787632419217868,0.28924896494793456,52.93571951089724,23.155090813436644,3.18252686496465
0.05,0.2,0.02,0.004,-0.8686127134084909,0.1313872865915091,0.6362772398402728,15.16108472532368,69.19317065573784,17.770436452774415
0.05,0.4,0.02,0.008,-0.9561498981418789,0.043850101858121104,0.3384229609115631,45.26724933189424,48.37398857092304,7.189850249660765
0.05,0.6,0.02,0.012,-0.9857839228382476,0.014216077161752438,0.18685759069748065,140.29210059845448,39.66488225314316,3.3488026943399665
0.05,0.8,0.02,0.016,-0.9971379023178506,0.0028620976821494004,0.08250910897509235,698.4070066664252,34.53317510329196,1.3067190331621674
0.05,0.9,0.02,0.018000000000000002,-0.9993431333378369,0.0006568666621631358,0.03931006627039952,3044.395627243675,32.64233160293639,0.5916033541279503
0.05,0.95,0.02,0.019,-0.999841994952521,0.0001580050474789818,0.019234157341885886,12657.47291643646,31.812401097772227,0.2827632379077632
0.05,0.98,0.02,0.0196,-0.999975268467126,2.4731532873967232e-05,0.007599597398407198,80868.07767671178,31.34575187349596,0.11022754419566493
0.05,0.99,0.02,0.0198,-0.9999938611046176,6.138895382368226e-06,0.0037846519243558406,325791.17045858444,31.195030605026005,0.054653220847442986
0.05,1.0,0.02,0.02,-1.0,0.0,5.411523705628072e-09,1.8172748814923254e+17,31.046625768341908,7.282895775709025e-08
0.05,1.01,0.02,0.0202,-0.9999939465735643,6.053426435670417e-06,0.0037551037641264133,330391.05964536016,30.900480871032897,0.05375898922366704
0.05,1.02,0.02,0.0204,-0.9999759523740914,2.4047625908574233e-05,0.007481388949948035,83167.96135444728,30.756541981442055,0.10664966049812663
0.05,1.05,0.02,0.021,-0.9998527024211863,0.00014729757881370986,0.018494171854901702,13577.632797047461,30.337449828159034,0.2603556708412851
0.05,1.1,0.02,0.022000000000000002,-0.9994294154301279,0.0005705845698721346,0.03633280686734802,3504.869977630962,29.67854954589653,0.501310402487375
0.05,1.2,0.02,0.024,-0.9978487779243103,0.0021512220756897404,0.0703140504579869,929.4318832400471,28.491002161352665,0.934542254608266
0.05,1.5,0.02,0.03,-0.9884023047393911,0.011597695260608942,0.16195039528534297,172.3064171378166,25.711189645319056,1.9587158863259486
0.05,2.0,0.02,0.04,-0.961690980619268,0.038309019380731946,0.2911958992613234,52.362446082277486,22.701969388412206,3.137282093067384
0.2,0.2,0.02,0.004,-0.866867393416354,0.133132606583646,0.6428844182660696,14.981768116776445,65.62833914230016,16.955471774901596
0.2,0.4,0.02,0.008,-0.9552510712608951,0.044748928739104854,0.34303570419851553,44.37018241362283,45.66626132080878,6.855669146685167
0.2,0.6,0.02,0.012,-0.9854361230466646,0.014563876953335386,0.18972048495240668,136.95276421370454,37.36542222754822,3.1928939426271365
0.2,0.8,0.02,0.016,-0.997061015056405,0.0029389849435950133,0.08385697455072427,680.1488751598492,32.505939349151824,1.246409437248452
0.2,0.9,0.02,0.018000000000000002,-0.9993249332964865,0.0006750667035134716,0.03996631879130649,2962.332528927391,30.724434171007452,0.5645039560281673
0.2,0.95,0.02,0.019,-0.9998375611599468,0.00016243884005318066,0.01955815489329433,12312.001334238512,29.94442572253599,0.26986816846924366
0.2,0.98,0.02,0.0196,-0.9999745697164403,2.543028355972421e-05,0.00772823464720454,78646.0734416836,29.506418099863726,0.10521507515386153
0.2,0.99,0.02,0.0198,-0.9999936872827534,6.312717246603761e-06,0.003848813356821804,316820.4659679754,29.365040419354447,0.05217037864415273
0.2,1.0,0.02,0.02,-0.9999999999999999,1.1102230246251565e-16,8.112555831660674e-09,6.981467585166196e+16,29.225880680828105,1.1060996220149131e-07
0.2,1.01,0.02,0.0202,-0.9999937744595346,6.225540465365498e-06,0.0038189525708404145,321256.9406773154,29.088884432174563,0.051321673165731316
0.2,1.02,0.02,0.0204,-0.9999752672783018,2.4732721698228488e-05,0.007608777082639226,80864.2286943593,28.9539998508134,0.10181935547405661
0.2,1.05,0.02,0.021,-0.9998484823028552,0.00015151769714483176,0.01881034853640461,13199.483009240947,28.5615241256705,0.24860102691336874
0.2,1.1,0.02,0.022000000000000002,-0.9994129313310978,0.0005870686689022353,0.03695765307769154,3406.4781298881308,27.94526927972795,0.4788014933767353
0.2,1.2,0.02,0.024,-0.9977858128041063,0.0022141871958937243,0.07153454119326459,903.0250342722518,26.837267681863857,0.8930759676681804
0.2,1.5,0.02,0.03,-0.9880582336801367,0.011941766319863323,0.16478434861698513,167.37791919629697,24.2601160536873,1.8751835815595363
0.2,2.0,0.02,0.04,-0.9606113110022348,0.03938868899776515,0.2960606117991996,50.9914596468892,21.50824872380243,3.0120094359786163
