chi,eta,runtime_s,worst_cond_P,pass_alpha_mean,stop_alpha_peak,n_gaps
0.0,0.2,0.363,9.38943,0.0038134634314715425,4.475178871341881,0
0.1,0.2,0.216,9.38943,0.00040662489898929036,4.52280801989545,0
0.2,0.2,0.22,9.38943,0.00025551919658865037,4.199874413635779,1
0.3,0.2,0.215,9.38943,0.00012082237514538466,5.655898806965972,1
0.4,0.2,0.204,9.38943,8.39809751527418e-05,6.141649824280234,1
0.5,0.2,0.186,9.38943,4.0013795450262365e-05,7.9058867884906405,1
0.6,0.2,0.193,9.38943,0.0004782784229392889,8.439158129422333,1
0.7,0.2,0.174,9.38943,0.0002263701052014058,4.088049695443379,1
0.8,0.2,0.166,9.38943,0.00021673094698442652,4.945877054616742,0
0.9,0.2,0.176,9.38943,1.8153472706632735e-05,4.015444750520017,1
1.0,0.2,0.174,9.38943,1.3750783605263668e-05,4.613221272580234,2
0.0,0.26,0.17,9.38943,0.0037932635528034483,4.103632392627471,0
0.1,0.26,0.177,9.38943,0.00016622039883299665,4.2257267323133085,0
0.2,0.26,0.218,9.38943,0.00015156192202067854,4.837340957214805,1
0.3,0.26,0.251,9.38943,0.0001455501747598646,6.12358362096068,1
0.4,0.26,0.238,9.38943,0.00014879101282233757,5.868542069399074,1
0.5,0.26,0.232,9.38943,9.63344562504462e-06,6.499060380110135,1
0.6,0.26,0.232,9.38943,8.733054523922816e-05,8.726527598290023,1
0.7,0.26,0.226,9.38943,1.5279266469376482e-05,5.6985546128467925,1
0.8,0.26,0.214,9.38943,1.0656240904841447e-05,3.7966226503695744,1
0.9,0.26,0.254,9.38943,2.009212767388381e-05,4.0727313991565,1
1.0,0.26,0.251,9.38943,1.6577831669583228e-05,4.7589081247676726,2
0.0,0.32,0.234,9.38943,0.004459380580555888,3.9433468426553455,0
0.1,0.32,0.216,9.38943,9.723617868362802e-06,4.223831716258445,0
0.2,0.32,0.216,9.38943,1.0787991062910661e-05,3.752948828901267,1
0.3,0.32,0.209,9.38943,2.0104821098951976e-05,6.221798310229521,1
0.4,0.32,0.213,9.38943,1.0332061295483878e-05,5.413439291904158,1
0.5,0.32,0.224,9.38943,0.00037598231318927494,6.308702070654602,1
0.6,0.32,0.226,9.38943,4.983637292836416e-05,7.237279510232953,1
0.7,0.32,0.226,9.38943,1.1667299655548547e-05,7.636929279283552,1
0.8,0.32,0.223,9.38943,1.2380985028320778e-05,4.080895317476913,1
0.9,0.32,0.224,9.38943,1.4673645569029406e-05,4.117986291435697,1
1.0,0.32,0.226,9.38943,1.5439980138063446e-05,4.8611367560342265,2
0.0,0.38,0.229,9.38943,0.0019502546479614037,3.5818793632919617,0
0.1,0.38,0.235,9.38943,0.0006989916578790936,3.4951034193273083,0
0.2,0.38,0.234,9.38943,9.700445121893734e-06,4.037963713414276,0
0.3,0.38,0.235,9.38943,1.1352192027388796e-05,4.586374861810569,1
0.4,0.38,0.19,9.38943,0.00018106667195344348,5.89480980746934,1
0.5,0.38,0.173,9.38943,0.0001011065158676564,5.983349374411737,1
0.6,0.38,0.165,9.38943,0.00017644925818717207,6.408079109290063,1
0.7,0.38,0.165,9.38943,1.078324470123924e-05,6.524992920204988,1
0.8,0.38,0.175,9.38943,1.3538599056417197e-05,5.2397202297561005,1
0.9,0.38,0.169,9.38943,3.323525334598661e-05,4.141841511161782,2
1.0,0.38,0.164,9.38943,1.3470909857077787e-05,4.918080565517392,2
0.0,0.44,0.16,9.38943,0.003483675931633548,5.339513578499745,0
0.1,0.44,0.174,9.38943,0.0007073726331688828,4.260726467054442,0
0.2,0.44,0.21,9.38943,9.819967617527102e-06,4.064466516659643,1
0.3,0.44,0.194,9.38943,1.1045835306465432e-05,4.0265331107373825,1
0.4,0.44,0.205,9.38943,0.00022144519106313885,4.507315030455366,1
0.5,0.44,0.21,9.38943,0.0002422910719839701,5.622194746736781,1
0.6,0.44,0.22,9.38943,6.665940684650664e-05,6.624247061471743,1
0.7,0.44,0.225,9.38943,1.595269991580725e-05,7.168374999856359,1
0.8,0.44,0.23,9.38943,1.3157553324154648e-05,10.915800396527759,1
0.9,0.44,0.245,9.38943,1.5933097581267216e-05,4.143500145950149,2
1.0,0.44,0.217,9.38943,1.4286576070656155e-05,4.934312566877107,2
0.0,0.5,0.226,9.38943,0.0036610469158088704,4.810148599363524,0
0.1,0.5,0.219,9.38943,0.0006928795203572718,3.521376706731596,0
0.2,0.5,0.229,9.38943,3.0931241867509696e-05,3.334204111577454,1
0.3,0.5,0.223,9.38943,0.00018032855141224177,3.947140740919531,1
0.4,0.5,0.228,9.38943,0.00018847609886775158,5.46776684275746,1
0.5,0.5,0.229,9.38943,0.0005710508317278413,5.482356525735238,1
0.6,0.5,0.223,9.38943,1.3224199690321906e-05,6.20308806605004,1
0.7,0.5,0.217,9.38943,1.2392818674707742e-05,5.810383846393161,1
0.8,0.5,0.224,9.38943,1.5613523962217893e-05,7.079768015846078,1
0.9,0.5,0.221,9.38943,0.00020818513993020796,4.599267491892776,1
1.0,0.5,0.225,9.38943,0.0002187693117112283,4.914548407818542,2
0.0,0.56,0.209,9.38943,0.002803027800037352,3.3090542652102295,0
0.1,0.56,0.213,9.38943,0.0008780868317256022,3.2043331961306167,0
0.2,0.56,0.218,9.38943,0.00021797463941761078,4.729255876988886,1
0.3,0.56,0.221,9.38943,0.0002070802436574648,4.558777754397771,1
0.4,0.56,0.227,9.38943,0.00024588323577994436,4.712148529162704,1
0.5,0.56,0.207,9.38943,0.0002680593087120801,5.182657825787778,1
0.6,0.56,0.208,9.38943,0.00014601165995780488,4.95513900906926,1
0.7,0.56,0.208,9.38943,0.00017633112127115566,5.551579612222234,1
0.8,0.56,0.208,9.38943,1.326087239936143e-05,8.511516429258856,1
0.9,0.56,0.207,9.38943,1.4813673856356945e-05,5.84452603095992,1
1.0,0.56,0.211,9.38943,2.3193653279032727e-05,4.861139289455958,2
0.0,0.62,0.202,9.38943,0.003355236932979157,4.1682855445764755,0
0.1,0.62,0.207,9.38943,0.000629035267296964,4.39261902943307,0
0.2,0.62,0.206,9.38943,1.0766618683867709e-05,3.180024888330459,1
0.3,0.62,0.212,9.38943,1.3897576993985218e-05,3.2181989393205233,1
0.4,0.62,0.224,9.38943,0.00038652050052797877,3.686774739721392,1
0.5,0.62,0.211,9.38943,0.00018054209633529053,4.783596200239653,1
0.6,0.62,0.208,9.38943,1.6431543772202344e-05,4.7471364842311745,1
0.7,0.62,0.191,9.38943,1.857649743943186e-05,5.508273666433474,1
0.8,0.62,0.197,9.38943,0.000395254835302429,5.0583955272143895,2
0.9,0.62,0.189,9.38943,2.031392558690285e-05,7.969455866091111,1
1.0,0.62,0.184,9.38943,1.993907836623288e-05,4.773675078456121,2
0.0,0.68,0.205,9.38943,0.005192854731565052,3.707816208041029,0
0.1,0.68,0.209,9.38943,0.0003047178283429502,3.5620503451479024,0
0.2,0.68,0.209,9.38943,0.0006614749173467845,3.1686944255336416,1
0.3,0.68,0.215,9.38943,0.00020602620752135069,4.395863834722824,1
0.4,0.68,0.22,9.38943,1.2408051360863567e-05,3.5055609361219435,1
0.5,0.68,0.217,9.38943,0.00017453633490686842,3.9779421224995657,1
0.6,0.68,0.224,9.38943,5.756965290298261e-05,4.865086343948991,1
0.7,0.68,0.22,9.38943,1.5042227648812791e-05,6.786897400651896,1
0.8,0.68,0.263,9.38943,1.1176292719562152e-05,5.640940752109802,1
0.9,0.68,0.218,9.38943,0.0005050930989848527,5.959614912486521,2
1.0,0.68,0.223,9.38943,2.062504325670031e-05,4.647859353686488,2
0.0,0.74,0.247,9.38943,0.0040341611821046175,4.122187649612984,2
0.1,0.74,0.257,9.38943,0.00024072556320674164,4.298623138682593,0
0.2,0.74,0.237,9.38943,0.0006011340209804142,5.592141735746544,0
0.3,0.74,0.223,9.38943,0.0002613710106790717,3.4728831378674396,1
0.4,0.74,0.23,9.38943,0.0002555536817799372,3.429404485934868,1
0.5,0.74,0.256,9.38943,0.0003183600702132824,3.6764835985653024,1
0.6,0.74,0.189,9.38943,0.0003955201930404206,5.0520467281293335,1
0.7,0.74,0.319,9.38943,1.6238147544538093e-05,4.838871647385185,1
0.8,0.74,0.236,9.38943,0.00022049143477500147,4.802600898040813,1
0.9,0.74,0.245,9.38943,0.00014628918483112303,6.544915679460559,1
1.0,0.74,0.233,9.38943,1.92657563721223e-05,4.47816678698533,2
0.0,0.8,0.229,9.38943,0.005281115786794185,3.721134247295796,1
0.1,0.8,0.234,9.38943,0.00013181901827897884,5.17842078784393,0
0.2,0.8,0.228,9.38943,0.0006695080608131748,5.036990379260454,0
0.3,0.8,0.227,9.38943,0.0006560112417604058,3.73681621638288,0
0.4,0.8,0.233,9.38943,0.00025315484400829105,3.5353514542301756,1
0.5,0.8,0.23,9.38943,7.644082127404655e-05,3.8813643979255645,1
0.6,0.8,0.231,9.38943,0.0002595343972626302,3.50869915667223,1
0.7,0.8,0.237,9.38943,0.0004930009448628457,4.8016494465752,1
0.8,0.8,0.241,9.38943,0.0004395497754711185,5.324457398517899,2
0.9,0.8,0.23,9.38943,4.66331435246698e-05,7.902318322586412,3
1.0,0.8,0.21,9.38943,1.2707450658206303e-05,4.252409427076205,2
